configuration_path,shape_and_values,optional,constraints,source
$.$schema,"{""type"":[""string"",""null""]}",yes; conditional core requirements still apply,,https://github.com/SagerNet/sing-box/blob/v1.13.21/option/options.go#L14
$.certificate,"{""$ref"":""#/$defs/CertificateOptions""}",yes; conditional core requirements still apply,,https://github.com/SagerNet/sing-box/blob/v1.13.21/option/options.go#L18
$.certificate (CertificateOptions).certificate,"{""anyOf"":[{""type"":""string""},{""items"":{""type"":""string""},""type"":""array""}]}",yes; conditional core requirements still apply,,https://github.com/SagerNet/sing-box/blob/v1.13.21/option/certificate.go#L11
$.certificate (CertificateOptions).certificate_directory_path,"{""anyOf"":[{""type"":""string""},{""items"":{""type"":""string""},""type"":""array""}]}",yes; conditional core requirements still apply,,https://github.com/SagerNet/sing-box/blob/v1.13.21/option/certificate.go#L13
$.certificate (CertificateOptions).certificate_path,"{""anyOf"":[{""type"":""string""},{""items"":{""type"":""string""},""type"":""array""}]}",yes; conditional core requirements still apply,,https://github.com/SagerNet/sing-box/blob/v1.13.21/option/certificate.go#L12
$.certificate (CertificateOptions).store,"{""enum"":["""",""system"",""mozilla"",""none""],""type"":""string""}",yes; conditional core requirements still apply,,https://github.com/SagerNet/sing-box/blob/v1.13.21/option/certificate.go#L10
$.dns,"{""$ref"":""#/$defs/DNSOptions""}",yes; conditional core requirements still apply,,https://github.com/SagerNet/sing-box/blob/v1.13.21/option/options.go#L16
$.dns (DNSOptions).cache_capacity,"{""maximum"":4294967295,""minimum"":0,""type"":""integer""}",yes; conditional core requirements still apply,,https://github.com/SagerNet/sing-box/blob/v1.13.21/option/dns.go#L110
$.dns (DNSOptions).client_subnet,"{""type"":""string""}",yes; conditional core requirements still apply,,https://github.com/SagerNet/sing-box/blob/v1.13.21/option/dns.go#L111
$.dns (DNSOptions).disable_cache,"{""type"":""boolean""}",yes; conditional core requirements still apply,,https://github.com/SagerNet/sing-box/blob/v1.13.21/option/dns.go#L107
$.dns (DNSOptions).disable_expire,"{""type"":""boolean""}",yes; conditional core requirements still apply,,https://github.com/SagerNet/sing-box/blob/v1.13.21/option/dns.go#L108
$.dns (DNSOptions).fakeip,"{""$ref"":""#/$defs/LegacyDNSFakeIPOptions""}",yes; conditional core requirements still apply,,https://github.com/SagerNet/sing-box/blob/v1.13.21/option/dns.go#L30
$.dns (DNSOptions).fakeip (LegacyDNSFakeIPOptions).enabled,"{""type"":""boolean""}",yes; conditional core requirements still apply,,https://github.com/SagerNet/sing-box/blob/v1.13.21/option/dns.go#L115
$.dns (DNSOptions).fakeip (LegacyDNSFakeIPOptions).inet4_range,"{""type"":""string""}",yes; conditional core requirements still apply,,https://github.com/SagerNet/sing-box/blob/v1.13.21/option/dns.go#L116
$.dns (DNSOptions).fakeip (LegacyDNSFakeIPOptions).inet6_range,"{""type"":""string""}",yes; conditional core requirements still apply,,https://github.com/SagerNet/sing-box/blob/v1.13.21/option/dns.go#L117
$.dns (DNSOptions).final,"{""type"":""string""}",yes; conditional core requirements still apply,,https://github.com/SagerNet/sing-box/blob/v1.13.21/option/dns.go#L24
$.dns (DNSOptions).independent_cache,"{""type"":""boolean""}",yes; conditional core requirements still apply,,https://github.com/SagerNet/sing-box/blob/v1.13.21/option/dns.go#L109
$.dns (DNSOptions).reverse_mapping,"{""type"":""boolean""}",yes; conditional core requirements still apply,,https://github.com/SagerNet/sing-box/blob/v1.13.21/option/dns.go#L25
$.dns (DNSOptions).rules,"{""items"":{""$ref"":""#/$defs/DNSRule""},""type"":""array""}",yes; conditional core requirements still apply,,https://github.com/SagerNet/sing-box/blob/v1.13.21/option/dns.go#L23
$.dns (DNSOptions).rules[] (DNSRule){oneOf:0}{allOf:0}.auth_user,"{""anyOf"":[{""type"":""string""},{""items"":{""type"":""string""},""type"":""array""}]}",yes; conditional core requirements still apply,,https://github.com/SagerNet/sing-box/blob/v1.13.21/option/rule_dns.go#L75
$.dns (DNSOptions).rules[] (DNSRule){oneOf:0}{allOf:0}.clash_mode,"{""type"":""string""}",yes; conditional core requirements still apply,,https://github.com/SagerNet/sing-box/blob/v1.13.21/option/rule_dns.go#L100
$.dns (DNSOptions).rules[] (DNSRule){oneOf:0}{allOf:0}.default_interface_address,"{""anyOf"":[{""type"":""string""},{""items"":{""type"":""string""},""type"":""array""}]}",yes; conditional core requirements still apply,,https://github.com/SagerNet/sing-box/blob/v1.13.21/option/rule_dns.go#L108
$.dns (DNSOptions).rules[] (DNSRule){oneOf:0}{allOf:0}.domain,"{""anyOf"":[{""type"":""string""},{""items"":{""type"":""string""},""type"":""array""}]}",yes; conditional core requirements still apply,,https://github.com/SagerNet/sing-box/blob/v1.13.21/option/rule_dns.go#L77
$.dns (DNSOptions).rules[] (DNSRule){oneOf:0}{allOf:0}.domain_keyword,"{""anyOf"":[{""type"":""string""},{""items"":{""type"":""string""},""type"":""array""}]}",yes; conditional core requirements still apply,,https://github.com/SagerNet/sing-box/blob/v1.13.21/option/rule_dns.go#L79
$.dns (DNSOptions).rules[] (DNSRule){oneOf:0}{allOf:0}.domain_regex,"{""anyOf"":[{""type"":""string""},{""items"":{""type"":""string""},""type"":""array""}]}",yes; conditional core requirements still apply,,https://github.com/SagerNet/sing-box/blob/v1.13.21/option/rule_dns.go#L80
$.dns (DNSOptions).rules[] (DNSRule){oneOf:0}{allOf:0}.domain_suffix,"{""anyOf"":[{""type"":""string""},{""items"":{""type"":""string""},""type"":""array""}]}",yes; conditional core requirements still apply,,https://github.com/SagerNet/sing-box/blob/v1.13.21/option/rule_dns.go#L78
$.dns (DNSOptions).rules[] (DNSRule){oneOf:0}{allOf:0}.inbound,"{""anyOf"":[{""type"":""string""},{""items"":{""type"":""string""},""type"":""array""}]}",yes; conditional core requirements still apply,,https://github.com/SagerNet/sing-box/blob/v1.13.21/option/rule_dns.go#L71
$.dns (DNSOptions).rules[] (DNSRule){oneOf:0}{allOf:0}.interface_address,"{""additionalProperties"":{""anyOf"":[{""type"":""string""},{""items"":{""type"":""string""},""type"":""array""}]},""type"":""object""}",yes; conditional core requirements still apply,,https://github.com/SagerNet/sing-box/blob/v1.13.21/option/rule_dns.go#L106
$.dns (DNSOptions).rules[] (DNSRule){oneOf:0}{allOf:0}.invert,"{""type"":""boolean""}",yes; conditional core requirements still apply,,https://github.com/SagerNet/sing-box/blob/v1.13.21/option/rule_dns.go#L112
$.dns (DNSOptions).rules[] (DNSRule){oneOf:0}{allOf:0}.ip_accept_any,"{""type"":""boolean""}",yes; conditional core requirements still apply,,https://github.com/SagerNet/sing-box/blob/v1.13.21/option/rule_dns.go#L86
$.dns (DNSOptions).rules[] (DNSRule){oneOf:0}{allOf:0}.ip_cidr,"{""anyOf"":[{""type"":""string""},{""items"":{""type"":""string""},""type"":""array""}]}",yes; conditional core requirements still apply,,https://github.com/SagerNet/sing-box/blob/v1.13.21/option/rule_dns.go#L84
$.dns (DNSOptions).rules[] (DNSRule){oneOf:0}{allOf:0}.ip_is_private,"{""type"":""boolean""}",yes; conditional core requirements still apply,,https://github.com/SagerNet/sing-box/blob/v1.13.21/option/rule_dns.go#L85
$.dns (DNSOptions).rules[] (DNSRule){oneOf:0}{allOf:0}.ip_version,"{""enum"":[0,4,6],""type"":""integer""}",yes; conditional core requirements still apply,,https://github.com/SagerNet/sing-box/blob/v1.13.21/option/rule_dns.go#L72
$.dns (DNSOptions).rules[] (DNSRule){oneOf:0}{allOf:0}.network,"{""anyOf"":[{""enum"":[""tcp"",""udp""],""type"":""string""},{""items"":{""enum"":[""tcp"",""udp""],""type"":""string""},""type"":""array""}]}",yes; conditional core requirements still apply,,https://github.com/SagerNet/sing-box/blob/v1.13.21/option/rule_dns.go#L74
$.dns (DNSOptions).rules[] (DNSRule){oneOf:0}{allOf:0}.network_interface_address,"{""additionalProperties"":{""anyOf"":[{""type"":""string""},{""items"":{""type"":""string""},""type"":""array""}]},""propertyNames"":{""$ref"":""#/$defs/InterfaceType""},""type"":""object""}",yes; conditional core requirements still apply,,https://github.com/SagerNet/sing-box/blob/v1.13.21/option/rule_dns.go#L107
$.dns (DNSOptions).rules[] (DNSRule){oneOf:0}{allOf:0}.network_is_constrained,"{""type"":""boolean""}",yes; conditional core requirements still apply,,https://github.com/SagerNet/sing-box/blob/v1.13.21/option/rule_dns.go#L103
$.dns (DNSOptions).rules[] (DNSRule){oneOf:0}{allOf:0}.network_is_expensive,"{""type"":""boolean""}",yes; conditional core requirements still apply,,https://github.com/SagerNet/sing-box/blob/v1.13.21/option/rule_dns.go#L102
$.dns (DNSOptions).rules[] (DNSRule){oneOf:0}{allOf:0}.network_type,"{""anyOf"":[{""$ref"":""#/$defs/InterfaceType""},{""items"":{""$ref"":""#/$defs/InterfaceType""},""type"":""array""}]}",yes; conditional core requirements still apply,,https://github.com/SagerNet/sing-box/blob/v1.13.21/option/rule_dns.go#L101
$.dns (DNSOptions).rules[] (DNSRule){oneOf:0}{allOf:0}.outbound,"{""anyOf"":[{""type"":""string""},{""items"":{""type"":""string""},""type"":""array""}]}",yes; conditional core requirements still apply,,https://github.com/SagerNet/sing-box/blob/v1.13.21/option/rule_dns.go#L99
$.dns (DNSOptions).rules[] (DNSRule){oneOf:0}{allOf:0}.package_name,"{""anyOf"":[{""type"":""string""},{""items"":{""type"":""string""},""type"":""array""}]}",yes; conditional core requirements still apply,,https://github.com/SagerNet/sing-box/blob/v1.13.21/option/rule_dns.go#L96
$.dns (DNSOptions).rules[] (DNSRule){oneOf:0}{allOf:0}.port,"{""anyOf"":[{""maximum"":65535,""minimum"":0,""type"":""integer""},{""items"":{""maximum"":65535,""minimum"":0,""type"":""integer""},""type"":""array""}]}",yes; conditional core requirements still apply,,https://github.com/SagerNet/sing-box/blob/v1.13.21/option/rule_dns.go#L91
$.dns (DNSOptions).rules[] (DNSRule){oneOf:0}{allOf:0}.port_range,"{""anyOf"":[{""type"":""string""},{""items"":{""type"":""string""},""type"":""array""}]}",yes; conditional core requirements still apply,,https://github.com/SagerNet/sing-box/blob/v1.13.21/option/rule_dns.go#L92
$.dns (DNSOptions).rules[] (DNSRule){oneOf:0}{allOf:0}.process_name,"{""anyOf"":[{""type"":""string""},{""items"":{""type"":""string""},""type"":""array""}]}",yes; conditional core requirements still apply,,https://github.com/SagerNet/sing-box/blob/v1.13.21/option/rule_dns.go#L93
$.dns (DNSOptions).rules[] (DNSRule){oneOf:0}{allOf:0}.process_path,"{""anyOf"":[{""type"":""string""},{""items"":{""type"":""string""},""type"":""array""}]}",yes; conditional core requirements still apply,,https://github.com/SagerNet/sing-box/blob/v1.13.21/option/rule_dns.go#L94
$.dns (DNSOptions).rules[] (DNSRule){oneOf:0}{allOf:0}.process_path_regex,"{""anyOf"":[{""type"":""string""},{""items"":{""type"":""string""},""type"":""array""}]}",yes; conditional core requirements still apply,,https://github.com/SagerNet/sing-box/blob/v1.13.21/option/rule_dns.go#L95
$.dns (DNSOptions).rules[] (DNSRule){oneOf:0}{allOf:0}.protocol,"{""anyOf"":[{""type"":""string""},{""items"":{""type"":""string""},""type"":""array""}]}",yes; conditional core requirements still apply,,https://github.com/SagerNet/sing-box/blob/v1.13.21/option/rule_dns.go#L76
$.dns (DNSOptions).rules[] (DNSRule){oneOf:0}{allOf:0}.query_type,"{""anyOf"":[{""$ref"":""#/$defs/DNSQueryType""},{""items"":{""$ref"":""#/$defs/DNSQueryType""},""type"":""array""}]}",yes; conditional core requirements still apply,,https://github.com/SagerNet/sing-box/blob/v1.13.21/option/rule_dns.go#L73
$.dns (DNSOptions).rules[] (DNSRule){oneOf:0}{allOf:0}.rule_set,"{""anyOf"":[{""type"":""string""},{""items"":{""type"":""string""},""type"":""array""}]}",yes; conditional core requirements still apply,,https://github.com/SagerNet/sing-box/blob/v1.13.21/option/rule_dns.go#L109
$.dns (DNSOptions).rules[] (DNSRule){oneOf:0}{allOf:0}.rule_set_ip_cidr_accept_empty,"{""type"":""boolean""}",yes; conditional core requirements still apply,,https://github.com/SagerNet/sing-box/blob/v1.13.21/option/rule_dns.go#L111
$.dns (DNSOptions).rules[] (DNSRule){oneOf:0}{allOf:0}.rule_set_ip_cidr_match_source,"{""type"":""boolean""}",yes; conditional core requirements still apply,,https://github.com/SagerNet/sing-box/blob/v1.13.21/option/rule_dns.go#L110
$.dns (DNSOptions).rules[] (DNSRule){oneOf:0}{allOf:0}.source_ip_cidr,"{""anyOf"":[{""type"":""string""},{""items"":{""type"":""string""},""type"":""array""}]}",yes; conditional core requirements still apply,,https://github.com/SagerNet/sing-box/blob/v1.13.21/option/rule_dns.go#L87
$.dns (DNSOptions).rules[] (DNSRule){oneOf:0}{allOf:0}.source_ip_is_private,"{""type"":""boolean""}",yes; conditional core requirements still apply,,https://github.com/SagerNet/sing-box/blob/v1.13.21/option/rule_dns.go#L88
$.dns (DNSOptions).rules[] (DNSRule){oneOf:0}{allOf:0}.source_port,"{""anyOf"":[{""maximum"":65535,""minimum"":0,""type"":""integer""},{""items"":{""maximum"":65535,""minimum"":0,""type"":""integer""},""type"":""array""}]}",yes; conditional core requirements still apply,,https://github.com/SagerNet/sing-box/blob/v1.13.21/option/rule_dns.go#L89
$.dns (DNSOptions).rules[] (DNSRule){oneOf:0}{allOf:0}.source_port_range,"{""anyOf"":[{""type"":""string""},{""items"":{""type"":""string""},""type"":""array""}]}",yes; conditional core requirements still apply,,https://github.com/SagerNet/sing-box/blob/v1.13.21/option/rule_dns.go#L90
$.dns (DNSOptions).rules[] (DNSRule){oneOf:0}{allOf:0}.type,"{""enum"":["""",""default""]}",yes; conditional core requirements still apply,,https://github.com/SagerNet/sing-box/blob/v1.13.21/option/dns.go#L23
$.dns (DNSOptions).rules[] (DNSRule){oneOf:0}{allOf:0}.user,"{""anyOf"":[{""type"":""string""},{""items"":{""type"":""string""},""type"":""array""}]}",yes; conditional core requirements still apply,,https://github.com/SagerNet/sing-box/blob/v1.13.21/option/rule_dns.go#L97
$.dns (DNSOptions).rules[] (DNSRule){oneOf:0}{allOf:0}.user_id,"{""anyOf"":[{""maximum"":2147483647,""minimum"":-2147483648,""type"":""integer""},{""items"":{""maximum"":2147483647,""minimum"":-2147483648,""type"":""integer""},""type"":""array""}]}",yes; conditional core requirements still apply,,https://github.com/SagerNet/sing-box/blob/v1.13.21/option/rule_dns.go#L98
$.dns (DNSOptions).rules[] (DNSRule){oneOf:0}{allOf:0}.wifi_bssid,"{""anyOf"":[{""type"":""string""},{""items"":{""type"":""string""},""type"":""array""}]}",yes; conditional core requirements still apply,,https://github.com/SagerNet/sing-box/blob/v1.13.21/option/rule_dns.go#L105
$.dns (DNSOptions).rules[] (DNSRule){oneOf:0}{allOf:0}.wifi_ssid,"{""anyOf"":[{""type"":""string""},{""items"":{""type"":""string""},""type"":""array""}]}",yes; conditional core requirements still apply,,https://github.com/SagerNet/sing-box/blob/v1.13.21/option/rule_dns.go#L104
$.dns (DNSOptions).rules[] (DNSRule){oneOf:0}{allOf:1} (DNSRuleAction){oneOf:0}.action,"{""enum"":["""",""route""]}",yes; conditional core requirements still apply,,https://github.com/SagerNet/sing-box/blob/v1.13.21/option/dns.go#L23
$.dns (DNSOptions).rules[] (DNSRule){oneOf:0}{allOf:1} (DNSRuleAction){oneOf:0}.client_subnet,"{""type"":""string""}",yes; conditional core requirements still apply,,https://github.com/SagerNet/sing-box/blob/v1.13.21/option/rule_action.go#L194
$.dns (DNSOptions).rules[] (DNSRule){oneOf:0}{allOf:1} (DNSRuleAction){oneOf:0}.disable_cache,"{""type"":""boolean""}",yes; conditional core requirements still apply,,https://github.com/SagerNet/sing-box/blob/v1.13.21/option/rule_action.go#L192
$.dns (DNSOptions).rules[] (DNSRule){oneOf:0}{allOf:1} (DNSRuleAction){oneOf:0}.rewrite_ttl,"{""maximum"":4294967295,""minimum"":0,""type"":""integer""}",yes; conditional core requirements still apply,,https://github.com/SagerNet/sing-box/blob/v1.13.21/option/rule_action.go#L193
$.dns (DNSOptions).rules[] (DNSRule){oneOf:0}{allOf:1} (DNSRuleAction){oneOf:0}.server,"{""type"":""string""}",yes; conditional core requirements still apply,,https://github.com/SagerNet/sing-box/blob/v1.13.21/option/rule_action.go#L190
$.dns (DNSOptions).rules[] (DNSRule){oneOf:0}{allOf:1} (DNSRuleAction){oneOf:0}.strategy,"{""$ref"":""#/$defs/DomainStrategy""}",yes; conditional core requirements still apply,,https://github.com/SagerNet/sing-box/blob/v1.13.21/option/rule_action.go#L191
$.dns (DNSOptions).rules[] (DNSRule){oneOf:0}{allOf:1} (DNSRuleAction){oneOf:1}.action,"{""const"":""route-options""}",no in this branch,,https://github.com/SagerNet/sing-box/blob/v1.13.21/option/dns.go#L23
$.dns (DNSOptions).rules[] (DNSRule){oneOf:0}{allOf:1} (DNSRuleAction){oneOf:1}.client_subnet,"{""type"":""string""}",yes; conditional core requirements still apply,,https://github.com/SagerNet/sing-box/blob/v1.13.21/option/rule_action.go#L201
$.dns (DNSOptions).rules[] (DNSRule){oneOf:0}{allOf:1} (DNSRuleAction){oneOf:1}.disable_cache,"{""type"":""boolean""}",yes; conditional core requirements still apply,,https://github.com/SagerNet/sing-box/blob/v1.13.21/option/rule_action.go#L199
$.dns (DNSOptions).rules[] (DNSRule){oneOf:0}{allOf:1} (DNSRuleAction){oneOf:1}.rewrite_ttl,"{""maximum"":4294967295,""minimum"":0,""type"":""integer""}",yes; conditional core requirements still apply,,https://github.com/SagerNet/sing-box/blob/v1.13.21/option/rule_action.go#L200
$.dns (DNSOptions).rules[] (DNSRule){oneOf:0}{allOf:1} (DNSRuleAction){oneOf:1}.strategy,"{""$ref"":""#/$defs/DomainStrategy""}",yes; conditional core requirements still apply,,https://github.com/SagerNet/sing-box/blob/v1.13.21/option/rule_action.go#L198
$.dns (DNSOptions).rules[] (DNSRule){oneOf:0}{allOf:1} (DNSRuleAction){oneOf:2}.action,"{""const"":""reject""}",no in this branch," Parent forbids: {""properties"":{""method"":{""const"":""drop""},""no_drop"":{""const"":true}},""required"":[""method"",""no_drop""]}",https://github.com/SagerNet/sing-box/blob/v1.13.21/option/dns.go#L23
$.dns (DNSOptions).rules[] (DNSRule){oneOf:0}{allOf:1} (DNSRuleAction){oneOf:2}.method,"{""enum"":["""",""default"",""drop"",""reply""],""type"":""string""}",yes; conditional core requirements still apply," Parent forbids: {""properties"":{""method"":{""const"":""drop""},""no_drop"":{""const"":true}},""required"":[""method"",""no_drop""]}",https://github.com/SagerNet/sing-box/blob/v1.13.21/option/rule_action.go#L271
$.dns (DNSOptions).rules[] (DNSRule){oneOf:0}{allOf:1} (DNSRuleAction){oneOf:2}.no_drop,"{""type"":""boolean""}",yes; conditional core requirements still apply," Parent forbids: {""properties"":{""method"":{""const"":""drop""},""no_drop"":{""const"":true}},""required"":[""method"",""no_drop""]}",https://github.com/SagerNet/sing-box/blob/v1.13.21/option/rule_action.go#L272
$.dns (DNSOptions).rules[] (DNSRule){oneOf:0}{allOf:1} (DNSRuleAction){oneOf:3}.action,"{""const"":""predefined""}",no in this branch,,https://github.com/SagerNet/sing-box/blob/v1.13.21/option/dns.go#L23
$.dns (DNSOptions).rules[] (DNSRule){oneOf:0}{allOf:1} (DNSRuleAction){oneOf:3}.answer,"{""anyOf"":[{""$ref"":""#/$defs/DNSRecordOptions""},{""items"":{""$ref"":""#/$defs/DNSRecordOptions""},""type"":""array""}]}",yes; conditional core requirements still apply,,https://github.com/SagerNet/sing-box/blob/v1.13.21/option/rule_action.go#L319
$.dns (DNSOptions).rules[] (DNSRule){oneOf:0}{allOf:1} (DNSRuleAction){oneOf:3}.extra,"{""anyOf"":[{""$ref"":""#/$defs/DNSRecordOptions""},{""items"":{""$ref"":""#/$defs/DNSRecordOptions""},""type"":""array""}]}",yes; conditional core requirements still apply,,https://github.com/SagerNet/sing-box/blob/v1.13.21/option/rule_action.go#L321
$.dns (DNSOptions).rules[] (DNSRule){oneOf:0}{allOf:1} (DNSRuleAction){oneOf:3}.ns,"{""anyOf"":[{""$ref"":""#/$defs/DNSRecordOptions""},{""items"":{""$ref"":""#/$defs/DNSRecordOptions""},""type"":""array""}]}",yes; conditional core requirements still apply,,https://github.com/SagerNet/sing-box/blob/v1.13.21/option/rule_action.go#L320
$.dns (DNSOptions).rules[] (DNSRule){oneOf:0}{allOf:1} (DNSRuleAction){oneOf:3}.rcode,"{""$ref"":""#/$defs/DNSRCode""}",yes; conditional core requirements still apply,,https://github.com/SagerNet/sing-box/blob/v1.13.21/option/rule_action.go#L318
$.dns (DNSOptions).rules[] (DNSRule){oneOf:1}{allOf:0}.invert,"{""type"":""boolean""}",yes; conditional core requirements still apply,,https://github.com/SagerNet/sing-box/blob/v1.13.21/option/rule_dns.go#L144
$.dns (DNSOptions).rules[] (DNSRule){oneOf:1}{allOf:0}.mode,"{""enum"":[""and"",""or""],""type"":""string""}",no in this branch,,https://github.com/SagerNet/sing-box/blob/v1.13.21/option/dns.go#L23
$.dns (DNSOptions).rules[] (DNSRule){oneOf:1}{allOf:0}.rules,"{""items"":{""$ref"":""#/$defs/DNSRule""},""minItems"":1,""type"":""array""}",no in this branch,,https://github.com/SagerNet/sing-box/blob/v1.13.21/option/rule_dns.go#L143
$.dns (DNSOptions).rules[] (DNSRule){oneOf:1}{allOf:0}.type,"{""const"":""logical""}",no in this branch,,https://github.com/SagerNet/sing-box/blob/v1.13.21/option/dns.go#L23
$.dns (DNSOptions).servers,"{""items"":{""$ref"":""#/$defs/DNSServerOptions""},""type"":""array""}",yes; conditional core requirements still apply,,https://github.com/SagerNet/sing-box/blob/v1.13.21/option/dns.go#L22
$.dns (DNSOptions).servers[] (DNSServerOptions){oneOf:0}.bind_address_no_port,"{""type"":""boolean""}",yes; conditional core requirements still apply,,https://github.com/SagerNet/sing-box/blob/v1.13.21/option/outbound.go#L72
$.dns (DNSOptions).servers[] (DNSServerOptions){oneOf:0}.bind_interface,"{""type"":""string""}",yes; conditional core requirements still apply,,https://github.com/SagerNet/sing-box/blob/v1.13.21/option/outbound.go#L69
$.dns (DNSOptions).servers[] (DNSServerOptions){oneOf:0}.connect_timeout,"{""$ref"":""#/$defs/badoption_Duration""}",yes; conditional core requirements still apply,,https://github.com/SagerNet/sing-box/blob/v1.13.21/option/outbound.go#L77
$.dns (DNSOptions).servers[] (DNSServerOptions){oneOf:0}.detour,"{""type"":""string""}",yes; conditional core requirements still apply,,https://github.com/SagerNet/sing-box/blob/v1.13.21/option/outbound.go#L68
$.dns (DNSOptions).servers[] (DNSServerOptions){oneOf:0}.disable_tcp_keep_alive,"{""type"":""boolean""}",yes; conditional core requirements still apply,,https://github.com/SagerNet/sing-box/blob/v1.13.21/option/outbound.go#L80
$.dns (DNSOptions).servers[] (DNSServerOptions){oneOf:0}.domain_resolver,"{""$ref"":""#/$defs/DomainResolveOptions""}",yes; conditional core requirements still apply,,https://github.com/SagerNet/sing-box/blob/v1.13.21/option/outbound.go#L85
$.dns (DNSOptions).servers[] (DNSServerOptions){oneOf:0}.domain_resolver (DomainResolveOptions){anyOf:1}.client_subnet,"{""type"":""string""}",yes; conditional core requirements still apply,,https://github.com/SagerNet/sing-box/blob/v1.13.21/option/outbound.go#L100
$.dns (DNSOptions).servers[] (DNSServerOptions){oneOf:0}.domain_resolver (DomainResolveOptions){anyOf:1}.disable_cache,"{""type"":""boolean""}",yes; conditional core requirements still apply,,https://github.com/SagerNet/sing-box/blob/v1.13.21/option/outbound.go#L98
$.dns (DNSOptions).servers[] (DNSServerOptions){oneOf:0}.domain_resolver (DomainResolveOptions){anyOf:1}.rewrite_ttl,"{""maximum"":4294967295,""minimum"":0,""type"":""integer""}",yes; conditional core requirements still apply,,https://github.com/SagerNet/sing-box/blob/v1.13.21/option/outbound.go#L99
$.dns (DNSOptions).servers[] (DNSServerOptions){oneOf:0}.domain_resolver (DomainResolveOptions){anyOf:1}.server,"{""type"":""string""}",no in this branch,,https://github.com/SagerNet/sing-box/blob/v1.13.21/option/outbound.go#L96
$.dns (DNSOptions).servers[] (DNSServerOptions){oneOf:0}.domain_resolver (DomainResolveOptions){anyOf:1}.strategy,"{""$ref"":""#/$defs/DomainStrategy""}",yes; conditional core requirements still apply,,https://github.com/SagerNet/sing-box/blob/v1.13.21/option/outbound.go#L97
$.dns (DNSOptions).servers[] (DNSServerOptions){oneOf:0}.domain_strategy,"{""$ref"":""#/$defs/DomainStrategy""}",yes; conditional core requirements still apply,Deprecated: migrated to domain resolver,https://github.com/SagerNet/sing-box/blob/v1.13.21/option/outbound.go#L92
$.dns (DNSOptions).servers[] (DNSServerOptions){oneOf:0}.fallback_delay,"{""$ref"":""#/$defs/badoption_Duration""}",yes; conditional core requirements still apply,,https://github.com/SagerNet/sing-box/blob/v1.13.21/option/outbound.go#L89
$.dns (DNSOptions).servers[] (DNSServerOptions){oneOf:0}.fallback_network_type,"{""anyOf"":[{""$ref"":""#/$defs/InterfaceType""},{""items"":{""$ref"":""#/$defs/InterfaceType""},""type"":""array""}]}",yes; conditional core requirements still apply,,https://github.com/SagerNet/sing-box/blob/v1.13.21/option/outbound.go#L88
$.dns (DNSOptions).servers[] (DNSServerOptions){oneOf:0}.inet4_bind_address,"{""type"":""string""}",yes; conditional core requirements still apply,,https://github.com/SagerNet/sing-box/blob/v1.13.21/option/outbound.go#L70
$.dns (DNSOptions).servers[] (DNSServerOptions){oneOf:0}.inet6_bind_address,"{""type"":""string""}",yes; conditional core requirements still apply,,https://github.com/SagerNet/sing-box/blob/v1.13.21/option/outbound.go#L71
$.dns (DNSOptions).servers[] (DNSServerOptions){oneOf:0}.interface,"{""type"":""string""}",yes; conditional core requirements still apply,,https://github.com/SagerNet/sing-box/blob/v1.13.21/option/dns.go#L408
$.dns (DNSOptions).servers[] (DNSServerOptions){oneOf:0}.netns,"{""type"":""string""}",yes; conditional core requirements still apply,,https://github.com/SagerNet/sing-box/blob/v1.13.21/option/outbound.go#L76
$.dns (DNSOptions).servers[] (DNSServerOptions){oneOf:0}.network_strategy,"{""$ref"":""#/$defs/NetworkStrategy""}",yes; conditional core requirements still apply,,https://github.com/SagerNet/sing-box/blob/v1.13.21/option/outbound.go#L86
$.dns (DNSOptions).servers[] (DNSServerOptions){oneOf:0}.network_type,"{""anyOf"":[{""$ref"":""#/$defs/InterfaceType""},{""items"":{""$ref"":""#/$defs/InterfaceType""},""type"":""array""}]}",yes; conditional core requirements still apply,,https://github.com/SagerNet/sing-box/blob/v1.13.21/option/outbound.go#L87
$.dns (DNSOptions).servers[] (DNSServerOptions){oneOf:0}.prefer_go,"{""type"":""boolean""}",yes; conditional core requirements still apply,,https://github.com/SagerNet/sing-box/blob/v1.13.21/option/dns.go#L378
$.dns (DNSOptions).servers[] (DNSServerOptions){oneOf:0}.protect_path,"{""type"":""string""}",yes; conditional core requirements still apply,,https://github.com/SagerNet/sing-box/blob/v1.13.21/option/outbound.go#L73
$.dns (DNSOptions).servers[] (DNSServerOptions){oneOf:0}.reuse_addr,"{""type"":""boolean""}",yes; conditional core requirements still apply,,https://github.com/SagerNet/sing-box/blob/v1.13.21/option/outbound.go#L75
$.dns (DNSOptions).servers[] (DNSServerOptions){oneOf:0}.routing_mark,"{""$ref"":""#/$defs/FwMark""}",yes; conditional core requirements still apply,,https://github.com/SagerNet/sing-box/blob/v1.13.21/option/outbound.go#L74
$.dns (DNSOptions).servers[] (DNSServerOptions){oneOf:0}.tag,"{""type"":""string""}",yes; conditional core requirements still apply,,https://github.com/SagerNet/sing-box/blob/v1.13.21/option/dns.go#L22
$.dns (DNSOptions).servers[] (DNSServerOptions){oneOf:0}.tcp_fast_open,"{""type"":""boolean""}",yes; conditional core requirements still apply,,https://github.com/SagerNet/sing-box/blob/v1.13.21/option/outbound.go#L78
$.dns (DNSOptions).servers[] (DNSServerOptions){oneOf:0}.tcp_keep_alive,"{""$ref"":""#/$defs/badoption_Duration""}",yes; conditional core requirements still apply,,https://github.com/SagerNet/sing-box/blob/v1.13.21/option/outbound.go#L81
$.dns (DNSOptions).servers[] (DNSServerOptions){oneOf:0}.tcp_keep_alive_interval,"{""$ref"":""#/$defs/badoption_Duration""}",yes; conditional core requirements still apply,,https://github.com/SagerNet/sing-box/blob/v1.13.21/option/outbound.go#L82
$.dns (DNSOptions).servers[] (DNSServerOptions){oneOf:0}.tcp_multi_path,"{""type"":""boolean""}",yes; conditional core requirements still apply,,https://github.com/SagerNet/sing-box/blob/v1.13.21/option/outbound.go#L79
$.dns (DNSOptions).servers[] (DNSServerOptions){oneOf:0}.type,"{""const"":""dhcp""}",no in this branch,,https://github.com/SagerNet/sing-box/blob/v1.13.21/option/dns.go#L22
$.dns (DNSOptions).servers[] (DNSServerOptions){oneOf:0}.udp_fragment,"{""type"":""boolean""}",yes; conditional core requirements still apply,,https://github.com/SagerNet/sing-box/blob/v1.13.21/option/outbound.go#L83
$.dns (DNSOptions).servers[] (DNSServerOptions){oneOf:1}.inet4_range,"{""type"":""string""}",yes; conditional core requirements still apply,,https://github.com/SagerNet/sing-box/blob/v1.13.21/option/dns.go#L402
$.dns (DNSOptions).servers[] (DNSServerOptions){oneOf:1}.inet6_range,"{""type"":""string""}",yes; conditional core requirements still apply,,https://github.com/SagerNet/sing-box/blob/v1.13.21/option/dns.go#L403
$.dns (DNSOptions).servers[] (DNSServerOptions){oneOf:1}.tag,"{""type"":""string""}",yes; conditional core requirements still apply,,https://github.com/SagerNet/sing-box/blob/v1.13.21/option/dns.go#L22
$.dns (DNSOptions).servers[] (DNSServerOptions){oneOf:1}.type,"{""const"":""fakeip""}",no in this branch,,https://github.com/SagerNet/sing-box/blob/v1.13.21/option/dns.go#L22
$.dns (DNSOptions).servers[] (DNSServerOptions){oneOf:2}.bind_address_no_port,"{""type"":""boolean""}",yes; conditional core requirements still apply,,https://github.com/SagerNet/sing-box/blob/v1.13.21/option/outbound.go#L72
$.dns (DNSOptions).servers[] (DNSServerOptions){oneOf:2}.bind_interface,"{""type"":""string""}",yes; conditional core requirements still apply,,https://github.com/SagerNet/sing-box/blob/v1.13.21/option/outbound.go#L69
$.dns (DNSOptions).servers[] (DNSServerOptions){oneOf:2}.connect_timeout,"{""$ref"":""#/$defs/badoption_Duration""}",yes; conditional core requirements still apply,,https://github.com/SagerNet/sing-box/blob/v1.13.21/option/outbound.go#L77
$.dns (DNSOptions).servers[] (DNSServerOptions){oneOf:2}.detour,"{""type"":""string""}",yes; conditional core requirements still apply,,https://github.com/SagerNet/sing-box/blob/v1.13.21/option/outbound.go#L68
$.dns (DNSOptions).servers[] (DNSServerOptions){oneOf:2}.disable_tcp_keep_alive,"{""type"":""boolean""}",yes; conditional core requirements still apply,,https://github.com/SagerNet/sing-box/blob/v1.13.21/option/outbound.go#L80
$.dns (DNSOptions).servers[] (DNSServerOptions){oneOf:2}.domain_resolver,"{""$ref"":""#/$defs/DomainResolveOptions""}",yes; conditional core requirements still apply,,https://github.com/SagerNet/sing-box/blob/v1.13.21/option/outbound.go#L85
$.dns (DNSOptions).servers[] (DNSServerOptions){oneOf:2}.domain_strategy,"{""$ref"":""#/$defs/DomainStrategy""}",yes; conditional core requirements still apply,Deprecated: migrated to domain resolver,https://github.com/SagerNet/sing-box/blob/v1.13.21/option/outbound.go#L92
$.dns (DNSOptions).servers[] (DNSServerOptions){oneOf:2}.fallback_delay,"{""$ref"":""#/$defs/badoption_Duration""}",yes; conditional core requirements still apply,,https://github.com/SagerNet/sing-box/blob/v1.13.21/option/outbound.go#L89
$.dns (DNSOptions).servers[] (DNSServerOptions){oneOf:2}.fallback_network_type,"{""anyOf"":[{""$ref"":""#/$defs/InterfaceType""},{""items"":{""$ref"":""#/$defs/InterfaceType""},""type"":""array""}]}",yes; conditional core requirements still apply,,https://github.com/SagerNet/sing-box/blob/v1.13.21/option/outbound.go#L88
$.dns (DNSOptions).servers[] (DNSServerOptions){oneOf:2}.headers,"{""additionalProperties"":{""anyOf"":[{""type"":""string""},{""items"":{""type"":""string""},""type"":""array""}]},""type"":""object""}",yes; conditional core requirements still apply,,https://github.com/SagerNet/sing-box/blob/v1.13.21/option/dns.go#L398
$.dns (DNSOptions).servers[] (DNSServerOptions){oneOf:2}.inet4_bind_address,"{""type"":""string""}",yes; conditional core requirements still apply,,https://github.com/SagerNet/sing-box/blob/v1.13.21/option/outbound.go#L70
$.dns (DNSOptions).servers[] (DNSServerOptions){oneOf:2}.inet6_bind_address,"{""type"":""string""}",yes; conditional core requirements still apply,,https://github.com/SagerNet/sing-box/blob/v1.13.21/option/outbound.go#L71
$.dns (DNSOptions).servers[] (DNSServerOptions){oneOf:2}.method,"{""type"":""string""}",yes; conditional core requirements still apply,,https://github.com/SagerNet/sing-box/blob/v1.13.21/option/dns.go#L397
$.dns (DNSOptions).servers[] (DNSServerOptions){oneOf:2}.netns,"{""type"":""string""}",yes; conditional core requirements still apply,,https://github.com/SagerNet/sing-box/blob/v1.13.21/option/outbound.go#L76
$.dns (DNSOptions).servers[] (DNSServerOptions){oneOf:2}.network_strategy,"{""$ref"":""#/$defs/NetworkStrategy""}",yes; conditional core requirements still apply,,https://github.com/SagerNet/sing-box/blob/v1.13.21/option/outbound.go#L86
$.dns (DNSOptions).servers[] (DNSServerOptions){oneOf:2}.network_type,"{""anyOf"":[{""$ref"":""#/$defs/InterfaceType""},{""items"":{""$ref"":""#/$defs/InterfaceType""},""type"":""array""}]}",yes; conditional core requirements still apply,,https://github.com/SagerNet/sing-box/blob/v1.13.21/option/outbound.go#L87
$.dns (DNSOptions).servers[] (DNSServerOptions){oneOf:2}.path,"{""type"":""string""}",yes; conditional core requirements still apply,,https://github.com/SagerNet/sing-box/blob/v1.13.21/option/dns.go#L396
$.dns (DNSOptions).servers[] (DNSServerOptions){oneOf:2}.protect_path,"{""type"":""string""}",yes; conditional core requirements still apply,,https://github.com/SagerNet/sing-box/blob/v1.13.21/option/outbound.go#L73
$.dns (DNSOptions).servers[] (DNSServerOptions){oneOf:2}.reuse_addr,"{""type"":""boolean""}",yes; conditional core requirements still apply,,https://github.com/SagerNet/sing-box/blob/v1.13.21/option/outbound.go#L75
$.dns (DNSOptions).servers[] (DNSServerOptions){oneOf:2}.routing_mark,"{""$ref"":""#/$defs/FwMark""}",yes; conditional core requirements still apply,,https://github.com/SagerNet/sing-box/blob/v1.13.21/option/outbound.go#L74
$.dns (DNSOptions).servers[] (DNSServerOptions){oneOf:2}.server,"{""type"":""string""}",yes; conditional core requirements still apply,,https://github.com/SagerNet/sing-box/blob/v1.13.21/option/dns.go#L333
$.dns (DNSOptions).servers[] (DNSServerOptions){oneOf:2}.server_port,"{""maximum"":65535,""minimum"":0,""type"":""integer""}",yes; conditional core requirements still apply,,https://github.com/SagerNet/sing-box/blob/v1.13.21/option/dns.go#L334
$.dns (DNSOptions).servers[] (DNSServerOptions){oneOf:2}.tag,"{""type"":""string""}",yes; conditional core requirements still apply,,https://github.com/SagerNet/sing-box/blob/v1.13.21/option/dns.go#L22
$.dns (DNSOptions).servers[] (DNSServerOptions){oneOf:2}.tcp_fast_open,"{""type"":""boolean""}",yes; conditional core requirements still apply,,https://github.com/SagerNet/sing-box/blob/v1.13.21/option/outbound.go#L78
$.dns (DNSOptions).servers[] (DNSServerOptions){oneOf:2}.tcp_keep_alive,"{""$ref"":""#/$defs/badoption_Duration""}",yes; conditional core requirements still apply,,https://github.com/SagerNet/sing-box/blob/v1.13.21/option/outbound.go#L81
$.dns (DNSOptions).servers[] (DNSServerOptions){oneOf:2}.tcp_keep_alive_interval,"{""$ref"":""#/$defs/badoption_Duration""}",yes; conditional core requirements still apply,,https://github.com/SagerNet/sing-box/blob/v1.13.21/option/outbound.go#L82
$.dns (DNSOptions).servers[] (DNSServerOptions){oneOf:2}.tcp_multi_path,"{""type"":""boolean""}",yes; conditional core requirements still apply,,https://github.com/SagerNet/sing-box/blob/v1.13.21/option/outbound.go#L79
$.dns (DNSOptions).servers[] (DNSServerOptions){oneOf:2}.tls,"{""$ref"":""#/$defs/OutboundTLSOptions""}",yes; conditional core requirements still apply,,https://github.com/SagerNet/sing-box/blob/v1.13.21/option/tls.go#L125
$.dns (DNSOptions).servers[] (DNSServerOptions){oneOf:2}.tls (OutboundTLSOptions).alpn,"{""anyOf"":[{""type"":""string""},{""items"":{""type"":""string""},""type"":""array""}]}",yes; conditional core requirements still apply,,https://github.com/SagerNet/sing-box/blob/v1.13.21/option/tls.go#L102
$.dns (DNSOptions).servers[] (DNSServerOptions){oneOf:2}.tls (OutboundTLSOptions).certificate,"{""anyOf"":[{""type"":""string""},{""items"":{""type"":""string""},""type"":""array""}]}",yes; conditional core requirements still apply,,https://github.com/SagerNet/sing-box/blob/v1.13.21/option/tls.go#L107
$.dns (DNSOptions).servers[] (DNSServerOptions){oneOf:2}.tls (OutboundTLSOptions).certificate_path,"{""type"":""string""}",yes; conditional core requirements still apply,,https://github.com/SagerNet/sing-box/blob/v1.13.21/option/tls.go#L108
$.dns (DNSOptions).servers[] (DNSServerOptions){oneOf:2}.tls (OutboundTLSOptions).certificate_public_key_sha256,"{""anyOf"":[{""anyOf"":[{""contentEncoding"":""base64"",""type"":""string""},{""items"":{""maximum"":255,""minimum"":0,""type"":""integer""},""type"":""array""}]},{""items"":{""anyOf"":[{""contentEncoding"":""base64"",""type"":""string""},{""items"":{""maximum"":255,""minimum"":0,""type"":""integer""},""type"":""array""}]},""type"":""array""}]}",yes; conditional core requirements still apply,,https://github.com/SagerNet/sing-box/blob/v1.13.21/option/tls.go#L109
$.dns (DNSOptions).servers[] (DNSServerOptions){oneOf:2}.tls (OutboundTLSOptions).cipher_suites,"{""anyOf"":[{""type"":""string""},{""items"":{""type"":""string""},""type"":""array""}]}",yes; conditional core requirements still apply,,https://github.com/SagerNet/sing-box/blob/v1.13.21/option/tls.go#L105
$.dns (DNSOptions).servers[] (DNSServerOptions){oneOf:2}.tls (OutboundTLSOptions).client_certificate,"{""anyOf"":[{""type"":""string""},{""items"":{""type"":""string""},""type"":""array""}]}",yes; conditional core requirements still apply,,https://github.com/SagerNet/sing-box/blob/v1.13.21/option/tls.go#L110
$.dns (DNSOptions).servers[] (DNSServerOptions){oneOf:2}.tls (OutboundTLSOptions).client_certificate_path,"{""type"":""string""}",yes; conditional core requirements still apply,,https://github.com/SagerNet/sing-box/blob/v1.13.21/option/tls.go#L111
$.dns (DNSOptions).servers[] (DNSServerOptions){oneOf:2}.tls (OutboundTLSOptions).client_key,"{""anyOf"":[{""type"":""string""},{""items"":{""type"":""string""},""type"":""array""}]}",yes; conditional core requirements still apply,,https://github.com/SagerNet/sing-box/blob/v1.13.21/option/tls.go#L112
$.dns (DNSOptions).servers[] (DNSServerOptions){oneOf:2}.tls (OutboundTLSOptions).client_key_path,"{""type"":""string""}",yes; conditional core requirements still apply,,https://github.com/SagerNet/sing-box/blob/v1.13.21/option/tls.go#L113
$.dns (DNSOptions).servers[] (DNSServerOptions){oneOf:2}.tls (OutboundTLSOptions).curve_preferences,"{""anyOf"":[{""$ref"":""#/$defs/CurvePreference""},{""items"":{""$ref"":""#/$defs/CurvePreference""},""type"":""array""}]}",yes; conditional core requirements still apply,,https://github.com/SagerNet/sing-box/blob/v1.13.21/option/tls.go#L106
$.dns (DNSOptions).servers[] (DNSServerOptions){oneOf:2}.tls (OutboundTLSOptions).disable_sni,"{""type"":""boolean""}",yes; conditional core requirements still apply,,https://github.com/SagerNet/sing-box/blob/v1.13.21/option/tls.go#L99
$.dns (DNSOptions).servers[] (DNSServerOptions){oneOf:2}.tls (OutboundTLSOptions).ech,"{""$ref"":""#/$defs/OutboundECHOptions""}",yes; conditional core requirements still apply,,https://github.com/SagerNet/sing-box/blob/v1.13.21/option/tls.go#L119
$.dns (DNSOptions).servers[] (DNSServerOptions){oneOf:2}.tls (OutboundTLSOptions).ech (OutboundECHOptions).config,"{""anyOf"":[{""type"":""string""},{""items"":{""type"":""string""},""type"":""array""}]}",yes; conditional core requirements still apply,,https://github.com/SagerNet/sing-box/blob/v1.13.21/option/tls.go#L219
$.dns (DNSOptions).servers[] (DNSServerOptions){oneOf:2}.tls (OutboundTLSOptions).ech (OutboundECHOptions).config_path,"{""type"":""string""}",yes; conditional core requirements still apply,,https://github.com/SagerNet/sing-box/blob/v1.13.21/option/tls.go#L220
$.dns (DNSOptions).servers[] (DNSServerOptions){oneOf:2}.tls (OutboundTLSOptions).ech (OutboundECHOptions).dynamic_record_sizing_disabled,"{""type"":""boolean""}",yes; conditional core requirements still apply,Deprecated: added by fault,https://github.com/SagerNet/sing-box/blob/v1.13.21/option/tls.go#L226
$.dns (DNSOptions).servers[] (DNSServerOptions){oneOf:2}.tls (OutboundTLSOptions).ech (OutboundECHOptions).enabled,"{""type"":""boolean""}",yes; conditional core requirements still apply,,https://github.com/SagerNet/sing-box/blob/v1.13.21/option/tls.go#L218
$.dns (DNSOptions).servers[] (DNSServerOptions){oneOf:2}.tls (OutboundTLSOptions).ech (OutboundECHOptions).pq_signature_schemes_enabled,"{""type"":""boolean""}",yes; conditional core requirements still apply,Deprecated: not supported by stdlib,https://github.com/SagerNet/sing-box/blob/v1.13.21/option/tls.go#L224
$.dns (DNSOptions).servers[] (DNSServerOptions){oneOf:2}.tls (OutboundTLSOptions).ech (OutboundECHOptions).query_server_name,"{""type"":""string""}",yes; conditional core requirements still apply,,https://github.com/SagerNet/sing-box/blob/v1.13.21/option/tls.go#L221
$.dns (DNSOptions).servers[] (DNSServerOptions){oneOf:2}.tls (OutboundTLSOptions).enabled,"{""type"":""boolean""}",yes; conditional core requirements still apply,,https://github.com/SagerNet/sing-box/blob/v1.13.21/option/tls.go#L98
$.dns (DNSOptions).servers[] (DNSServerOptions){oneOf:2}.tls (OutboundTLSOptions).fragment,"{""type"":""boolean""}",yes; conditional core requirements still apply,,https://github.com/SagerNet/sing-box/blob/v1.13.21/option/tls.go#L114
$.dns (DNSOptions).servers[] (DNSServerOptions){oneOf:2}.tls (OutboundTLSOptions).fragment_fallback_delay,"{""$ref"":""#/$defs/badoption_Duration""}",yes; conditional core requirements still apply,,https://github.com/SagerNet/sing-box/blob/v1.13.21/option/tls.go#L115
$.dns (DNSOptions).servers[] (DNSServerOptions){oneOf:2}.tls (OutboundTLSOptions).insecure,"{""type"":""boolean""}",yes; conditional core requirements still apply,,https://github.com/SagerNet/sing-box/blob/v1.13.21/option/tls.go#L101
$.dns (DNSOptions).servers[] (DNSServerOptions){oneOf:2}.tls (OutboundTLSOptions).kernel_rx,"{""type"":""boolean""}",yes; conditional core requirements still apply,,https://github.com/SagerNet/sing-box/blob/v1.13.21/option/tls.go#L118
$.dns (DNSOptions).servers[] (DNSServerOptions){oneOf:2}.tls (OutboundTLSOptions).kernel_tx,"{""type"":""boolean""}",yes; conditional core requirements still apply,,https://github.com/SagerNet/sing-box/blob/v1.13.21/option/tls.go#L117
$.dns (DNSOptions).servers[] (DNSServerOptions){oneOf:2}.tls (OutboundTLSOptions).max_version,"{""enum"":["""",""1.0"",""1.1"",""1.2"",""1.3""],""type"":""string""}",yes; conditional core requirements still apply,,https://github.com/SagerNet/sing-box/blob/v1.13.21/option/tls.go#L104
$.dns (DNSOptions).servers[] (DNSServerOptions){oneOf:2}.tls (OutboundTLSOptions).min_version,"{""enum"":["""",""1.0"",""1.1"",""1.2"",""1.3""],""type"":""string""}",yes; conditional core requirements still apply,,https://github.com/SagerNet/sing-box/blob/v1.13.21/option/tls.go#L103
$.dns (DNSOptions).servers[] (DNSServerOptions){oneOf:2}.tls (OutboundTLSOptions).reality,"{""$ref"":""#/$defs/OutboundRealityOptions""}",yes; conditional core requirements still apply,,https://github.com/SagerNet/sing-box/blob/v1.13.21/option/tls.go#L121
$.dns (DNSOptions).servers[] (DNSServerOptions){oneOf:2}.tls (OutboundTLSOptions).reality (OutboundRealityOptions).enabled,"{""type"":""boolean""}",yes; conditional core requirements still apply,,https://github.com/SagerNet/sing-box/blob/v1.13.21/option/tls.go#L235
$.dns (DNSOptions).servers[] (DNSServerOptions){oneOf:2}.tls (OutboundTLSOptions).reality (OutboundRealityOptions).public_key,"{""type"":""string""}",yes; conditional core requirements still apply,,https://github.com/SagerNet/sing-box/blob/v1.13.21/option/tls.go#L236
$.dns (DNSOptions).servers[] (DNSServerOptions){oneOf:2}.tls (OutboundTLSOptions).reality (OutboundRealityOptions).short_id,"{""type"":""string""}",yes; conditional core requirements still apply,,https://github.com/SagerNet/sing-box/blob/v1.13.21/option/tls.go#L237
$.dns (DNSOptions).servers[] (DNSServerOptions){oneOf:2}.tls (OutboundTLSOptions).record_fragment,"{""type"":""boolean""}",yes; conditional core requirements still apply,,https://github.com/SagerNet/sing-box/blob/v1.13.21/option/tls.go#L116
$.dns (DNSOptions).servers[] (DNSServerOptions){oneOf:2}.tls (OutboundTLSOptions).server_name,"{""type"":""string""}",yes; conditional core requirements still apply,,https://github.com/SagerNet/sing-box/blob/v1.13.21/option/tls.go#L100
$.dns (DNSOptions).servers[] (DNSServerOptions){oneOf:2}.tls (OutboundTLSOptions).utls,"{""$ref"":""#/$defs/OutboundUTLSOptions""}",yes; conditional core requirements still apply,,https://github.com/SagerNet/sing-box/blob/v1.13.21/option/tls.go#L120
$.dns (DNSOptions).servers[] (DNSServerOptions){oneOf:2}.tls (OutboundTLSOptions).utls (OutboundUTLSOptions).enabled,"{""type"":""boolean""}",yes; conditional core requirements still apply,,https://github.com/SagerNet/sing-box/blob/v1.13.21/option/tls.go#L230
$.dns (DNSOptions).servers[] (DNSServerOptions){oneOf:2}.tls (OutboundTLSOptions).utls (OutboundUTLSOptions).fingerprint,"{""type"":""string""}",yes; conditional core requirements still apply,,https://github.com/SagerNet/sing-box/blob/v1.13.21/option/tls.go#L231
$.dns (DNSOptions).servers[] (DNSServerOptions){oneOf:2}.type,"{""const"":""h3""}",no in this branch,,https://github.com/SagerNet/sing-box/blob/v1.13.21/option/dns.go#L22
$.dns (DNSOptions).servers[] (DNSServerOptions){oneOf:2}.udp_fragment,"{""type"":""boolean""}",yes; conditional core requirements still apply,,https://github.com/SagerNet/sing-box/blob/v1.13.21/option/outbound.go#L83
$.dns (DNSOptions).servers[] (DNSServerOptions){oneOf:3}.path,"{""anyOf"":[{""type"":""string""},{""items"":{""type"":""string""},""type"":""array""}]}",yes; conditional core requirements still apply,,https://github.com/SagerNet/sing-box/blob/v1.13.21/option/dns.go#L364
$.dns (DNSOptions).servers[] (DNSServerOptions){oneOf:3}.predefined,"{""additionalProperties"":{""anyOf"":[{""type"":""string""},{""items"":{""type"":""string""},""type"":""array""}]},""type"":""object""}",yes; conditional core requirements still apply,,https://github.com/SagerNet/sing-box/blob/v1.13.21/option/dns.go#L365
$.dns (DNSOptions).servers[] (DNSServerOptions){oneOf:3}.tag,"{""type"":""string""}",yes; conditional core requirements still apply,,https://github.com/SagerNet/sing-box/blob/v1.13.21/option/dns.go#L22
$.dns (DNSOptions).servers[] (DNSServerOptions){oneOf:3}.type,"{""const"":""hosts""}",no in this branch,,https://github.com/SagerNet/sing-box/blob/v1.13.21/option/dns.go#L22
$.dns (DNSOptions).servers[] (DNSServerOptions){oneOf:4}.bind_address_no_port,"{""type"":""boolean""}",yes; conditional core requirements still apply,,https://github.com/SagerNet/sing-box/blob/v1.13.21/option/outbound.go#L72
$.dns (DNSOptions).servers[] (DNSServerOptions){oneOf:4}.bind_interface,"{""type"":""string""}",yes; conditional core requirements still apply,,https://github.com/SagerNet/sing-box/blob/v1.13.21/option/outbound.go#L69
$.dns (DNSOptions).servers[] (DNSServerOptions){oneOf:4}.connect_timeout,"{""$ref"":""#/$defs/badoption_Duration""}",yes; conditional core requirements still apply,,https://github.com/SagerNet/sing-box/blob/v1.13.21/option/outbound.go#L77
$.dns (DNSOptions).servers[] (DNSServerOptions){oneOf:4}.detour,"{""type"":""string""}",yes; conditional core requirements still apply,,https://github.com/SagerNet/sing-box/blob/v1.13.21/option/outbound.go#L68
$.dns (DNSOptions).servers[] (DNSServerOptions){oneOf:4}.disable_tcp_keep_alive,"{""type"":""boolean""}",yes; conditional core requirements still apply,,https://github.com/SagerNet/sing-box/blob/v1.13.21/option/outbound.go#L80
$.dns (DNSOptions).servers[] (DNSServerOptions){oneOf:4}.domain_resolver,"{""$ref"":""#/$defs/DomainResolveOptions""}",yes; conditional core requirements still apply,,https://github.com/SagerNet/sing-box/blob/v1.13.21/option/outbound.go#L85
$.dns (DNSOptions).servers[] (DNSServerOptions){oneOf:4}.domain_strategy,"{""$ref"":""#/$defs/DomainStrategy""}",yes; conditional core requirements still apply,Deprecated: migrated to domain resolver,https://github.com/SagerNet/sing-box/blob/v1.13.21/option/outbound.go#L92
$.dns (DNSOptions).servers[] (DNSServerOptions){oneOf:4}.fallback_delay,"{""$ref"":""#/$defs/badoption_Duration""}",yes; conditional core requirements still apply,,https://github.com/SagerNet/sing-box/blob/v1.13.21/option/outbound.go#L89
$.dns (DNSOptions).servers[] (DNSServerOptions){oneOf:4}.fallback_network_type,"{""anyOf"":[{""$ref"":""#/$defs/InterfaceType""},{""items"":{""$ref"":""#/$defs/InterfaceType""},""type"":""array""}]}",yes; conditional core requirements still apply,,https://github.com/SagerNet/sing-box/blob/v1.13.21/option/outbound.go#L88
$.dns (DNSOptions).servers[] (DNSServerOptions){oneOf:4}.headers,"{""additionalProperties"":{""anyOf"":[{""type"":""string""},{""items"":{""type"":""string""},""type"":""array""}]},""type"":""object""}",yes; conditional core requirements still apply,,https://github.com/SagerNet/sing-box/blob/v1.13.21/option/dns.go#L398
$.dns (DNSOptions).servers[] (DNSServerOptions){oneOf:4}.inet4_bind_address,"{""type"":""string""}",yes; conditional core requirements still apply,,https://github.com/SagerNet/sing-box/blob/v1.13.21/option/outbound.go#L70
$.dns (DNSOptions).servers[] (DNSServerOptions){oneOf:4}.inet6_bind_address,"{""type"":""string""}",yes; conditional core requirements still apply,,https://github.com/SagerNet/sing-box/blob/v1.13.21/option/outbound.go#L71
$.dns (DNSOptions).servers[] (DNSServerOptions){oneOf:4}.method,"{""type"":""string""}",yes; conditional core requirements still apply,,https://github.com/SagerNet/sing-box/blob/v1.13.21/option/dns.go#L397
$.dns (DNSOptions).servers[] (DNSServerOptions){oneOf:4}.netns,"{""type"":""string""}",yes; conditional core requirements still apply,,https://github.com/SagerNet/sing-box/blob/v1.13.21/option/outbound.go#L76
$.dns (DNSOptions).servers[] (DNSServerOptions){oneOf:4}.network_strategy,"{""$ref"":""#/$defs/NetworkStrategy""}",yes; conditional core requirements still apply,,https://github.com/SagerNet/sing-box/blob/v1.13.21/option/outbound.go#L86
$.dns (DNSOptions).servers[] (DNSServerOptions){oneOf:4}.network_type,"{""anyOf"":[{""$ref"":""#/$defs/InterfaceType""},{""items"":{""$ref"":""#/$defs/InterfaceType""},""type"":""array""}]}",yes; conditional core requirements still apply,,https://github.com/SagerNet/sing-box/blob/v1.13.21/option/outbound.go#L87
$.dns (DNSOptions).servers[] (DNSServerOptions){oneOf:4}.path,"{""type"":""string""}",yes; conditional core requirements still apply,,https://github.com/SagerNet/sing-box/blob/v1.13.21/option/dns.go#L396
$.dns (DNSOptions).servers[] (DNSServerOptions){oneOf:4}.protect_path,"{""type"":""string""}",yes; conditional core requirements still apply,,https://github.com/SagerNet/sing-box/blob/v1.13.21/option/outbound.go#L73
$.dns (DNSOptions).servers[] (DNSServerOptions){oneOf:4}.reuse_addr,"{""type"":""boolean""}",yes; conditional core requirements still apply,,https://github.com/SagerNet/sing-box/blob/v1.13.21/option/outbound.go#L75
$.dns (DNSOptions).servers[] (DNSServerOptions){oneOf:4}.routing_mark,"{""$ref"":""#/$defs/FwMark""}",yes; conditional core requirements still apply,,https://github.com/SagerNet/sing-box/blob/v1.13.21/option/outbound.go#L74
$.dns (DNSOptions).servers[] (DNSServerOptions){oneOf:4}.server,"{""type"":""string""}",yes; conditional core requirements still apply,,https://github.com/SagerNet/sing-box/blob/v1.13.21/option/dns.go#L333
$.dns (DNSOptions).servers[] (DNSServerOptions){oneOf:4}.server_port,"{""maximum"":65535,""minimum"":0,""type"":""integer""}",yes; conditional core requirements still apply,,https://github.com/SagerNet/sing-box/blob/v1.13.21/option/dns.go#L334
$.dns (DNSOptions).servers[] (DNSServerOptions){oneOf:4}.tag,"{""type"":""string""}",yes; conditional core requirements still apply,,https://github.com/SagerNet/sing-box/blob/v1.13.21/option/dns.go#L22
$.dns (DNSOptions).servers[] (DNSServerOptions){oneOf:4}.tcp_fast_open,"{""type"":""boolean""}",yes; conditional core requirements still apply,,https://github.com/SagerNet/sing-box/blob/v1.13.21/option/outbound.go#L78
$.dns (DNSOptions).servers[] (DNSServerOptions){oneOf:4}.tcp_keep_alive,"{""$ref"":""#/$defs/badoption_Duration""}",yes; conditional core requirements still apply,,https://github.com/SagerNet/sing-box/blob/v1.13.21/option/outbound.go#L81
$.dns (DNSOptions).servers[] (DNSServerOptions){oneOf:4}.tcp_keep_alive_interval,"{""$ref"":""#/$defs/badoption_Duration""}",yes; conditional core requirements still apply,,https://github.com/SagerNet/sing-box/blob/v1.13.21/option/outbound.go#L82
$.dns (DNSOptions).servers[] (DNSServerOptions){oneOf:4}.tcp_multi_path,"{""type"":""boolean""}",yes; conditional core requirements still apply,,https://github.com/SagerNet/sing-box/blob/v1.13.21/option/outbound.go#L79
$.dns (DNSOptions).servers[] (DNSServerOptions){oneOf:4}.tls,"{""$ref"":""#/$defs/OutboundTLSOptions""}",yes; conditional core requirements still apply,,https://github.com/SagerNet/sing-box/blob/v1.13.21/option/tls.go#L125
$.dns (DNSOptions).servers[] (DNSServerOptions){oneOf:4}.type,"{""const"":""https""}",no in this branch,,https://github.com/SagerNet/sing-box/blob/v1.13.21/option/dns.go#L22
$.dns (DNSOptions).servers[] (DNSServerOptions){oneOf:4}.udp_fragment,"{""type"":""boolean""}",yes; conditional core requirements still apply,,https://github.com/SagerNet/sing-box/blob/v1.13.21/option/outbound.go#L83
$.dns (DNSOptions).servers[] (DNSServerOptions){oneOf:5}.address,"{""type"":""string""}",yes; conditional core requirements still apply,,https://github.com/SagerNet/sing-box/blob/v1.13.21/option/dns.go#L354
$.dns (DNSOptions).servers[] (DNSServerOptions){oneOf:5}.address_fallback_delay,"{""$ref"":""#/$defs/badoption_Duration""}",yes; conditional core requirements still apply,,https://github.com/SagerNet/sing-box/blob/v1.13.21/option/dns.go#L357
$.dns (DNSOptions).servers[] (DNSServerOptions){oneOf:5}.address_resolver,"{""type"":""string""}",yes; conditional core requirements still apply,,https://github.com/SagerNet/sing-box/blob/v1.13.21/option/dns.go#L355
$.dns (DNSOptions).servers[] (DNSServerOptions){oneOf:5}.address_strategy,"{""$ref"":""#/$defs/DomainStrategy""}",yes; conditional core requirements still apply,,https://github.com/SagerNet/sing-box/blob/v1.13.21/option/dns.go#L356
$.dns (DNSOptions).servers[] (DNSServerOptions){oneOf:5}.client_subnet,"{""type"":""string""}",yes; conditional core requirements still apply,,https://github.com/SagerNet/sing-box/blob/v1.13.21/option/dns.go#L360
$.dns (DNSOptions).servers[] (DNSServerOptions){oneOf:5}.detour,"{""type"":""string""}",yes; conditional core requirements still apply,,https://github.com/SagerNet/sing-box/blob/v1.13.21/option/dns.go#L359
$.dns (DNSOptions).servers[] (DNSServerOptions){oneOf:5}.strategy,"{""$ref"":""#/$defs/DomainStrategy""}",yes; conditional core requirements still apply,,https://github.com/SagerNet/sing-box/blob/v1.13.21/option/dns.go#L358
$.dns (DNSOptions).servers[] (DNSServerOptions){oneOf:5}.tag,"{""type"":""string""}",yes; conditional core requirements still apply,,https://github.com/SagerNet/sing-box/blob/v1.13.21/option/dns.go#L22
$.dns (DNSOptions).servers[] (DNSServerOptions){oneOf:5}.type,"{""enum"":["""",""legacy""]}",yes; conditional core requirements still apply,,https://github.com/SagerNet/sing-box/blob/v1.13.21/option/dns.go#L22
$.dns (DNSOptions).servers[] (DNSServerOptions){oneOf:6}.bind_address_no_port,"{""type"":""boolean""}",yes; conditional core requirements still apply,,https://github.com/SagerNet/sing-box/blob/v1.13.21/option/outbound.go#L72
$.dns (DNSOptions).servers[] (DNSServerOptions){oneOf:6}.bind_interface,"{""type"":""string""}",yes; conditional core requirements still apply,,https://github.com/SagerNet/sing-box/blob/v1.13.21/option/outbound.go#L69
$.dns (DNSOptions).servers[] (DNSServerOptions){oneOf:6}.connect_timeout,"{""$ref"":""#/$defs/badoption_Duration""}",yes; conditional core requirements still apply,,https://github.com/SagerNet/sing-box/blob/v1.13.21/option/outbound.go#L77
$.dns (DNSOptions).servers[] (DNSServerOptions){oneOf:6}.detour,"{""type"":""string""}",yes; conditional core requirements still apply,,https://github.com/SagerNet/sing-box/blob/v1.13.21/option/outbound.go#L68
$.dns (DNSOptions).servers[] (DNSServerOptions){oneOf:6}.disable_tcp_keep_alive,"{""type"":""boolean""}",yes; conditional core requirements still apply,,https://github.com/SagerNet/sing-box/blob/v1.13.21/option/outbound.go#L80
$.dns (DNSOptions).servers[] (DNSServerOptions){oneOf:6}.domain_resolver,"{""$ref"":""#/$defs/DomainResolveOptions""}",yes; conditional core requirements still apply,,https://github.com/SagerNet/sing-box/blob/v1.13.21/option/outbound.go#L85
$.dns (DNSOptions).servers[] (DNSServerOptions){oneOf:6}.domain_strategy,"{""$ref"":""#/$defs/DomainStrategy""}",yes; conditional core requirements still apply,Deprecated: migrated to domain resolver,https://github.com/SagerNet/sing-box/blob/v1.13.21/option/outbound.go#L92
$.dns (DNSOptions).servers[] (DNSServerOptions){oneOf:6}.fallback_delay,"{""$ref"":""#/$defs/badoption_Duration""}",yes; conditional core requirements still apply,,https://github.com/SagerNet/sing-box/blob/v1.13.21/option/outbound.go#L89
$.dns (DNSOptions).servers[] (DNSServerOptions){oneOf:6}.fallback_network_type,"{""anyOf"":[{""$ref"":""#/$defs/InterfaceType""},{""items"":{""$ref"":""#/$defs/InterfaceType""},""type"":""array""}]}",yes; conditional core requirements still apply,,https://github.com/SagerNet/sing-box/blob/v1.13.21/option/outbound.go#L88
$.dns (DNSOptions).servers[] (DNSServerOptions){oneOf:6}.inet4_bind_address,"{""type"":""string""}",yes; conditional core requirements still apply,,https://github.com/SagerNet/sing-box/blob/v1.13.21/option/outbound.go#L70
$.dns (DNSOptions).servers[] (DNSServerOptions){oneOf:6}.inet6_bind_address,"{""type"":""string""}",yes; conditional core requirements still apply,,https://github.com/SagerNet/sing-box/blob/v1.13.21/option/outbound.go#L71
$.dns (DNSOptions).servers[] (DNSServerOptions){oneOf:6}.netns,"{""type"":""string""}",yes; conditional core requirements still apply,,https://github.com/SagerNet/sing-box/blob/v1.13.21/option/outbound.go#L76
$.dns (DNSOptions).servers[] (DNSServerOptions){oneOf:6}.network_strategy,"{""$ref"":""#/$defs/NetworkStrategy""}",yes; conditional core requirements still apply,,https://github.com/SagerNet/sing-box/blob/v1.13.21/option/outbound.go#L86
$.dns (DNSOptions).servers[] (DNSServerOptions){oneOf:6}.network_type,"{""anyOf"":[{""$ref"":""#/$defs/InterfaceType""},{""items"":{""$ref"":""#/$defs/InterfaceType""},""type"":""array""}]}",yes; conditional core requirements still apply,,https://github.com/SagerNet/sing-box/blob/v1.13.21/option/outbound.go#L87
$.dns (DNSOptions).servers[] (DNSServerOptions){oneOf:6}.prefer_go,"{""type"":""boolean""}",yes; conditional core requirements still apply,,https://github.com/SagerNet/sing-box/blob/v1.13.21/option/dns.go#L378
$.dns (DNSOptions).servers[] (DNSServerOptions){oneOf:6}.protect_path,"{""type"":""string""}",yes; conditional core requirements still apply,,https://github.com/SagerNet/sing-box/blob/v1.13.21/option/outbound.go#L73
$.dns (DNSOptions).servers[] (DNSServerOptions){oneOf:6}.reuse_addr,"{""type"":""boolean""}",yes; conditional core requirements still apply,,https://github.com/SagerNet/sing-box/blob/v1.13.21/option/outbound.go#L75
$.dns (DNSOptions).servers[] (DNSServerOptions){oneOf:6}.routing_mark,"{""$ref"":""#/$defs/FwMark""}",yes; conditional core requirements still apply,,https://github.com/SagerNet/sing-box/blob/v1.13.21/option/outbound.go#L74
$.dns (DNSOptions).servers[] (DNSServerOptions){oneOf:6}.tag,"{""type"":""string""}",yes; conditional core requirements still apply,,https://github.com/SagerNet/sing-box/blob/v1.13.21/option/dns.go#L22
$.dns (DNSOptions).servers[] (DNSServerOptions){oneOf:6}.tcp_fast_open,"{""type"":""boolean""}",yes; conditional core requirements still apply,,https://github.com/SagerNet/sing-box/blob/v1.13.21/option/outbound.go#L78
$.dns (DNSOptions).servers[] (DNSServerOptions){oneOf:6}.tcp_keep_alive,"{""$ref"":""#/$defs/badoption_Duration""}",yes; conditional core requirements still apply,,https://github.com/SagerNet/sing-box/blob/v1.13.21/option/outbound.go#L81
$.dns (DNSOptions).servers[] (DNSServerOptions){oneOf:6}.tcp_keep_alive_interval,"{""$ref"":""#/$defs/badoption_Duration""}",yes; conditional core requirements still apply,,https://github.com/SagerNet/sing-box/blob/v1.13.21/option/outbound.go#L82
$.dns (DNSOptions).servers[] (DNSServerOptions){oneOf:6}.tcp_multi_path,"{""type"":""boolean""}",yes; conditional core requirements still apply,,https://github.com/SagerNet/sing-box/blob/v1.13.21/option/outbound.go#L79
$.dns (DNSOptions).servers[] (DNSServerOptions){oneOf:6}.type,"{""const"":""local""}",no in this branch,,https://github.com/SagerNet/sing-box/blob/v1.13.21/option/dns.go#L22
$.dns (DNSOptions).servers[] (DNSServerOptions){oneOf:6}.udp_fragment,"{""type"":""boolean""}",yes; conditional core requirements still apply,,https://github.com/SagerNet/sing-box/blob/v1.13.21/option/outbound.go#L83
$.dns (DNSOptions).servers[] (DNSServerOptions){oneOf:7}.bind_address_no_port,"{""type"":""boolean""}",yes; conditional core requirements still apply,,https://github.com/SagerNet/sing-box/blob/v1.13.21/option/outbound.go#L72
$.dns (DNSOptions).servers[] (DNSServerOptions){oneOf:7}.bind_interface,"{""type"":""string""}",yes; conditional core requirements still apply,,https://github.com/SagerNet/sing-box/blob/v1.13.21/option/outbound.go#L69
$.dns (DNSOptions).servers[] (DNSServerOptions){oneOf:7}.connect_timeout,"{""$ref"":""#/$defs/badoption_Duration""}",yes; conditional core requirements still apply,,https://github.com/SagerNet/sing-box/blob/v1.13.21/option/outbound.go#L77
$.dns (DNSOptions).servers[] (DNSServerOptions){oneOf:7}.detour,"{""type"":""string""}",yes; conditional core requirements still apply,,https://github.com/SagerNet/sing-box/blob/v1.13.21/option/outbound.go#L68
$.dns (DNSOptions).servers[] (DNSServerOptions){oneOf:7}.disable_tcp_keep_alive,"{""type"":""boolean""}",yes; conditional core requirements still apply,,https://github.com/SagerNet/sing-box/blob/v1.13.21/option/outbound.go#L80
$.dns (DNSOptions).servers[] (DNSServerOptions){oneOf:7}.domain_resolver,"{""$ref"":""#/$defs/DomainResolveOptions""}",yes; conditional core requirements still apply,,https://github.com/SagerNet/sing-box/blob/v1.13.21/option/outbound.go#L85
$.dns (DNSOptions).servers[] (DNSServerOptions){oneOf:7}.domain_strategy,"{""$ref"":""#/$defs/DomainStrategy""}",yes; conditional core requirements still apply,Deprecated: migrated to domain resolver,https://github.com/SagerNet/sing-box/blob/v1.13.21/option/outbound.go#L92
$.dns (DNSOptions).servers[] (DNSServerOptions){oneOf:7}.fallback_delay,"{""$ref"":""#/$defs/badoption_Duration""}",yes; conditional core requirements still apply,,https://github.com/SagerNet/sing-box/blob/v1.13.21/option/outbound.go#L89
$.dns (DNSOptions).servers[] (DNSServerOptions){oneOf:7}.fallback_network_type,"{""anyOf"":[{""$ref"":""#/$defs/InterfaceType""},{""items"":{""$ref"":""#/$defs/InterfaceType""},""type"":""array""}]}",yes; conditional core requirements still apply,,https://github.com/SagerNet/sing-box/blob/v1.13.21/option/outbound.go#L88
$.dns (DNSOptions).servers[] (DNSServerOptions){oneOf:7}.inet4_bind_address,"{""type"":""string""}",yes; conditional core requirements still apply,,https://github.com/SagerNet/sing-box/blob/v1.13.21/option/outbound.go#L70
$.dns (DNSOptions).servers[] (DNSServerOptions){oneOf:7}.inet6_bind_address,"{""type"":""string""}",yes; conditional core requirements still apply,,https://github.com/SagerNet/sing-box/blob/v1.13.21/option/outbound.go#L71
$.dns (DNSOptions).servers[] (DNSServerOptions){oneOf:7}.netns,"{""type"":""string""}",yes; conditional core requirements still apply,,https://github.com/SagerNet/sing-box/blob/v1.13.21/option/outbound.go#L76
$.dns (DNSOptions).servers[] (DNSServerOptions){oneOf:7}.network_strategy,"{""$ref"":""#/$defs/NetworkStrategy""}",yes; conditional core requirements still apply,,https://github.com/SagerNet/sing-box/blob/v1.13.21/option/outbound.go#L86
$.dns (DNSOptions).servers[] (DNSServerOptions){oneOf:7}.network_type,"{""anyOf"":[{""$ref"":""#/$defs/InterfaceType""},{""items"":{""$ref"":""#/$defs/InterfaceType""},""type"":""array""}]}",yes; conditional core requirements still apply,,https://github.com/SagerNet/sing-box/blob/v1.13.21/option/outbound.go#L87
$.dns (DNSOptions).servers[] (DNSServerOptions){oneOf:7}.protect_path,"{""type"":""string""}",yes; conditional core requirements still apply,,https://github.com/SagerNet/sing-box/blob/v1.13.21/option/outbound.go#L73
$.dns (DNSOptions).servers[] (DNSServerOptions){oneOf:7}.reuse_addr,"{""type"":""boolean""}",yes; conditional core requirements still apply,,https://github.com/SagerNet/sing-box/blob/v1.13.21/option/outbound.go#L75
$.dns (DNSOptions).servers[] (DNSServerOptions){oneOf:7}.routing_mark,"{""$ref"":""#/$defs/FwMark""}",yes; conditional core requirements still apply,,https://github.com/SagerNet/sing-box/blob/v1.13.21/option/outbound.go#L74
$.dns (DNSOptions).servers[] (DNSServerOptions){oneOf:7}.server,"{""type"":""string""}",yes; conditional core requirements still apply,,https://github.com/SagerNet/sing-box/blob/v1.13.21/option/dns.go#L333
$.dns (DNSOptions).servers[] (DNSServerOptions){oneOf:7}.server_port,"{""maximum"":65535,""minimum"":0,""type"":""integer""}",yes; conditional core requirements still apply,,https://github.com/SagerNet/sing-box/blob/v1.13.21/option/dns.go#L334
$.dns (DNSOptions).servers[] (DNSServerOptions){oneOf:7}.tag,"{""type"":""string""}",yes; conditional core requirements still apply,,https://github.com/SagerNet/sing-box/blob/v1.13.21/option/dns.go#L22
$.dns (DNSOptions).servers[] (DNSServerOptions){oneOf:7}.tcp_fast_open,"{""type"":""boolean""}",yes; conditional core requirements still apply,,https://github.com/SagerNet/sing-box/blob/v1.13.21/option/outbound.go#L78
$.dns (DNSOptions).servers[] (DNSServerOptions){oneOf:7}.tcp_keep_alive,"{""$ref"":""#/$defs/badoption_Duration""}",yes; conditional core requirements still apply,,https://github.com/SagerNet/sing-box/blob/v1.13.21/option/outbound.go#L81
$.dns (DNSOptions).servers[] (DNSServerOptions){oneOf:7}.tcp_keep_alive_interval,"{""$ref"":""#/$defs/badoption_Duration""}",yes; conditional core requirements still apply,,https://github.com/SagerNet/sing-box/blob/v1.13.21/option/outbound.go#L82
$.dns (DNSOptions).servers[] (DNSServerOptions){oneOf:7}.tcp_multi_path,"{""type"":""boolean""}",yes; conditional core requirements still apply,,https://github.com/SagerNet/sing-box/blob/v1.13.21/option/outbound.go#L79
$.dns (DNSOptions).servers[] (DNSServerOptions){oneOf:7}.tls,"{""$ref"":""#/$defs/OutboundTLSOptions""}",yes; conditional core requirements still apply,,https://github.com/SagerNet/sing-box/blob/v1.13.21/option/tls.go#L125
$.dns (DNSOptions).servers[] (DNSServerOptions){oneOf:7}.type,"{""const"":""quic""}",no in this branch,,https://github.com/SagerNet/sing-box/blob/v1.13.21/option/dns.go#L22
$.dns (DNSOptions).servers[] (DNSServerOptions){oneOf:7}.udp_fragment,"{""type"":""boolean""}",yes; conditional core requirements still apply,,https://github.com/SagerNet/sing-box/blob/v1.13.21/option/outbound.go#L83
$.dns (DNSOptions).servers[] (DNSServerOptions){oneOf:8}.accept_default_resolvers,"{""type"":""boolean""}",yes; conditional core requirements still apply,,https://github.com/SagerNet/sing-box/blob/v1.13.21/option/resolved.go#L44
$.dns (DNSOptions).servers[] (DNSServerOptions){oneOf:8}.service,"{""type"":""string""}",yes; conditional core requirements still apply,,https://github.com/SagerNet/sing-box/blob/v1.13.21/option/resolved.go#L43
$.dns (DNSOptions).servers[] (DNSServerOptions){oneOf:8}.tag,"{""type"":""string""}",yes; conditional core requirements still apply,,https://github.com/SagerNet/sing-box/blob/v1.13.21/option/dns.go#L22
$.dns (DNSOptions).servers[] (DNSServerOptions){oneOf:8}.type,"{""const"":""resolved""}",no in this branch,,https://github.com/SagerNet/sing-box/blob/v1.13.21/option/dns.go#L22
$.dns (DNSOptions).servers[] (DNSServerOptions){oneOf:9}.accept_default_resolvers,"{""type"":""boolean""}",yes; conditional core requirements still apply,,https://github.com/SagerNet/sing-box/blob/v1.13.21/option/tailscale.go#L36
$.dns (DNSOptions).servers[] (DNSServerOptions){oneOf:9}.endpoint,"{""type"":""string""}",yes; conditional core requirements still apply,,https://github.com/SagerNet/sing-box/blob/v1.13.21/option/tailscale.go#L35
$.dns (DNSOptions).servers[] (DNSServerOptions){oneOf:9}.tag,"{""type"":""string""}",yes; conditional core requirements still apply,,https://github.com/SagerNet/sing-box/blob/v1.13.21/option/dns.go#L22
$.dns (DNSOptions).servers[] (DNSServerOptions){oneOf:9}.type,"{""const"":""tailscale""}",no in this branch,,https://github.com/SagerNet/sing-box/blob/v1.13.21/option/dns.go#L22
$.dns (DNSOptions).servers[] (DNSServerOptions){oneOf:10}.bind_address_no_port,"{""type"":""boolean""}",yes; conditional core requirements still apply,,https://github.com/SagerNet/sing-box/blob/v1.13.21/option/outbound.go#L72
$.dns (DNSOptions).servers[] (DNSServerOptions){oneOf:10}.bind_interface,"{""type"":""string""}",yes; conditional core requirements still apply,,https://github.com/SagerNet/sing-box/blob/v1.13.21/option/outbound.go#L69
$.dns (DNSOptions).servers[] (DNSServerOptions){oneOf:10}.connect_timeout,"{""$ref"":""#/$defs/badoption_Duration""}",yes; conditional core requirements still apply,,https://github.com/SagerNet/sing-box/blob/v1.13.21/option/outbound.go#L77
$.dns (DNSOptions).servers[] (DNSServerOptions){oneOf:10}.detour,"{""type"":""string""}",yes; conditional core requirements still apply,,https://github.com/SagerNet/sing-box/blob/v1.13.21/option/outbound.go#L68
$.dns (DNSOptions).servers[] (DNSServerOptions){oneOf:10}.disable_tcp_keep_alive,"{""type"":""boolean""}",yes; conditional core requirements still apply,,https://github.com/SagerNet/sing-box/blob/v1.13.21/option/outbound.go#L80
$.dns (DNSOptions).servers[] (DNSServerOptions){oneOf:10}.domain_resolver,"{""$ref"":""#/$defs/DomainResolveOptions""}",yes; conditional core requirements still apply,,https://github.com/SagerNet/sing-box/blob/v1.13.21/option/outbound.go#L85
$.dns (DNSOptions).servers[] (DNSServerOptions){oneOf:10}.domain_strategy,"{""$ref"":""#/$defs/DomainStrategy""}",yes; conditional core requirements still apply,Deprecated: migrated to domain resolver,https://github.com/SagerNet/sing-box/blob/v1.13.21/option/outbound.go#L92
$.dns (DNSOptions).servers[] (DNSServerOptions){oneOf:10}.fallback_delay,"{""$ref"":""#/$defs/badoption_Duration""}",yes; conditional core requirements still apply,,https://github.com/SagerNet/sing-box/blob/v1.13.21/option/outbound.go#L89
$.dns (DNSOptions).servers[] (DNSServerOptions){oneOf:10}.fallback_network_type,"{""anyOf"":[{""$ref"":""#/$defs/InterfaceType""},{""items"":{""$ref"":""#/$defs/InterfaceType""},""type"":""array""}]}",yes; conditional core requirements still apply,,https://github.com/SagerNet/sing-box/blob/v1.13.21/option/outbound.go#L88
$.dns (DNSOptions).servers[] (DNSServerOptions){oneOf:10}.inet4_bind_address,"{""type"":""string""}",yes; conditional core requirements still apply,,https://github.com/SagerNet/sing-box/blob/v1.13.21/option/outbound.go#L70
$.dns (DNSOptions).servers[] (DNSServerOptions){oneOf:10}.inet6_bind_address,"{""type"":""string""}",yes; conditional core requirements still apply,,https://github.com/SagerNet/sing-box/blob/v1.13.21/option/outbound.go#L71
$.dns (DNSOptions).servers[] (DNSServerOptions){oneOf:10}.netns,"{""type"":""string""}",yes; conditional core requirements still apply,,https://github.com/SagerNet/sing-box/blob/v1.13.21/option/outbound.go#L76
$.dns (DNSOptions).servers[] (DNSServerOptions){oneOf:10}.network_strategy,"{""$ref"":""#/$defs/NetworkStrategy""}",yes; conditional core requirements still apply,,https://github.com/SagerNet/sing-box/blob/v1.13.21/option/outbound.go#L86
$.dns (DNSOptions).servers[] (DNSServerOptions){oneOf:10}.network_type,"{""anyOf"":[{""$ref"":""#/$defs/InterfaceType""},{""items"":{""$ref"":""#/$defs/InterfaceType""},""type"":""array""}]}",yes; conditional core requirements still apply,,https://github.com/SagerNet/sing-box/blob/v1.13.21/option/outbound.go#L87
$.dns (DNSOptions).servers[] (DNSServerOptions){oneOf:10}.protect_path,"{""type"":""string""}",yes; conditional core requirements still apply,,https://github.com/SagerNet/sing-box/blob/v1.13.21/option/outbound.go#L73
$.dns (DNSOptions).servers[] (DNSServerOptions){oneOf:10}.reuse_addr,"{""type"":""boolean""}",yes; conditional core requirements still apply,,https://github.com/SagerNet/sing-box/blob/v1.13.21/option/outbound.go#L75
$.dns (DNSOptions).servers[] (DNSServerOptions){oneOf:10}.routing_mark,"{""$ref"":""#/$defs/FwMark""}",yes; conditional core requirements still apply,,https://github.com/SagerNet/sing-box/blob/v1.13.21/option/outbound.go#L74
$.dns (DNSOptions).servers[] (DNSServerOptions){oneOf:10}.server,"{""type"":""string""}",yes; conditional core requirements still apply,,https://github.com/SagerNet/sing-box/blob/v1.13.21/option/dns.go#L333
$.dns (DNSOptions).servers[] (DNSServerOptions){oneOf:10}.server_port,"{""maximum"":65535,""minimum"":0,""type"":""integer""}",yes; conditional core requirements still apply,,https://github.com/SagerNet/sing-box/blob/v1.13.21/option/dns.go#L334
$.dns (DNSOptions).servers[] (DNSServerOptions){oneOf:10}.tag,"{""type"":""string""}",yes; conditional core requirements still apply,,https://github.com/SagerNet/sing-box/blob/v1.13.21/option/dns.go#L22
$.dns (DNSOptions).servers[] (DNSServerOptions){oneOf:10}.tcp_fast_open,"{""type"":""boolean""}",yes; conditional core requirements still apply,,https://github.com/SagerNet/sing-box/blob/v1.13.21/option/outbound.go#L78
$.dns (DNSOptions).servers[] (DNSServerOptions){oneOf:10}.tcp_keep_alive,"{""$ref"":""#/$defs/badoption_Duration""}",yes; conditional core requirements still apply,,https://github.com/SagerNet/sing-box/blob/v1.13.21/option/outbound.go#L81
$.dns (DNSOptions).servers[] (DNSServerOptions){oneOf:10}.tcp_keep_alive_interval,"{""$ref"":""#/$defs/badoption_Duration""}",yes; conditional core requirements still apply,,https://github.com/SagerNet/sing-box/blob/v1.13.21/option/outbound.go#L82
$.dns (DNSOptions).servers[] (DNSServerOptions){oneOf:10}.tcp_multi_path,"{""type"":""boolean""}",yes; conditional core requirements still apply,,https://github.com/SagerNet/sing-box/blob/v1.13.21/option/outbound.go#L79
$.dns (DNSOptions).servers[] (DNSServerOptions){oneOf:10}.type,"{""const"":""tcp""}",no in this branch,,https://github.com/SagerNet/sing-box/blob/v1.13.21/option/dns.go#L22
$.dns (DNSOptions).servers[] (DNSServerOptions){oneOf:10}.udp_fragment,"{""type"":""boolean""}",yes; conditional core requirements still apply,,https://github.com/SagerNet/sing-box/blob/v1.13.21/option/outbound.go#L83
$.dns (DNSOptions).servers[] (DNSServerOptions){oneOf:11}.bind_address_no_port,"{""type"":""boolean""}",yes; conditional core requirements still apply,,https://github.com/SagerNet/sing-box/blob/v1.13.21/option/outbound.go#L72
$.dns (DNSOptions).servers[] (DNSServerOptions){oneOf:11}.bind_interface,"{""type"":""string""}",yes; conditional core requirements still apply,,https://github.com/SagerNet/sing-box/blob/v1.13.21/option/outbound.go#L69
$.dns (DNSOptions).servers[] (DNSServerOptions){oneOf:11}.connect_timeout,"{""$ref"":""#/$defs/badoption_Duration""}",yes; conditional core requirements still apply,,https://github.com/SagerNet/sing-box/blob/v1.13.21/option/outbound.go#L77
$.dns (DNSOptions).servers[] (DNSServerOptions){oneOf:11}.detour,"{""type"":""string""}",yes; conditional core requirements still apply,,https://github.com/SagerNet/sing-box/blob/v1.13.21/option/outbound.go#L68
$.dns (DNSOptions).servers[] (DNSServerOptions){oneOf:11}.disable_tcp_keep_alive,"{""type"":""boolean""}",yes; conditional core requirements still apply,,https://github.com/SagerNet/sing-box/blob/v1.13.21/option/outbound.go#L80
$.dns (DNSOptions).servers[] (DNSServerOptions){oneOf:11}.domain_resolver,"{""$ref"":""#/$defs/DomainResolveOptions""}",yes; conditional core requirements still apply,,https://github.com/SagerNet/sing-box/blob/v1.13.21/option/outbound.go#L85
$.dns (DNSOptions).servers[] (DNSServerOptions){oneOf:11}.domain_strategy,"{""$ref"":""#/$defs/DomainStrategy""}",yes; conditional core requirements still apply,Deprecated: migrated to domain resolver,https://github.com/SagerNet/sing-box/blob/v1.13.21/option/outbound.go#L92
$.dns (DNSOptions).servers[] (DNSServerOptions){oneOf:11}.fallback_delay,"{""$ref"":""#/$defs/badoption_Duration""}",yes; conditional core requirements still apply,,https://github.com/SagerNet/sing-box/blob/v1.13.21/option/outbound.go#L89
$.dns (DNSOptions).servers[] (DNSServerOptions){oneOf:11}.fallback_network_type,"{""anyOf"":[{""$ref"":""#/$defs/InterfaceType""},{""items"":{""$ref"":""#/$defs/InterfaceType""},""type"":""array""}]}",yes; conditional core requirements still apply,,https://github.com/SagerNet/sing-box/blob/v1.13.21/option/outbound.go#L88
$.dns (DNSOptions).servers[] (DNSServerOptions){oneOf:11}.inet4_bind_address,"{""type"":""string""}",yes; conditional core requirements still apply,,https://github.com/SagerNet/sing-box/blob/v1.13.21/option/outbound.go#L70
$.dns (DNSOptions).servers[] (DNSServerOptions){oneOf:11}.inet6_bind_address,"{""type"":""string""}",yes; conditional core requirements still apply,,https://github.com/SagerNet/sing-box/blob/v1.13.21/option/outbound.go#L71
$.dns (DNSOptions).servers[] (DNSServerOptions){oneOf:11}.netns,"{""type"":""string""}",yes; conditional core requirements still apply,,https://github.com/SagerNet/sing-box/blob/v1.13.21/option/outbound.go#L76
$.dns (DNSOptions).servers[] (DNSServerOptions){oneOf:11}.network_strategy,"{""$ref"":""#/$defs/NetworkStrategy""}",yes; conditional core requirements still apply,,https://github.com/SagerNet/sing-box/blob/v1.13.21/option/outbound.go#L86
$.dns (DNSOptions).servers[] (DNSServerOptions){oneOf:11}.network_type,"{""anyOf"":[{""$ref"":""#/$defs/InterfaceType""},{""items"":{""$ref"":""#/$defs/InterfaceType""},""type"":""array""}]}",yes; conditional core requirements still apply,,https://github.com/SagerNet/sing-box/blob/v1.13.21/option/outbound.go#L87
$.dns (DNSOptions).servers[] (DNSServerOptions){oneOf:11}.protect_path,"{""type"":""string""}",yes; conditional core requirements still apply,,https://github.com/SagerNet/sing-box/blob/v1.13.21/option/outbound.go#L73
$.dns (DNSOptions).servers[] (DNSServerOptions){oneOf:11}.reuse_addr,"{""type"":""boolean""}",yes; conditional core requirements still apply,,https://github.com/SagerNet/sing-box/blob/v1.13.21/option/outbound.go#L75
$.dns (DNSOptions).servers[] (DNSServerOptions){oneOf:11}.routing_mark,"{""$ref"":""#/$defs/FwMark""}",yes; conditional core requirements still apply,,https://github.com/SagerNet/sing-box/blob/v1.13.21/option/outbound.go#L74
$.dns (DNSOptions).servers[] (DNSServerOptions){oneOf:11}.server,"{""type"":""string""}",yes; conditional core requirements still apply,,https://github.com/SagerNet/sing-box/blob/v1.13.21/option/dns.go#L333
$.dns (DNSOptions).servers[] (DNSServerOptions){oneOf:11}.server_port,"{""maximum"":65535,""minimum"":0,""type"":""integer""}",yes; conditional core requirements still apply,,https://github.com/SagerNet/sing-box/blob/v1.13.21/option/dns.go#L334
$.dns (DNSOptions).servers[] (DNSServerOptions){oneOf:11}.tag,"{""type"":""string""}",yes; conditional core requirements still apply,,https://github.com/SagerNet/sing-box/blob/v1.13.21/option/dns.go#L22
$.dns (DNSOptions).servers[] (DNSServerOptions){oneOf:11}.tcp_fast_open,"{""type"":""boolean""}",yes; conditional core requirements still apply,,https://github.com/SagerNet/sing-box/blob/v1.13.21/option/outbound.go#L78
$.dns (DNSOptions).servers[] (DNSServerOptions){oneOf:11}.tcp_keep_alive,"{""$ref"":""#/$defs/badoption_Duration""}",yes; conditional core requirements still apply,,https://github.com/SagerNet/sing-box/blob/v1.13.21/option/outbound.go#L81
$.dns (DNSOptions).servers[] (DNSServerOptions){oneOf:11}.tcp_keep_alive_interval,"{""$ref"":""#/$defs/badoption_Duration""}",yes; conditional core requirements still apply,,https://github.com/SagerNet/sing-box/blob/v1.13.21/option/outbound.go#L82
$.dns (DNSOptions).servers[] (DNSServerOptions){oneOf:11}.tcp_multi_path,"{""type"":""boolean""}",yes; conditional core requirements still apply,,https://github.com/SagerNet/sing-box/blob/v1.13.21/option/outbound.go#L79
$.dns (DNSOptions).servers[] (DNSServerOptions){oneOf:11}.tls,"{""$ref"":""#/$defs/OutboundTLSOptions""}",yes; conditional core requirements still apply,,https://github.com/SagerNet/sing-box/blob/v1.13.21/option/tls.go#L125
$.dns (DNSOptions).servers[] (DNSServerOptions){oneOf:11}.type,"{""const"":""tls""}",no in this branch,,https://github.com/SagerNet/sing-box/blob/v1.13.21/option/dns.go#L22
$.dns (DNSOptions).servers[] (DNSServerOptions){oneOf:11}.udp_fragment,"{""type"":""boolean""}",yes; conditional core requirements still apply,,https://github.com/SagerNet/sing-box/blob/v1.13.21/option/outbound.go#L83
$.dns (DNSOptions).servers[] (DNSServerOptions){oneOf:12}.bind_address_no_port,"{""type"":""boolean""}",yes; conditional core requirements still apply,,https://github.com/SagerNet/sing-box/blob/v1.13.21/option/outbound.go#L72
$.dns (DNSOptions).servers[] (DNSServerOptions){oneOf:12}.bind_interface,"{""type"":""string""}",yes; conditional core requirements still apply,,https://github.com/SagerNet/sing-box/blob/v1.13.21/option/outbound.go#L69
$.dns (DNSOptions).servers[] (DNSServerOptions){oneOf:12}.connect_timeout,"{""$ref"":""#/$defs/badoption_Duration""}",yes; conditional core requirements still apply,,https://github.com/SagerNet/sing-box/blob/v1.13.21/option/outbound.go#L77
$.dns (DNSOptions).servers[] (DNSServerOptions){oneOf:12}.detour,"{""type"":""string""}",yes; conditional core requirements still apply,,https://github.com/SagerNet/sing-box/blob/v1.13.21/option/outbound.go#L68
$.dns (DNSOptions).servers[] (DNSServerOptions){oneOf:12}.disable_tcp_keep_alive,"{""type"":""boolean""}",yes; conditional core requirements still apply,,https://github.com/SagerNet/sing-box/blob/v1.13.21/option/outbound.go#L80
$.dns (DNSOptions).servers[] (DNSServerOptions){oneOf:12}.domain_resolver,"{""$ref"":""#/$defs/DomainResolveOptions""}",yes; conditional core requirements still apply,,https://github.com/SagerNet/sing-box/blob/v1.13.21/option/outbound.go#L85
$.dns (DNSOptions).servers[] (DNSServerOptions){oneOf:12}.domain_strategy,"{""$ref"":""#/$defs/DomainStrategy""}",yes; conditional core requirements still apply,Deprecated: migrated to domain resolver,https://github.com/SagerNet/sing-box/blob/v1.13.21/option/outbound.go#L92
$.dns (DNSOptions).servers[] (DNSServerOptions){oneOf:12}.fallback_delay,"{""$ref"":""#/$defs/badoption_Duration""}",yes; conditional core requirements still apply,,https://github.com/SagerNet/sing-box/blob/v1.13.21/option/outbound.go#L89
$.dns (DNSOptions).servers[] (DNSServerOptions){oneOf:12}.fallback_network_type,"{""anyOf"":[{""$ref"":""#/$defs/InterfaceType""},{""items"":{""$ref"":""#/$defs/InterfaceType""},""type"":""array""}]}",yes; conditional core requirements still apply,,https://github.com/SagerNet/sing-box/blob/v1.13.21/option/outbound.go#L88
$.dns (DNSOptions).servers[] (DNSServerOptions){oneOf:12}.inet4_bind_address,"{""type"":""string""}",yes; conditional core requirements still apply,,https://github.com/SagerNet/sing-box/blob/v1.13.21/option/outbound.go#L70
$.dns (DNSOptions).servers[] (DNSServerOptions){oneOf:12}.inet6_bind_address,"{""type"":""string""}",yes; conditional core requirements still apply,,https://github.com/SagerNet/sing-box/blob/v1.13.21/option/outbound.go#L71
$.dns (DNSOptions).servers[] (DNSServerOptions){oneOf:12}.netns,"{""type"":""string""}",yes; conditional core requirements still apply,,https://github.com/SagerNet/sing-box/blob/v1.13.21/option/outbound.go#L76
$.dns (DNSOptions).servers[] (DNSServerOptions){oneOf:12}.network_strategy,"{""$ref"":""#/$defs/NetworkStrategy""}",yes; conditional core requirements still apply,,https://github.com/SagerNet/sing-box/blob/v1.13.21/option/outbound.go#L86
$.dns (DNSOptions).servers[] (DNSServerOptions){oneOf:12}.network_type,"{""anyOf"":[{""$ref"":""#/$defs/InterfaceType""},{""items"":{""$ref"":""#/$defs/InterfaceType""},""type"":""array""}]}",yes; conditional core requirements still apply,,https://github.com/SagerNet/sing-box/blob/v1.13.21/option/outbound.go#L87
$.dns (DNSOptions).servers[] (DNSServerOptions){oneOf:12}.protect_path,"{""type"":""string""}",yes; conditional core requirements still apply,,https://github.com/SagerNet/sing-box/blob/v1.13.21/option/outbound.go#L73
$.dns (DNSOptions).servers[] (DNSServerOptions){oneOf:12}.reuse_addr,"{""type"":""boolean""}",yes; conditional core requirements still apply,,https://github.com/SagerNet/sing-box/blob/v1.13.21/option/outbound.go#L75
$.dns (DNSOptions).servers[] (DNSServerOptions){oneOf:12}.routing_mark,"{""$ref"":""#/$defs/FwMark""}",yes; conditional core requirements still apply,,https://github.com/SagerNet/sing-box/blob/v1.13.21/option/outbound.go#L74
$.dns (DNSOptions).servers[] (DNSServerOptions){oneOf:12}.server,"{""type"":""string""}",yes; conditional core requirements still apply,,https://github.com/SagerNet/sing-box/blob/v1.13.21/option/dns.go#L333
$.dns (DNSOptions).servers[] (DNSServerOptions){oneOf:12}.server_port,"{""maximum"":65535,""minimum"":0,""type"":""integer""}",yes; conditional core requirements still apply,,https://github.com/SagerNet/sing-box/blob/v1.13.21/option/dns.go#L334
$.dns (DNSOptions).servers[] (DNSServerOptions){oneOf:12}.tag,"{""type"":""string""}",yes; conditional core requirements still apply,,https://github.com/SagerNet/sing-box/blob/v1.13.21/option/dns.go#L22
$.dns (DNSOptions).servers[] (DNSServerOptions){oneOf:12}.tcp_fast_open,"{""type"":""boolean""}",yes; conditional core requirements still apply,,https://github.com/SagerNet/sing-box/blob/v1.13.21/option/outbound.go#L78
$.dns (DNSOptions).servers[] (DNSServerOptions){oneOf:12}.tcp_keep_alive,"{""$ref"":""#/$defs/badoption_Duration""}",yes; conditional core requirements still apply,,https://github.com/SagerNet/sing-box/blob/v1.13.21/option/outbound.go#L81
$.dns (DNSOptions).servers[] (DNSServerOptions){oneOf:12}.tcp_keep_alive_interval,"{""$ref"":""#/$defs/badoption_Duration""}",yes; conditional core requirements still apply,,https://github.com/SagerNet/sing-box/blob/v1.13.21/option/outbound.go#L82
$.dns (DNSOptions).servers[] (DNSServerOptions){oneOf:12}.tcp_multi_path,"{""type"":""boolean""}",yes; conditional core requirements still apply,,https://github.com/SagerNet/sing-box/blob/v1.13.21/option/outbound.go#L79
$.dns (DNSOptions).servers[] (DNSServerOptions){oneOf:12}.type,"{""const"":""udp""}",no in this branch,,https://github.com/SagerNet/sing-box/blob/v1.13.21/option/dns.go#L22
$.dns (DNSOptions).servers[] (DNSServerOptions){oneOf:12}.udp_fragment,"{""type"":""boolean""}",yes; conditional core requirements still apply,,https://github.com/SagerNet/sing-box/blob/v1.13.21/option/outbound.go#L83
$.dns (DNSOptions).strategy,"{""$ref"":""#/$defs/DomainStrategy""}",yes; conditional core requirements still apply,,https://github.com/SagerNet/sing-box/blob/v1.13.21/option/dns.go#L106
$.endpoints,"{""items"":{""$ref"":""#/$defs/Endpoint""},""type"":[""array"",""null""]}",yes; conditional core requirements still apply,,https://github.com/SagerNet/sing-box/blob/v1.13.21/option/options.go#L19
$.endpoints[] (Endpoint){oneOf:0}.accept_routes,"{""type"":""boolean""}",yes; conditional core requirements still apply,,https://github.com/SagerNet/sing-box/blob/v1.13.21/option/tailscale.go#L20
$.endpoints[] (Endpoint){oneOf:0}.advertise_exit_node,"{""type"":""boolean""}",yes; conditional core requirements still apply,,https://github.com/SagerNet/sing-box/blob/v1.13.21/option/tailscale.go#L24
$.endpoints[] (Endpoint){oneOf:0}.advertise_routes,"{""items"":{""type"":""string""},""type"":""array""}",yes; conditional core requirements still apply,,https://github.com/SagerNet/sing-box/blob/v1.13.21/option/tailscale.go#L23
$.endpoints[] (Endpoint){oneOf:0}.advertise_tags,"{""anyOf"":[{""type"":""string""},{""items"":{""type"":""string""},""type"":""array""}]}",yes; conditional core requirements still apply,,https://github.com/SagerNet/sing-box/blob/v1.13.21/option/tailscale.go#L25
$.endpoints[] (Endpoint){oneOf:0}.auth_key,"{""type"":""string""}",yes; conditional core requirements still apply,,https://github.com/SagerNet/sing-box/blob/v1.13.21/option/tailscale.go#L16
$.endpoints[] (Endpoint){oneOf:0}.bind_address_no_port,"{""type"":""boolean""}",yes; conditional core requirements still apply,,https://github.com/SagerNet/sing-box/blob/v1.13.21/option/outbound.go#L72
$.endpoints[] (Endpoint){oneOf:0}.bind_interface,"{""type"":""string""}",yes; conditional core requirements still apply,,https://github.com/SagerNet/sing-box/blob/v1.13.21/option/outbound.go#L69
$.endpoints[] (Endpoint){oneOf:0}.connect_timeout,"{""$ref"":""#/$defs/badoption_Duration""}",yes; conditional core requirements still apply,,https://github.com/SagerNet/sing-box/blob/v1.13.21/option/outbound.go#L77
$.endpoints[] (Endpoint){oneOf:0}.control_url,"{""type"":""string""}",yes; conditional core requirements still apply,,https://github.com/SagerNet/sing-box/blob/v1.13.21/option/tailscale.go#L17
$.endpoints[] (Endpoint){oneOf:0}.detour,"{""type"":""string""}",yes; conditional core requirements still apply,,https://github.com/SagerNet/sing-box/blob/v1.13.21/option/outbound.go#L68
$.endpoints[] (Endpoint){oneOf:0}.disable_tcp_keep_alive,"{""type"":""boolean""}",yes; conditional core requirements still apply,,https://github.com/SagerNet/sing-box/blob/v1.13.21/option/outbound.go#L80
$.endpoints[] (Endpoint){oneOf:0}.domain_resolver,"{""$ref"":""#/$defs/DomainResolveOptions""}",yes; conditional core requirements still apply,,https://github.com/SagerNet/sing-box/blob/v1.13.21/option/outbound.go#L85
$.endpoints[] (Endpoint){oneOf:0}.domain_strategy,"{""$ref"":""#/$defs/DomainStrategy""}",yes; conditional core requirements still apply,Deprecated: migrated to domain resolver,https://github.com/SagerNet/sing-box/blob/v1.13.21/option/outbound.go#L92
$.endpoints[] (Endpoint){oneOf:0}.ephemeral,"{""type"":""boolean""}",yes; conditional core requirements still apply,,https://github.com/SagerNet/sing-box/blob/v1.13.21/option/tailscale.go#L18
$.endpoints[] (Endpoint){oneOf:0}.exit_node,"{""type"":""string""}",yes; conditional core requirements still apply,,https://github.com/SagerNet/sing-box/blob/v1.13.21/option/tailscale.go#L21
$.endpoints[] (Endpoint){oneOf:0}.exit_node_allow_lan_access,"{""type"":""boolean""}",yes; conditional core requirements still apply,,https://github.com/SagerNet/sing-box/blob/v1.13.21/option/tailscale.go#L22
$.endpoints[] (Endpoint){oneOf:0}.fallback_delay,"{""$ref"":""#/$defs/badoption_Duration""}",yes; conditional core requirements still apply,,https://github.com/SagerNet/sing-box/blob/v1.13.21/option/outbound.go#L89
$.endpoints[] (Endpoint){oneOf:0}.fallback_network_type,"{""anyOf"":[{""$ref"":""#/$defs/InterfaceType""},{""items"":{""$ref"":""#/$defs/InterfaceType""},""type"":""array""}]}",yes; conditional core requirements still apply,,https://github.com/SagerNet/sing-box/blob/v1.13.21/option/outbound.go#L88
$.endpoints[] (Endpoint){oneOf:0}.hostname,"{""type"":""string""}",yes; conditional core requirements still apply,,https://github.com/SagerNet/sing-box/blob/v1.13.21/option/tailscale.go#L19
$.endpoints[] (Endpoint){oneOf:0}.inet4_bind_address,"{""type"":""string""}",yes; conditional core requirements still apply,,https://github.com/SagerNet/sing-box/blob/v1.13.21/option/outbound.go#L70
$.endpoints[] (Endpoint){oneOf:0}.inet6_bind_address,"{""type"":""string""}",yes; conditional core requirements still apply,,https://github.com/SagerNet/sing-box/blob/v1.13.21/option/outbound.go#L71
$.endpoints[] (Endpoint){oneOf:0}.netns,"{""type"":""string""}",yes; conditional core requirements still apply,,https://github.com/SagerNet/sing-box/blob/v1.13.21/option/outbound.go#L76
$.endpoints[] (Endpoint){oneOf:0}.network_strategy,"{""$ref"":""#/$defs/NetworkStrategy""}",yes; conditional core requirements still apply,,https://github.com/SagerNet/sing-box/blob/v1.13.21/option/outbound.go#L86
$.endpoints[] (Endpoint){oneOf:0}.network_type,"{""anyOf"":[{""$ref"":""#/$defs/InterfaceType""},{""items"":{""$ref"":""#/$defs/InterfaceType""},""type"":""array""}]}",yes; conditional core requirements still apply,,https://github.com/SagerNet/sing-box/blob/v1.13.21/option/outbound.go#L87
$.endpoints[] (Endpoint){oneOf:0}.protect_path,"{""type"":""string""}",yes; conditional core requirements still apply,,https://github.com/SagerNet/sing-box/blob/v1.13.21/option/outbound.go#L73
$.endpoints[] (Endpoint){oneOf:0}.relay_server_port,"{""maximum"":65535,""minimum"":0,""type"":""integer""}",yes; conditional core requirements still apply,,https://github.com/SagerNet/sing-box/blob/v1.13.21/option/tailscale.go#L26
$.endpoints[] (Endpoint){oneOf:0}.relay_server_static_endpoints,"{""items"":{""type"":""string""},""type"":""array""}",yes; conditional core requirements still apply,,https://github.com/SagerNet/sing-box/blob/v1.13.21/option/tailscale.go#L27
$.endpoints[] (Endpoint){oneOf:0}.reuse_addr,"{""type"":""boolean""}",yes; conditional core requirements still apply,,https://github.com/SagerNet/sing-box/blob/v1.13.21/option/outbound.go#L75
$.endpoints[] (Endpoint){oneOf:0}.routing_mark,"{""$ref"":""#/$defs/FwMark""}",yes; conditional core requirements still apply,,https://github.com/SagerNet/sing-box/blob/v1.13.21/option/outbound.go#L74
$.endpoints[] (Endpoint){oneOf:0}.state_directory,"{""type"":""string""}",yes; conditional core requirements still apply,,https://github.com/SagerNet/sing-box/blob/v1.13.21/option/tailscale.go#L15
$.endpoints[] (Endpoint){oneOf:0}.system_interface,"{""type"":""boolean""}",yes; conditional core requirements still apply,,https://github.com/SagerNet/sing-box/blob/v1.13.21/option/tailscale.go#L28
$.endpoints[] (Endpoint){oneOf:0}.system_interface_mtu,"{""maximum"":4294967295,""minimum"":0,""type"":""integer""}",yes; conditional core requirements still apply,,https://github.com/SagerNet/sing-box/blob/v1.13.21/option/tailscale.go#L30
$.endpoints[] (Endpoint){oneOf:0}.system_interface_name,"{""type"":""string""}",yes; conditional core requirements still apply,,https://github.com/SagerNet/sing-box/blob/v1.13.21/option/tailscale.go#L29
$.endpoints[] (Endpoint){oneOf:0}.tag,"{""type"":""string""}",yes; conditional core requirements still apply,,https://github.com/SagerNet/sing-box/blob/v1.13.21/option/options.go#L19
$.endpoints[] (Endpoint){oneOf:0}.tcp_fast_open,"{""type"":""boolean""}",yes; conditional core requirements still apply,,https://github.com/SagerNet/sing-box/blob/v1.13.21/option/outbound.go#L78
$.endpoints[] (Endpoint){oneOf:0}.tcp_keep_alive,"{""$ref"":""#/$defs/badoption_Duration""}",yes; conditional core requirements still apply,,https://github.com/SagerNet/sing-box/blob/v1.13.21/option/outbound.go#L81
$.endpoints[] (Endpoint){oneOf:0}.tcp_keep_alive_interval,"{""$ref"":""#/$defs/badoption_Duration""}",yes; conditional core requirements still apply,,https://github.com/SagerNet/sing-box/blob/v1.13.21/option/outbound.go#L82
$.endpoints[] (Endpoint){oneOf:0}.tcp_multi_path,"{""type"":""boolean""}",yes; conditional core requirements still apply,,https://github.com/SagerNet/sing-box/blob/v1.13.21/option/outbound.go#L79
$.endpoints[] (Endpoint){oneOf:0}.type,"{""const"":""tailscale""}",no in this branch,,https://github.com/SagerNet/sing-box/blob/v1.13.21/option/options.go#L19
$.endpoints[] (Endpoint){oneOf:0}.udp_fragment,"{""type"":""boolean""}",yes; conditional core requirements still apply,,https://github.com/SagerNet/sing-box/blob/v1.13.21/option/outbound.go#L83
$.endpoints[] (Endpoint){oneOf:0}.udp_timeout,"{""$ref"":""#/$defs/UDPTimeoutCompat""}",yes; conditional core requirements still apply,,https://github.com/SagerNet/sing-box/blob/v1.13.21/option/tailscale.go#L31
$.endpoints[] (Endpoint){oneOf:1}.address,"{""anyOf"":[{""type"":""string""},{""items"":{""type"":""string""},""type"":""array""}]}",yes; conditional core requirements still apply,,https://github.com/SagerNet/sing-box/blob/v1.13.21/option/wireguard.go#L13
$.endpoints[] (Endpoint){oneOf:1}.bind_address_no_port,"{""type"":""boolean""}",yes; conditional core requirements still apply,,https://github.com/SagerNet/sing-box/blob/v1.13.21/option/outbound.go#L72
$.endpoints[] (Endpoint){oneOf:1}.bind_interface,"{""type"":""string""}",yes; conditional core requirements still apply,,https://github.com/SagerNet/sing-box/blob/v1.13.21/option/outbound.go#L69
$.endpoints[] (Endpoint){oneOf:1}.connect_timeout,"{""$ref"":""#/$defs/badoption_Duration""}",yes; conditional core requirements still apply,,https://github.com/SagerNet/sing-box/blob/v1.13.21/option/outbound.go#L77
$.endpoints[] (Endpoint){oneOf:1}.detour,"{""type"":""string""}",yes; conditional core requirements still apply,,https://github.com/SagerNet/sing-box/blob/v1.13.21/option/outbound.go#L68
$.endpoints[] (Endpoint){oneOf:1}.disable_tcp_keep_alive,"{""type"":""boolean""}",yes; conditional core requirements still apply,,https://github.com/SagerNet/sing-box/blob/v1.13.21/option/outbound.go#L80
$.endpoints[] (Endpoint){oneOf:1}.domain_resolver,"{""$ref"":""#/$defs/DomainResolveOptions""}",yes; conditional core requirements still apply,,https://github.com/SagerNet/sing-box/blob/v1.13.21/option/outbound.go#L85
$.endpoints[] (Endpoint){oneOf:1}.domain_strategy,"{""$ref"":""#/$defs/DomainStrategy""}",yes; conditional core requirements still apply,Deprecated: migrated to domain resolver,https://github.com/SagerNet/sing-box/blob/v1.13.21/option/outbound.go#L92
$.endpoints[] (Endpoint){oneOf:1}.fallback_delay,"{""$ref"":""#/$defs/badoption_Duration""}",yes; conditional core requirements still apply,,https://github.com/SagerNet/sing-box/blob/v1.13.21/option/outbound.go#L89
$.endpoints[] (Endpoint){oneOf:1}.fallback_network_type,"{""anyOf"":[{""$ref"":""#/$defs/InterfaceType""},{""items"":{""$ref"":""#/$defs/InterfaceType""},""type"":""array""}]}",yes; conditional core requirements still apply,,https://github.com/SagerNet/sing-box/blob/v1.13.21/option/outbound.go#L88
$.endpoints[] (Endpoint){oneOf:1}.inet4_bind_address,"{""type"":""string""}",yes; conditional core requirements still apply,,https://github.com/SagerNet/sing-box/blob/v1.13.21/option/outbound.go#L70
$.endpoints[] (Endpoint){oneOf:1}.inet6_bind_address,"{""type"":""string""}",yes; conditional core requirements still apply,,https://github.com/SagerNet/sing-box/blob/v1.13.21/option/outbound.go#L71
$.endpoints[] (Endpoint){oneOf:1}.listen_port,"{""maximum"":65535,""minimum"":0,""type"":""integer""}",yes; conditional core requirements still apply,,https://github.com/SagerNet/sing-box/blob/v1.13.21/option/wireguard.go#L15
$.endpoints[] (Endpoint){oneOf:1}.mtu,"{""maximum"":4294967295,""minimum"":0,""type"":""integer""}",yes; conditional core requirements still apply,,https://github.com/SagerNet/sing-box/blob/v1.13.21/option/wireguard.go#L12
$.endpoints[] (Endpoint){oneOf:1}.name,"{""type"":""string""}",yes; conditional core requirements still apply,,https://github.com/SagerNet/sing-box/blob/v1.13.21/option/wireguard.go#L11
$.endpoints[] (Endpoint){oneOf:1}.netns,"{""type"":""string""}",yes; conditional core requirements still apply,,https://github.com/SagerNet/sing-box/blob/v1.13.21/option/outbound.go#L76
$.endpoints[] (Endpoint){oneOf:1}.network_strategy,"{""$ref"":""#/$defs/NetworkStrategy""}",yes; conditional core requirements still apply,,https://github.com/SagerNet/sing-box/blob/v1.13.21/option/outbound.go#L86
$.endpoints[] (Endpoint){oneOf:1}.network_type,"{""anyOf"":[{""$ref"":""#/$defs/InterfaceType""},{""items"":{""$ref"":""#/$defs/InterfaceType""},""type"":""array""}]}",yes; conditional core requirements still apply,,https://github.com/SagerNet/sing-box/blob/v1.13.21/option/outbound.go#L87
$.endpoints[] (Endpoint){oneOf:1}.peers,"{""items"":{""$ref"":""#/$defs/WireGuardPeer""},""type"":""array""}",yes; conditional core requirements still apply,,https://github.com/SagerNet/sing-box/blob/v1.13.21/option/wireguard.go#L16
$.endpoints[] (Endpoint){oneOf:1}.peers[] (WireGuardPeer).address,"{""type"":""string""}",yes; conditional core requirements still apply,,https://github.com/SagerNet/sing-box/blob/v1.13.21/option/wireguard.go#L23
$.endpoints[] (Endpoint){oneOf:1}.peers[] (WireGuardPeer).allowed_ips,"{""anyOf"":[{""type"":""string""},{""items"":{""type"":""string""},""type"":""array""}]}",yes; conditional core requirements still apply,,https://github.com/SagerNet/sing-box/blob/v1.13.21/option/wireguard.go#L27
$.endpoints[] (Endpoint){oneOf:1}.peers[] (WireGuardPeer).persistent_keepalive_interval,"{""maximum"":65535,""minimum"":0,""type"":""integer""}",yes; conditional core requirements still apply,,https://github.com/SagerNet/sing-box/blob/v1.13.21/option/wireguard.go#L28
$.endpoints[] (Endpoint){oneOf:1}.peers[] (WireGuardPeer).port,"{""maximum"":65535,""minimum"":0,""type"":""integer""}",yes; conditional core requirements still apply,,https://github.com/SagerNet/sing-box/blob/v1.13.21/option/wireguard.go#L24
$.endpoints[] (Endpoint){oneOf:1}.peers[] (WireGuardPeer).pre_shared_key,"{""type"":""string""}",yes; conditional core requirements still apply,,https://github.com/SagerNet/sing-box/blob/v1.13.21/option/wireguard.go#L26
$.endpoints[] (Endpoint){oneOf:1}.peers[] (WireGuardPeer).public_key,"{""type"":""string""}",yes; conditional core requirements still apply,,https://github.com/SagerNet/sing-box/blob/v1.13.21/option/wireguard.go#L25
$.endpoints[] (Endpoint){oneOf:1}.peers[] (WireGuardPeer).reserved,"{""anyOf"":[{""contentEncoding"":""base64"",""type"":""string""},{""items"":{""maximum"":255,""minimum"":0,""type"":""integer""},""type"":""array""}]}",yes; conditional core requirements still apply,,https://github.com/SagerNet/sing-box/blob/v1.13.21/option/wireguard.go#L29
$.endpoints[] (Endpoint){oneOf:1}.private_key,"{""type"":""string""}",yes; conditional core requirements still apply,,https://github.com/SagerNet/sing-box/blob/v1.13.21/option/wireguard.go#L14
$.endpoints[] (Endpoint){oneOf:1}.protect_path,"{""type"":""string""}",yes; conditional core requirements still apply,,https://github.com/SagerNet/sing-box/blob/v1.13.21/option/outbound.go#L73
$.endpoints[] (Endpoint){oneOf:1}.reuse_addr,"{""type"":""boolean""}",yes; conditional core requirements still apply,,https://github.com/SagerNet/sing-box/blob/v1.13.21/option/outbound.go#L75
$.endpoints[] (Endpoint){oneOf:1}.routing_mark,"{""$ref"":""#/$defs/FwMark""}",yes; conditional core requirements still apply,,https://github.com/SagerNet/sing-box/blob/v1.13.21/option/outbound.go#L74
$.endpoints[] (Endpoint){oneOf:1}.system,"{""type"":""boolean""}",yes; conditional core requirements still apply,,https://github.com/SagerNet/sing-box/blob/v1.13.21/option/wireguard.go#L10
$.endpoints[] (Endpoint){oneOf:1}.tag,"{""type"":""string""}",yes; conditional core requirements still apply,,https://github.com/SagerNet/sing-box/blob/v1.13.21/option/options.go#L19
$.endpoints[] (Endpoint){oneOf:1}.tcp_fast_open,"{""type"":""boolean""}",yes; conditional core requirements still apply,,https://github.com/SagerNet/sing-box/blob/v1.13.21/option/outbound.go#L78
$.endpoints[] (Endpoint){oneOf:1}.tcp_keep_alive,"{""$ref"":""#/$defs/badoption_Duration""}",yes; conditional core requirements still apply,,https://github.com/SagerNet/sing-box/blob/v1.13.21/option/outbound.go#L81
$.endpoints[] (Endpoint){oneOf:1}.tcp_keep_alive_interval,"{""$ref"":""#/$defs/badoption_Duration""}",yes; conditional core requirements still apply,,https://github.com/SagerNet/sing-box/blob/v1.13.21/option/outbound.go#L82
$.endpoints[] (Endpoint){oneOf:1}.tcp_multi_path,"{""type"":""boolean""}",yes; conditional core requirements still apply,,https://github.com/SagerNet/sing-box/blob/v1.13.21/option/outbound.go#L79
$.endpoints[] (Endpoint){oneOf:1}.type,"{""const"":""wireguard""}",no in this branch,,https://github.com/SagerNet/sing-box/blob/v1.13.21/option/options.go#L19
$.endpoints[] (Endpoint){oneOf:1}.udp_fragment,"{""type"":""boolean""}",yes; conditional core requirements still apply,,https://github.com/SagerNet/sing-box/blob/v1.13.21/option/outbound.go#L83
$.endpoints[] (Endpoint){oneOf:1}.udp_timeout,"{""$ref"":""#/$defs/badoption_Duration""}",yes; conditional core requirements still apply,,https://github.com/SagerNet/sing-box/blob/v1.13.21/option/wireguard.go#L17
$.endpoints[] (Endpoint){oneOf:1}.workers,"{""type"":""integer""}",yes; conditional core requirements still apply,,https://github.com/SagerNet/sing-box/blob/v1.13.21/option/wireguard.go#L18
$.experimental,"{""$ref"":""#/$defs/ExperimentalOptions""}",yes; conditional core requirements still apply,,https://github.com/SagerNet/sing-box/blob/v1.13.21/option/options.go#L24
$.experimental (ExperimentalOptions).cache_file,"{""$ref"":""#/$defs/CacheFileOptions""}",yes; conditional core requirements still apply,,https://github.com/SagerNet/sing-box/blob/v1.13.21/option/experimental.go#L6
$.experimental (ExperimentalOptions).cache_file (CacheFileOptions).cache_id,"{""type"":""string""}",yes; conditional core requirements still apply,,https://github.com/SagerNet/sing-box/blob/v1.13.21/option/experimental.go#L15
$.experimental (ExperimentalOptions).cache_file (CacheFileOptions).enabled,"{""type"":""boolean""}",yes; conditional core requirements still apply,,https://github.com/SagerNet/sing-box/blob/v1.13.21/option/experimental.go#L13
$.experimental (ExperimentalOptions).cache_file (CacheFileOptions).path,"{""type"":""string""}",yes; conditional core requirements still apply,,https://github.com/SagerNet/sing-box/blob/v1.13.21/option/experimental.go#L14
$.experimental (ExperimentalOptions).cache_file (CacheFileOptions).rdrc_timeout,"{""$ref"":""#/$defs/badoption_Duration""}",yes; conditional core requirements still apply,,https://github.com/SagerNet/sing-box/blob/v1.13.21/option/experimental.go#L18
$.experimental (ExperimentalOptions).cache_file (CacheFileOptions).store_fakeip,"{""type"":""boolean""}",yes; conditional core requirements still apply,,https://github.com/SagerNet/sing-box/blob/v1.13.21/option/experimental.go#L16
$.experimental (ExperimentalOptions).cache_file (CacheFileOptions).store_rdrc,"{""type"":""boolean""}",yes; conditional core requirements still apply,,https://github.com/SagerNet/sing-box/blob/v1.13.21/option/experimental.go#L17
$.experimental (ExperimentalOptions).clash_api,"{""$ref"":""#/$defs/ClashAPIOptions""}",yes; conditional core requirements still apply,,https://github.com/SagerNet/sing-box/blob/v1.13.21/option/experimental.go#L7
$.experimental (ExperimentalOptions).clash_api (ClashAPIOptions).access_control_allow_origin,"{""anyOf"":[{""type"":""string""},{""items"":{""type"":""string""},""type"":""array""}]}",yes; conditional core requirements still apply,,https://github.com/SagerNet/sing-box/blob/v1.13.21/option/experimental.go#L29
$.experimental (ExperimentalOptions).clash_api (ClashAPIOptions).access_control_allow_private_network,"{""type"":""boolean""}",yes; conditional core requirements still apply,,https://github.com/SagerNet/sing-box/blob/v1.13.21/option/experimental.go#L30
$.experimental (ExperimentalOptions).clash_api (ClashAPIOptions).cache_file,"{""type"":""string""}",yes; conditional core requirements still apply,Deprecated: migrated to global cache file,https://github.com/SagerNet/sing-box/blob/v1.13.21/option/experimental.go#L33
$.experimental (ExperimentalOptions).clash_api (ClashAPIOptions).cache_id,"{""type"":""string""}",yes; conditional core requirements still apply,Deprecated: migrated to global cache file,https://github.com/SagerNet/sing-box/blob/v1.13.21/option/experimental.go#L35
$.experimental (ExperimentalOptions).clash_api (ClashAPIOptions).default_mode,"{""type"":""string""}",yes; conditional core requirements still apply,,https://github.com/SagerNet/sing-box/blob/v1.13.21/option/experimental.go#L27
$.experimental (ExperimentalOptions).clash_api (ClashAPIOptions).external_controller,"{""type"":""string""}",yes; conditional core requirements still apply,,https://github.com/SagerNet/sing-box/blob/v1.13.21/option/experimental.go#L22
$.experimental (ExperimentalOptions).clash_api (ClashAPIOptions).external_ui,"{""type"":""string""}",yes; conditional core requirements still apply,,https://github.com/SagerNet/sing-box/blob/v1.13.21/option/experimental.go#L23
$.experimental (ExperimentalOptions).clash_api (ClashAPIOptions).external_ui_download_detour,"{""type"":""string""}",yes; conditional core requirements still apply,,https://github.com/SagerNet/sing-box/blob/v1.13.21/option/experimental.go#L25
$.experimental (ExperimentalOptions).clash_api (ClashAPIOptions).external_ui_download_url,"{""type"":""string""}",yes; conditional core requirements still apply,,https://github.com/SagerNet/sing-box/blob/v1.13.21/option/experimental.go#L24
$.experimental (ExperimentalOptions).clash_api (ClashAPIOptions).secret,"{""type"":""string""}",yes; conditional core requirements still apply,,https://github.com/SagerNet/sing-box/blob/v1.13.21/option/experimental.go#L26
$.experimental (ExperimentalOptions).clash_api (ClashAPIOptions).store_fakeip,"{""type"":""boolean""}",yes; conditional core requirements still apply,Deprecated: migrated to global cache file,https://github.com/SagerNet/sing-box/blob/v1.13.21/option/experimental.go#L41
$.experimental (ExperimentalOptions).clash_api (ClashAPIOptions).store_mode,"{""type"":""boolean""}",yes; conditional core requirements still apply,Deprecated: migrated to global cache file,https://github.com/SagerNet/sing-box/blob/v1.13.21/option/experimental.go#L37
$.experimental (ExperimentalOptions).clash_api (ClashAPIOptions).store_selected,"{""type"":""boolean""}",yes; conditional core requirements still apply,Deprecated: migrated to global cache file,https://github.com/SagerNet/sing-box/blob/v1.13.21/option/experimental.go#L39
$.experimental (ExperimentalOptions).debug,"{""$ref"":""#/$defs/DebugOptions""}",yes; conditional core requirements still apply,,https://github.com/SagerNet/sing-box/blob/v1.13.21/option/experimental.go#L9
$.experimental (ExperimentalOptions).debug (DebugOptions).gc_percent,"{""type"":""integer""}",yes; conditional core requirements still apply,,https://github.com/SagerNet/sing-box/blob/v1.13.21/option/debug.go#L7
$.experimental (ExperimentalOptions).debug (DebugOptions).listen,"{""type"":""string""}",yes; conditional core requirements still apply,,https://github.com/SagerNet/sing-box/blob/v1.13.21/option/debug.go#L6
$.experimental (ExperimentalOptions).debug (DebugOptions).max_stack,"{""type"":""integer""}",yes; conditional core requirements still apply,,https://github.com/SagerNet/sing-box/blob/v1.13.21/option/debug.go#L8
$.experimental (ExperimentalOptions).debug (DebugOptions).max_threads,"{""type"":""integer""}",yes; conditional core requirements still apply,,https://github.com/SagerNet/sing-box/blob/v1.13.21/option/debug.go#L9
$.experimental (ExperimentalOptions).debug (DebugOptions).memory_limit,"{""$ref"":""#/$defs/byteformats_MemoryBytes""}",yes; conditional core requirements still apply,,https://github.com/SagerNet/sing-box/blob/v1.13.21/option/debug.go#L12
$.experimental (ExperimentalOptions).debug (DebugOptions).oom_killer,"{""type"":""boolean""}",yes; conditional core requirements still apply,,https://github.com/SagerNet/sing-box/blob/v1.13.21/option/debug.go#L13
$.experimental (ExperimentalOptions).debug (DebugOptions).panic_on_fault,"{""type"":""boolean""}",yes; conditional core requirements still apply,,https://github.com/SagerNet/sing-box/blob/v1.13.21/option/debug.go#L10
$.experimental (ExperimentalOptions).debug (DebugOptions).trace_back,"{""type"":""string""}",yes; conditional core requirements still apply,,https://github.com/SagerNet/sing-box/blob/v1.13.21/option/debug.go#L11
$.experimental (ExperimentalOptions).v2ray_api,"{""$ref"":""#/$defs/V2RayAPIOptions""}",yes; conditional core requirements still apply,,https://github.com/SagerNet/sing-box/blob/v1.13.21/option/experimental.go#L8
$.experimental (ExperimentalOptions).v2ray_api (V2RayAPIOptions).listen,"{""type"":""string""}",yes; conditional core requirements still apply,,https://github.com/SagerNet/sing-box/blob/v1.13.21/option/experimental.go#L45
$.experimental (ExperimentalOptions).v2ray_api (V2RayAPIOptions).stats,"{""$ref"":""#/$defs/V2RayStatsServiceOptions""}",yes; conditional core requirements still apply,,https://github.com/SagerNet/sing-box/blob/v1.13.21/option/experimental.go#L46
$.experimental (ExperimentalOptions).v2ray_api (V2RayAPIOptions).stats (V2RayStatsServiceOptions).enabled,"{""type"":""boolean""}",yes; conditional core requirements still apply,,https://github.com/SagerNet/sing-box/blob/v1.13.21/option/experimental.go#L50
$.experimental (ExperimentalOptions).v2ray_api (V2RayAPIOptions).stats (V2RayStatsServiceOptions).inbounds,"{""items"":{""type"":""string""},""type"":""array""}",yes; conditional core requirements still apply,,https://github.com/SagerNet/sing-box/blob/v1.13.21/option/experimental.go#L51
$.experimental (ExperimentalOptions).v2ray_api (V2RayAPIOptions).stats (V2RayStatsServiceOptions).outbounds,"{""items"":{""type"":""string""},""type"":""array""}",yes; conditional core requirements still apply,,https://github.com/SagerNet/sing-box/blob/v1.13.21/option/experimental.go#L52
$.experimental (ExperimentalOptions).v2ray_api (V2RayAPIOptions).stats (V2RayStatsServiceOptions).users,"{""items"":{""type"":""string""},""type"":""array""}",yes; conditional core requirements still apply,,https://github.com/SagerNet/sing-box/blob/v1.13.21/option/experimental.go#L53
$.inbounds,"{""items"":{""$ref"":""#/$defs/Inbound""},""type"":[""array"",""null""]}",yes; conditional core requirements still apply,,https://github.com/SagerNet/sing-box/blob/v1.13.21/option/options.go#L20
$.inbounds[] (Inbound){oneOf:0}.bind_interface,"{""type"":""string""}",yes; conditional core requirements still apply,,https://github.com/SagerNet/sing-box/blob/v1.13.21/option/inbound.go#L69
$.inbounds[] (Inbound){oneOf:0}.detour,"{""type"":""string""}",yes; conditional core requirements still apply,,https://github.com/SagerNet/sing-box/blob/v1.13.21/option/inbound.go#L81
$.inbounds[] (Inbound){oneOf:0}.disable_tcp_keep_alive,"{""type"":""boolean""}",yes; conditional core requirements still apply,,https://github.com/SagerNet/sing-box/blob/v1.13.21/option/inbound.go#L73
$.inbounds[] (Inbound){oneOf:0}.listen,"{""type"":""string""}",yes; conditional core requirements still apply,,https://github.com/SagerNet/sing-box/blob/v1.13.21/option/inbound.go#L67
$.inbounds[] (Inbound){oneOf:0}.listen_port,"{""maximum"":65535,""minimum"":0,""type"":""integer""}",yes; conditional core requirements still apply,,https://github.com/SagerNet/sing-box/blob/v1.13.21/option/inbound.go#L68
$.inbounds[] (Inbound){oneOf:0}.netns,"{""type"":""string""}",yes; conditional core requirements still apply,,https://github.com/SagerNet/sing-box/blob/v1.13.21/option/inbound.go#L72
$.inbounds[] (Inbound){oneOf:0}.padding_scheme,"{""anyOf"":[{""type"":""string""},{""items"":{""type"":""string""},""type"":""array""}]}",yes; conditional core requirements still apply,,https://github.com/SagerNet/sing-box/blob/v1.13.21/option/anytls.go#L9
$.inbounds[] (Inbound){oneOf:0}.reuse_addr,"{""type"":""boolean""}",yes; conditional core requirements still apply,,https://github.com/SagerNet/sing-box/blob/v1.13.21/option/inbound.go#L71
$.inbounds[] (Inbound){oneOf:0}.routing_mark,"{""$ref"":""#/$defs/FwMark""}",yes; conditional core requirements still apply,,https://github.com/SagerNet/sing-box/blob/v1.13.21/option/inbound.go#L70
$.inbounds[] (Inbound){oneOf:0}.tag,"{""type"":""string""}",yes; conditional core requirements still apply,,https://github.com/SagerNet/sing-box/blob/v1.13.21/option/options.go#L20
$.inbounds[] (Inbound){oneOf:0}.tcp_fast_open,"{""type"":""boolean""}",yes; conditional core requirements still apply,,https://github.com/SagerNet/sing-box/blob/v1.13.21/option/inbound.go#L76
$.inbounds[] (Inbound){oneOf:0}.tcp_keep_alive,"{""$ref"":""#/$defs/badoption_Duration""}",yes; conditional core requirements still apply,,https://github.com/SagerNet/sing-box/blob/v1.13.21/option/inbound.go#L74
$.inbounds[] (Inbound){oneOf:0}.tcp_keep_alive_interval,"{""$ref"":""#/$defs/badoption_Duration""}",yes; conditional core requirements still apply,,https://github.com/SagerNet/sing-box/blob/v1.13.21/option/inbound.go#L75
$.inbounds[] (Inbound){oneOf:0}.tcp_multi_path,"{""type"":""boolean""}",yes; conditional core requirements still apply,,https://github.com/SagerNet/sing-box/blob/v1.13.21/option/inbound.go#L77
$.inbounds[] (Inbound){oneOf:0}.tls,"{""$ref"":""#/$defs/InboundTLSOptions""}",yes; conditional core requirements still apply,,https://github.com/SagerNet/sing-box/blob/v1.13.21/option/tls.go#L81
$.inbounds[] (Inbound){oneOf:0}.tls (InboundTLSOptions).acme,"{""$ref"":""#/$defs/InboundACMEOptions""}",yes; conditional core requirements still apply,,https://github.com/SagerNet/sing-box/blob/v1.13.21/option/tls.go#L31
$.inbounds[] (Inbound){oneOf:0}.tls (InboundTLSOptions).acme (InboundACMEOptions).alternative_http_port,"{""maximum"":65535,""minimum"":0,""type"":""integer""}",yes; conditional core requirements still apply,,https://github.com/SagerNet/sing-box/blob/v1.13.21/option/tls_acme.go#L19
$.inbounds[] (Inbound){oneOf:0}.tls (InboundTLSOptions).acme (InboundACMEOptions).alternative_tls_port,"{""maximum"":65535,""minimum"":0,""type"":""integer""}",yes; conditional core requirements still apply,,https://github.com/SagerNet/sing-box/blob/v1.13.21/option/tls_acme.go#L20
$.inbounds[] (Inbound){oneOf:0}.tls (InboundTLSOptions).acme (InboundACMEOptions).data_directory,"{""type"":""string""}",yes; conditional core requirements still apply,,https://github.com/SagerNet/sing-box/blob/v1.13.21/option/tls_acme.go#L13
$.inbounds[] (Inbound){oneOf:0}.tls (InboundTLSOptions).acme (InboundACMEOptions).default_server_name,"{""type"":""string""}",yes; conditional core requirements still apply,,https://github.com/SagerNet/sing-box/blob/v1.13.21/option/tls_acme.go#L14
$.inbounds[] (Inbound){oneOf:0}.tls (InboundTLSOptions).acme (InboundACMEOptions).disable_http_challenge,"{""type"":""boolean""}",yes; conditional core requirements still apply,,https://github.com/SagerNet/sing-box/blob/v1.13.21/option/tls_acme.go#L17
$.inbounds[] (Inbound){oneOf:0}.tls (InboundTLSOptions).acme (InboundACMEOptions).disable_tls_alpn_challenge,"{""type"":""boolean""}",yes; conditional core requirements still apply,,https://github.com/SagerNet/sing-box/blob/v1.13.21/option/tls_acme.go#L18
$.inbounds[] (Inbound){oneOf:0}.tls (InboundTLSOptions).acme (InboundACMEOptions).dns01_challenge,"{""$ref"":""#/$defs/ACMEDNS01ChallengeOptions""}",yes; conditional core requirements still apply,,https://github.com/SagerNet/sing-box/blob/v1.13.21/option/tls_acme.go#L22
$.inbounds[] (Inbound){oneOf:0}.tls (InboundTLSOptions).acme (InboundACMEOptions).dns01_challenge (ACMEDNS01ChallengeOptions){oneOf:0}.password,"{""type"":""string""}",yes; conditional core requirements still apply,,https://github.com/SagerNet/sing-box/blob/v1.13.21/option/tls_acme.go#L93
$.inbounds[] (Inbound){oneOf:0}.tls (InboundTLSOptions).acme (InboundACMEOptions).dns01_challenge (ACMEDNS01ChallengeOptions){oneOf:0}.provider,"{""const"":""acmedns""}",no in this branch,,https://github.com/SagerNet/sing-box/blob/v1.13.21/option/tls_acme.go#L22
$.inbounds[] (Inbound){oneOf:0}.tls (InboundTLSOptions).acme (InboundACMEOptions).dns01_challenge (ACMEDNS01ChallengeOptions){oneOf:0}.server_url,"{""type"":""string""}",yes; conditional core requirements still apply,,https://github.com/SagerNet/sing-box/blob/v1.13.21/option/tls_acme.go#L95
$.inbounds[] (Inbound){oneOf:0}.tls (InboundTLSOptions).acme (InboundACMEOptions).dns01_challenge (ACMEDNS01ChallengeOptions){oneOf:0}.subdomain,"{""type"":""string""}",yes; conditional core requirements still apply,,https://github.com/SagerNet/sing-box/blob/v1.13.21/option/tls_acme.go#L94
$.inbounds[] (Inbound){oneOf:0}.tls (InboundTLSOptions).acme (InboundACMEOptions).dns01_challenge (ACMEDNS01ChallengeOptions){oneOf:0}.username,"{""type"":""string""}",yes; conditional core requirements still apply,,https://github.com/SagerNet/sing-box/blob/v1.13.21/option/tls_acme.go#L92
$.inbounds[] (Inbound){oneOf:0}.tls (InboundTLSOptions).acme (InboundACMEOptions).dns01_challenge (ACMEDNS01ChallengeOptions){oneOf:1}.access_key_id,"{""type"":""string""}",yes; conditional core requirements still apply,,https://github.com/SagerNet/sing-box/blob/v1.13.21/option/tls_acme.go#L80
$.inbounds[] (Inbound){oneOf:0}.tls (InboundTLSOptions).acme (InboundACMEOptions).dns01_challenge (ACMEDNS01ChallengeOptions){oneOf:1}.access_key_secret,"{""type"":""string""}",yes; conditional core requirements still apply,,https://github.com/SagerNet/sing-box/blob/v1.13.21/option/tls_acme.go#L81
$.inbounds[] (Inbound){oneOf:0}.tls (InboundTLSOptions).acme (InboundACMEOptions).dns01_challenge (ACMEDNS01ChallengeOptions){oneOf:1}.provider,"{""const"":""alidns""}",no in this branch,,https://github.com/SagerNet/sing-box/blob/v1.13.21/option/tls_acme.go#L22
$.inbounds[] (Inbound){oneOf:0}.tls (InboundTLSOptions).acme (InboundACMEOptions).dns01_challenge (ACMEDNS01ChallengeOptions){oneOf:1}.region_id,"{""type"":""string""}",yes; conditional core requirements still apply,,https://github.com/SagerNet/sing-box/blob/v1.13.21/option/tls_acme.go#L82
$.inbounds[] (Inbound){oneOf:0}.tls (InboundTLSOptions).acme (InboundACMEOptions).dns01_challenge (ACMEDNS01ChallengeOptions){oneOf:1}.security_token,"{""type"":""string""}",yes; conditional core requirements still apply,,https://github.com/SagerNet/sing-box/blob/v1.13.21/option/tls_acme.go#L83
$.inbounds[] (Inbound){oneOf:0}.tls (InboundTLSOptions).acme (InboundACMEOptions).dns01_challenge (ACMEDNS01ChallengeOptions){oneOf:2}.api_token,"{""type"":""string""}",yes; conditional core requirements still apply,,https://github.com/SagerNet/sing-box/blob/v1.13.21/option/tls_acme.go#L87
$.inbounds[] (Inbound){oneOf:0}.tls (InboundTLSOptions).acme (InboundACMEOptions).dns01_challenge (ACMEDNS01ChallengeOptions){oneOf:2}.provider,"{""const"":""cloudflare""}",no in this branch,,https://github.com/SagerNet/sing-box/blob/v1.13.21/option/tls_acme.go#L22
$.inbounds[] (Inbound){oneOf:0}.tls (InboundTLSOptions).acme (InboundACMEOptions).dns01_challenge (ACMEDNS01ChallengeOptions){oneOf:2}.zone_token,"{""type"":""string""}",yes; conditional core requirements still apply,,https://github.com/SagerNet/sing-box/blob/v1.13.21/option/tls_acme.go#L88
$.inbounds[] (Inbound){oneOf:0}.tls (InboundTLSOptions).acme (InboundACMEOptions).domain,"{""anyOf"":[{""type"":""string""},{""items"":{""type"":""string""},""type"":""array""}]}",yes; conditional core requirements still apply,,https://github.com/SagerNet/sing-box/blob/v1.13.21/option/tls_acme.go#L12
$.inbounds[] (Inbound){oneOf:0}.tls (InboundTLSOptions).acme (InboundACMEOptions).email,"{""type"":""string""}",yes; conditional core requirements still apply,,https://github.com/SagerNet/sing-box/blob/v1.13.21/option/tls_acme.go#L15
$.inbounds[] (Inbound){oneOf:0}.tls (InboundTLSOptions).acme (InboundACMEOptions).external_account,"{""$ref"":""#/$defs/ACMEExternalAccountOptions""}",yes; conditional core requirements still apply,,https://github.com/SagerNet/sing-box/blob/v1.13.21/option/tls_acme.go#L21
$.inbounds[] (Inbound){oneOf:0}.tls (InboundTLSOptions).acme (InboundACMEOptions).external_account (ACMEExternalAccountOptions).key_id,"{""type"":""string""}",yes; conditional core requirements still apply,,https://github.com/SagerNet/sing-box/blob/v1.13.21/option/tls_acme.go#L26
$.inbounds[] (Inbound){oneOf:0}.tls (InboundTLSOptions).acme (InboundACMEOptions).external_account (ACMEExternalAccountOptions).mac_key,"{""type"":""string""}",yes; conditional core requirements still apply,,https://github.com/SagerNet/sing-box/blob/v1.13.21/option/tls_acme.go#L27
$.inbounds[] (Inbound){oneOf:0}.tls (InboundTLSOptions).acme (InboundACMEOptions).provider,"{""type"":""string""}",yes; conditional core requirements still apply,,https://github.com/SagerNet/sing-box/blob/v1.13.21/option/tls_acme.go#L16
$.inbounds[] (Inbound){oneOf:0}.tls (InboundTLSOptions).alpn,"{""anyOf"":[{""type"":""string""},{""items"":{""type"":""string""},""type"":""array""}]}",yes; conditional core requirements still apply,,https://github.com/SagerNet/sing-box/blob/v1.13.21/option/tls.go#L16
$.inbounds[] (Inbound){oneOf:0}.tls (InboundTLSOptions).certificate,"{""anyOf"":[{""type"":""string""},{""items"":{""type"":""string""},""type"":""array""}]}",yes; conditional core requirements still apply,,https://github.com/SagerNet/sing-box/blob/v1.13.21/option/tls.go#L21
$.inbounds[] (Inbound){oneOf:0}.tls (InboundTLSOptions).certificate_path,"{""type"":""string""}",yes; conditional core requirements still apply,,https://github.com/SagerNet/sing-box/blob/v1.13.21/option/tls.go#L22
$.inbounds[] (Inbound){oneOf:0}.tls (InboundTLSOptions).cipher_suites,"{""anyOf"":[{""type"":""string""},{""items"":{""type"":""string""},""type"":""array""}]}",yes; conditional core requirements still apply,,https://github.com/SagerNet/sing-box/blob/v1.13.21/option/tls.go#L19
$.inbounds[] (Inbound){oneOf:0}.tls (InboundTLSOptions).client_authentication,"{""$ref"":""#/$defs/ClientAuthType""}",yes; conditional core requirements still apply,,https://github.com/SagerNet/sing-box/blob/v1.13.21/option/tls.go#L23
$.inbounds[] (Inbound){oneOf:0}.tls (InboundTLSOptions).client_certificate,"{""anyOf"":[{""type"":""string""},{""items"":{""type"":""string""},""type"":""array""}]}",yes; conditional core requirements still apply,,https://github.com/SagerNet/sing-box/blob/v1.13.21/option/tls.go#L24
$.inbounds[] (Inbound){oneOf:0}.tls (InboundTLSOptions).client_certificate_path,"{""anyOf"":[{""type"":""string""},{""items"":{""type"":""string""},""type"":""array""}]}",yes; conditional core requirements still apply,,https://github.com/SagerNet/sing-box/blob/v1.13.21/option/tls.go#L25
$.inbounds[] (Inbound){oneOf:0}.tls (InboundTLSOptions).client_certificate_public_key_sha256,"{""anyOf"":[{""anyOf"":[{""contentEncoding"":""base64"",""type"":""string""},{""items"":{""maximum"":255,""minimum"":0,""type"":""integer""},""type"":""array""}]},{""items"":{""anyOf"":[{""contentEncoding"":""base64"",""type"":""string""},{""items"":{""maximum"":255,""minimum"":0,""type"":""integer""},""type"":""array""}]},""type"":""array""}]}",yes; conditional core requirements still apply,,https://github.com/SagerNet/sing-box/blob/v1.13.21/option/tls.go#L26
$.inbounds[] (Inbound){oneOf:0}.tls (InboundTLSOptions).curve_preferences,"{""anyOf"":[{""$ref"":""#/$defs/CurvePreference""},{""items"":{""$ref"":""#/$defs/CurvePreference""},""type"":""array""}]}",yes; conditional core requirements still apply,,https://github.com/SagerNet/sing-box/blob/v1.13.21/option/tls.go#L20
$.inbounds[] (Inbound){oneOf:0}.tls (InboundTLSOptions).ech,"{""$ref"":""#/$defs/InboundECHOptions""}",yes; conditional core requirements still apply,,https://github.com/SagerNet/sing-box/blob/v1.13.21/option/tls.go#L32
$.inbounds[] (Inbound){oneOf:0}.tls (InboundTLSOptions).ech (InboundECHOptions).dynamic_record_sizing_disabled,"{""type"":""boolean""}",yes; conditional core requirements still apply,Deprecated: added by fault,https://github.com/SagerNet/sing-box/blob/v1.13.21/option/tls.go#L214
$.inbounds[] (Inbound){oneOf:0}.tls (InboundTLSOptions).ech (InboundECHOptions).enabled,"{""type"":""boolean""}",yes; conditional core requirements still apply,,https://github.com/SagerNet/sing-box/blob/v1.13.21/option/tls.go#L207
$.inbounds[] (Inbound){oneOf:0}.tls (InboundTLSOptions).ech (InboundECHOptions).key,"{""anyOf"":[{""type"":""string""},{""items"":{""type"":""string""},""type"":""array""}]}",yes; conditional core requirements still apply,,https://github.com/SagerNet/sing-box/blob/v1.13.21/option/tls.go#L208
$.inbounds[] (Inbound){oneOf:0}.tls (InboundTLSOptions).ech (InboundECHOptions).key_path,"{""type"":""string""}",yes; conditional core requirements still apply,,https://github.com/SagerNet/sing-box/blob/v1.13.21/option/tls.go#L209
$.inbounds[] (Inbound){oneOf:0}.tls (InboundTLSOptions).ech (InboundECHOptions).pq_signature_schemes_enabled,"{""type"":""boolean""}",yes; conditional core requirements still apply,Deprecated: not supported by stdlib,https://github.com/SagerNet/sing-box/blob/v1.13.21/option/tls.go#L212
$.inbounds[] (Inbound){oneOf:0}.tls (InboundTLSOptions).enabled,"{""type"":""boolean""}",yes; conditional core requirements still apply,,https://github.com/SagerNet/sing-box/blob/v1.13.21/option/tls.go#L13
$.inbounds[] (Inbound){oneOf:0}.tls (InboundTLSOptions).insecure,"{""type"":""boolean""}",yes; conditional core requirements still apply,,https://github.com/SagerNet/sing-box/blob/v1.13.21/option/tls.go#L15
$.inbounds[] (Inbound){oneOf:0}.tls (InboundTLSOptions).kernel_rx,"{""type"":""boolean""}",yes; conditional core requirements still apply,,https://github.com/SagerNet/sing-box/blob/v1.13.21/option/tls.go#L30
$.inbounds[] (Inbound){oneOf:0}.tls (InboundTLSOptions).kernel_tx,"{""type"":""boolean""}",yes; conditional core requirements still apply,,https://github.com/SagerNet/sing-box/blob/v1.13.21/option/tls.go#L29
$.inbounds[] (Inbound){oneOf:0}.tls (InboundTLSOptions).key,"{""anyOf"":[{""type"":""string""},{""items"":{""type"":""string""},""type"":""array""}]}",yes; conditional core requirements still apply,,https://github.com/SagerNet/sing-box/blob/v1.13.21/option/tls.go#L27
$.inbounds[] (Inbound){oneOf:0}.tls (InboundTLSOptions).key_path,"{""type"":""string""}",yes; conditional core requirements still apply,,https://github.com/SagerNet/sing-box/blob/v1.13.21/option/tls.go#L28
$.inbounds[] (Inbound){oneOf:0}.tls (InboundTLSOptions).max_version,"{""enum"":["""",""1.0"",""1.1"",""1.2"",""1.3""],""type"":""string""}",yes; conditional core requirements still apply,,https://github.com/SagerNet/sing-box/blob/v1.13.21/option/tls.go#L18
$.inbounds[] (Inbound){oneOf:0}.tls (InboundTLSOptions).min_version,"{""enum"":["""",""1.0"",""1.1"",""1.2"",""1.3""],""type"":""string""}",yes; conditional core requirements still apply,,https://github.com/SagerNet/sing-box/blob/v1.13.21/option/tls.go#L17
$.inbounds[] (Inbound){oneOf:0}.tls (InboundTLSOptions).reality,"{""$ref"":""#/$defs/InboundRealityOptions""}",yes; conditional core requirements still apply,,https://github.com/SagerNet/sing-box/blob/v1.13.21/option/tls.go#L33
$.inbounds[] (Inbound){oneOf:0}.tls (InboundTLSOptions).reality (InboundRealityOptions).enabled,"{""type"":""boolean""}",yes; conditional core requirements still apply,,https://github.com/SagerNet/sing-box/blob/v1.13.21/option/tls.go#L194
$.inbounds[] (Inbound){oneOf:0}.tls (InboundTLSOptions).reality (InboundRealityOptions).handshake,"{""$ref"":""#/$defs/InboundRealityHandshakeOptions""}",yes; conditional core requirements still apply,,https://github.com/SagerNet/sing-box/blob/v1.13.21/option/tls.go#L195
$.inbounds[] (Inbound){oneOf:0}.tls (InboundTLSOptions).reality (InboundRealityOptions).handshake (InboundRealityHandshakeOptions).bind_address_no_port,"{""type"":""boolean""}",yes; conditional core requirements still apply,,https://github.com/SagerNet/sing-box/blob/v1.13.21/option/outbound.go#L72
$.inbounds[] (Inbound){oneOf:0}.tls (InboundTLSOptions).reality (InboundRealityOptions).handshake (InboundRealityHandshakeOptions).bind_interface,"{""type"":""string""}",yes; conditional core requirements still apply,,https://github.com/SagerNet/sing-box/blob/v1.13.21/option/outbound.go#L69
$.inbounds[] (Inbound){oneOf:0}.tls (InboundTLSOptions).reality (InboundRealityOptions).handshake (InboundRealityHandshakeOptions).connect_timeout,"{""$ref"":""#/$defs/badoption_Duration""}",yes; conditional core requirements still apply,,https://github.com/SagerNet/sing-box/blob/v1.13.21/option/outbound.go#L77
$.inbounds[] (Inbound){oneOf:0}.tls (InboundTLSOptions).reality (InboundRealityOptions).handshake (InboundRealityHandshakeOptions).detour,"{""type"":""string""}",yes; conditional core requirements still apply,,https://github.com/SagerNet/sing-box/blob/v1.13.21/option/outbound.go#L68
$.inbounds[] (Inbound){oneOf:0}.tls (InboundTLSOptions).reality (InboundRealityOptions).handshake (InboundRealityHandshakeOptions).disable_tcp_keep_alive,"{""type"":""boolean""}",yes; conditional core requirements still apply,,https://github.com/SagerNet/sing-box/blob/v1.13.21/option/outbound.go#L80
$.inbounds[] (Inbound){oneOf:0}.tls (InboundTLSOptions).reality (InboundRealityOptions).handshake (InboundRealityHandshakeOptions).domain_resolver,"{""$ref"":""#/$defs/DomainResolveOptions""}",yes; conditional core requirements still apply,,https://github.com/SagerNet/sing-box/blob/v1.13.21/option/outbound.go#L85
$.inbounds[] (Inbound){oneOf:0}.tls (InboundTLSOptions).reality (InboundRealityOptions).handshake (InboundRealityHandshakeOptions).domain_strategy,"{""$ref"":""#/$defs/DomainStrategy""}",yes; conditional core requirements still apply,Deprecated: migrated to domain resolver,https://github.com/SagerNet/sing-box/blob/v1.13.21/option/outbound.go#L92
$.inbounds[] (Inbound){oneOf:0}.tls (InboundTLSOptions).reality (InboundRealityOptions).handshake (InboundRealityHandshakeOptions).fallback_delay,"{""$ref"":""#/$defs/badoption_Duration""}",yes; conditional core requirements still apply,,https://github.com/SagerNet/sing-box/blob/v1.13.21/option/outbound.go#L89
$.inbounds[] (Inbound){oneOf:0}.tls (InboundTLSOptions).reality (InboundRealityOptions).handshake (InboundRealityHandshakeOptions).fallback_network_type,"{""anyOf"":[{""$ref"":""#/$defs/InterfaceType""},{""items"":{""$ref"":""#/$defs/InterfaceType""},""type"":""array""}]}",yes; conditional core requirements still apply,,https://github.com/SagerNet/sing-box/blob/v1.13.21/option/outbound.go#L88
$.inbounds[] (Inbound){oneOf:0}.tls (InboundTLSOptions).reality (InboundRealityOptions).handshake (InboundRealityHandshakeOptions).inet4_bind_address,"{""type"":""string""}",yes; conditional core requirements still apply,,https://github.com/SagerNet/sing-box/blob/v1.13.21/option/outbound.go#L70
$.inbounds[] (Inbound){oneOf:0}.tls (InboundTLSOptions).reality (InboundRealityOptions).handshake (InboundRealityHandshakeOptions).inet6_bind_address,"{""type"":""string""}",yes; conditional core requirements still apply,,https://github.com/SagerNet/sing-box/blob/v1.13.21/option/outbound.go#L71
$.inbounds[] (Inbound){oneOf:0}.tls (InboundTLSOptions).reality (InboundRealityOptions).handshake (InboundRealityHandshakeOptions).netns,"{""type"":""string""}",yes; conditional core requirements still apply,,https://github.com/SagerNet/sing-box/blob/v1.13.21/option/outbound.go#L76
$.inbounds[] (Inbound){oneOf:0}.tls (InboundTLSOptions).reality (InboundRealityOptions).handshake (InboundRealityHandshakeOptions).network_strategy,"{""$ref"":""#/$defs/NetworkStrategy""}",yes; conditional core requirements still apply,,https://github.com/SagerNet/sing-box/blob/v1.13.21/option/outbound.go#L86
$.inbounds[] (Inbound){oneOf:0}.tls (InboundTLSOptions).reality (InboundRealityOptions).handshake (InboundRealityHandshakeOptions).network_type,"{""anyOf"":[{""$ref"":""#/$defs/InterfaceType""},{""items"":{""$ref"":""#/$defs/InterfaceType""},""type"":""array""}]}",yes; conditional core requirements still apply,,https://github.com/SagerNet/sing-box/blob/v1.13.21/option/outbound.go#L87
$.inbounds[] (Inbound){oneOf:0}.tls (InboundTLSOptions).reality (InboundRealityOptions).handshake (InboundRealityHandshakeOptions).protect_path,"{""type"":""string""}",yes; conditional core requirements still apply,,https://github.com/SagerNet/sing-box/blob/v1.13.21/option/outbound.go#L73
$.inbounds[] (Inbound){oneOf:0}.tls (InboundTLSOptions).reality (InboundRealityOptions).handshake (InboundRealityHandshakeOptions).reuse_addr,"{""type"":""boolean""}",yes; conditional core requirements still apply,,https://github.com/SagerNet/sing-box/blob/v1.13.21/option/outbound.go#L75
$.inbounds[] (Inbound){oneOf:0}.tls (InboundTLSOptions).reality (InboundRealityOptions).handshake (InboundRealityHandshakeOptions).routing_mark,"{""$ref"":""#/$defs/FwMark""}",yes; conditional core requirements still apply,,https://github.com/SagerNet/sing-box/blob/v1.13.21/option/outbound.go#L74
$.inbounds[] (Inbound){oneOf:0}.tls (InboundTLSOptions).reality (InboundRealityOptions).handshake (InboundRealityHandshakeOptions).server,"{""type"":""string""}",yes; conditional core requirements still apply,,https://github.com/SagerNet/sing-box/blob/v1.13.21/option/outbound.go#L149
$.inbounds[] (Inbound){oneOf:0}.tls (InboundTLSOptions).reality (InboundRealityOptions).handshake (InboundRealityHandshakeOptions).server_port,"{""maximum"":65535,""minimum"":0,""type"":""integer""}",yes; conditional core requirements still apply,,https://github.com/SagerNet/sing-box/blob/v1.13.21/option/outbound.go#L150
$.inbounds[] (Inbound){oneOf:0}.tls (InboundTLSOptions).reality (InboundRealityOptions).handshake (InboundRealityHandshakeOptions).tcp_fast_open,"{""type"":""boolean""}",yes; conditional core requirements still apply,,https://github.com/SagerNet/sing-box/blob/v1.13.21/option/outbound.go#L78
$.inbounds[] (Inbound){oneOf:0}.tls (InboundTLSOptions).reality (InboundRealityOptions).handshake (InboundRealityHandshakeOptions).tcp_keep_alive,"{""$ref"":""#/$defs/badoption_Duration""}",yes; conditional core requirements still apply,,https://github.com/SagerNet/sing-box/blob/v1.13.21/option/outbound.go#L81
$.inbounds[] (Inbound){oneOf:0}.tls (InboundTLSOptions).reality (InboundRealityOptions).handshake (InboundRealityHandshakeOptions).tcp_keep_alive_interval,"{""$ref"":""#/$defs/badoption_Duration""}",yes; conditional core requirements still apply,,https://github.com/SagerNet/sing-box/blob/v1.13.21/option/outbound.go#L82
$.inbounds[] (Inbound){oneOf:0}.tls (InboundTLSOptions).reality (InboundRealityOptions).handshake (InboundRealityHandshakeOptions).tcp_multi_path,"{""type"":""boolean""}",yes; conditional core requirements still apply,,https://github.com/SagerNet/sing-box/blob/v1.13.21/option/outbound.go#L79
$.inbounds[] (Inbound){oneOf:0}.tls (InboundTLSOptions).reality (InboundRealityOptions).handshake (InboundRealityHandshakeOptions).udp_fragment,"{""type"":""boolean""}",yes; conditional core requirements still apply,,https://github.com/SagerNet/sing-box/blob/v1.13.21/option/outbound.go#L83
$.inbounds[] (Inbound){oneOf:0}.tls (InboundTLSOptions).reality (InboundRealityOptions).max_time_difference,"{""$ref"":""#/$defs/badoption_Duration""}",yes; conditional core requirements still apply,,https://github.com/SagerNet/sing-box/blob/v1.13.21/option/tls.go#L198
$.inbounds[] (Inbound){oneOf:0}.tls (InboundTLSOptions).reality (InboundRealityOptions).private_key,"{""type"":""string""}",yes; conditional core requirements still apply,,https://github.com/SagerNet/sing-box/blob/v1.13.21/option/tls.go#L196
$.inbounds[] (Inbound){oneOf:0}.tls (InboundTLSOptions).reality (InboundRealityOptions).short_id,"{""anyOf"":[{""type"":""string""},{""items"":{""type"":""string""},""type"":""array""}]}",yes; conditional core requirements still apply,,https://github.com/SagerNet/sing-box/blob/v1.13.21/option/tls.go#L197
$.inbounds[] (Inbound){oneOf:0}.tls (InboundTLSOptions).server_name,"{""type"":""string""}",yes; conditional core requirements still apply,,https://github.com/SagerNet/sing-box/blob/v1.13.21/option/tls.go#L14
$.inbounds[] (Inbound){oneOf:0}.type,"{""const"":""anytls""}",no in this branch,,https://github.com/SagerNet/sing-box/blob/v1.13.21/option/options.go#L20
$.inbounds[] (Inbound){oneOf:0}.udp_fragment,"{""type"":""boolean""}",yes; conditional core requirements still apply,,https://github.com/SagerNet/sing-box/blob/v1.13.21/option/inbound.go#L78
$.inbounds[] (Inbound){oneOf:0}.udp_timeout,"{""$ref"":""#/$defs/UDPTimeoutCompat""}",yes; conditional core requirements still apply,,https://github.com/SagerNet/sing-box/blob/v1.13.21/option/inbound.go#L80
$.inbounds[] (Inbound){oneOf:0}.users,"{""items"":{""$ref"":""#/$defs/AnyTLSUser""},""type"":""array""}",yes; conditional core requirements still apply,,https://github.com/SagerNet/sing-box/blob/v1.13.21/option/anytls.go#L8
$.inbounds[] (Inbound){oneOf:0}.users[] (AnyTLSUser).name,"{""type"":""string""}",yes; conditional core requirements still apply,,https://github.com/SagerNet/sing-box/blob/v1.13.21/option/anytls.go#L13
$.inbounds[] (Inbound){oneOf:0}.users[] (AnyTLSUser).password,"{""type"":""string""}",yes; conditional core requirements still apply,,https://github.com/SagerNet/sing-box/blob/v1.13.21/option/anytls.go#L14
$.inbounds[] (Inbound){oneOf:1}.bind_interface,"{""type"":""string""}",yes; conditional core requirements still apply,,https://github.com/SagerNet/sing-box/blob/v1.13.21/option/inbound.go#L69
$.inbounds[] (Inbound){oneOf:1}.detour,"{""type"":""string""}",yes; conditional core requirements still apply,,https://github.com/SagerNet/sing-box/blob/v1.13.21/option/inbound.go#L81
$.inbounds[] (Inbound){oneOf:1}.disable_tcp_keep_alive,"{""type"":""boolean""}",yes; conditional core requirements still apply,,https://github.com/SagerNet/sing-box/blob/v1.13.21/option/inbound.go#L73
$.inbounds[] (Inbound){oneOf:1}.listen,"{""type"":""string""}",yes; conditional core requirements still apply,,https://github.com/SagerNet/sing-box/blob/v1.13.21/option/inbound.go#L67
$.inbounds[] (Inbound){oneOf:1}.listen_port,"{""maximum"":65535,""minimum"":0,""type"":""integer""}",yes; conditional core requirements still apply,,https://github.com/SagerNet/sing-box/blob/v1.13.21/option/inbound.go#L68
$.inbounds[] (Inbound){oneOf:1}.netns,"{""type"":""string""}",yes; conditional core requirements still apply,,https://github.com/SagerNet/sing-box/blob/v1.13.21/option/inbound.go#L72
$.inbounds[] (Inbound){oneOf:1}.network,"{""$ref"":""#/$defs/NetworkList""}",yes; conditional core requirements still apply,,https://github.com/SagerNet/sing-box/blob/v1.13.21/option/direct.go#L12
$.inbounds[] (Inbound){oneOf:1}.override_address,"{""type"":""string""}",yes; conditional core requirements still apply,,https://github.com/SagerNet/sing-box/blob/v1.13.21/option/direct.go#L13
$.inbounds[] (Inbound){oneOf:1}.override_port,"{""maximum"":65535,""minimum"":0,""type"":""integer""}",yes; conditional core requirements still apply,,https://github.com/SagerNet/sing-box/blob/v1.13.21/option/direct.go#L14
$.inbounds[] (Inbound){oneOf:1}.reuse_addr,"{""type"":""boolean""}",yes; conditional core requirements still apply,,https://github.com/SagerNet/sing-box/blob/v1.13.21/option/inbound.go#L71
$.inbounds[] (Inbound){oneOf:1}.routing_mark,"{""$ref"":""#/$defs/FwMark""}",yes; conditional core requirements still apply,,https://github.com/SagerNet/sing-box/blob/v1.13.21/option/inbound.go#L70
$.inbounds[] (Inbound){oneOf:1}.tag,"{""type"":""string""}",yes; conditional core requirements still apply,,https://github.com/SagerNet/sing-box/blob/v1.13.21/option/options.go#L20
$.inbounds[] (Inbound){oneOf:1}.tcp_fast_open,"{""type"":""boolean""}",yes; conditional core requirements still apply,,https://github.com/SagerNet/sing-box/blob/v1.13.21/option/inbound.go#L76
$.inbounds[] (Inbound){oneOf:1}.tcp_keep_alive,"{""$ref"":""#/$defs/badoption_Duration""}",yes; conditional core requirements still apply,,https://github.com/SagerNet/sing-box/blob/v1.13.21/option/inbound.go#L74
$.inbounds[] (Inbound){oneOf:1}.tcp_keep_alive_interval,"{""$ref"":""#/$defs/badoption_Duration""}",yes; conditional core requirements still apply,,https://github.com/SagerNet/sing-box/blob/v1.13.21/option/inbound.go#L75
$.inbounds[] (Inbound){oneOf:1}.tcp_multi_path,"{""type"":""boolean""}",yes; conditional core requirements still apply,,https://github.com/SagerNet/sing-box/blob/v1.13.21/option/inbound.go#L77
$.inbounds[] (Inbound){oneOf:1}.type,"{""const"":""direct""}",no in this branch,,https://github.com/SagerNet/sing-box/blob/v1.13.21/option/options.go#L20
$.inbounds[] (Inbound){oneOf:1}.udp_fragment,"{""type"":""boolean""}",yes; conditional core requirements still apply,,https://github.com/SagerNet/sing-box/blob/v1.13.21/option/inbound.go#L78
$.inbounds[] (Inbound){oneOf:1}.udp_timeout,"{""$ref"":""#/$defs/UDPTimeoutCompat""}",yes; conditional core requirements still apply,,https://github.com/SagerNet/sing-box/blob/v1.13.21/option/inbound.go#L80
$.inbounds[] (Inbound){oneOf:2}.bind_interface,"{""type"":""string""}",yes; conditional core requirements still apply,,https://github.com/SagerNet/sing-box/blob/v1.13.21/option/inbound.go#L69
$.inbounds[] (Inbound){oneOf:2}.detour,"{""type"":""string""}",yes; conditional core requirements still apply,,https://github.com/SagerNet/sing-box/blob/v1.13.21/option/inbound.go#L81
$.inbounds[] (Inbound){oneOf:2}.disable_tcp_keep_alive,"{""type"":""boolean""}",yes; conditional core requirements still apply,,https://github.com/SagerNet/sing-box/blob/v1.13.21/option/inbound.go#L73
$.inbounds[] (Inbound){oneOf:2}.domain_resolver,"{""$ref"":""#/$defs/DomainResolveOptions""}",yes; conditional core requirements still apply,,https://github.com/SagerNet/sing-box/blob/v1.13.21/option/simple.go#L17
$.inbounds[] (Inbound){oneOf:2}.listen,"{""type"":""string""}",yes; conditional core requirements still apply,,https://github.com/SagerNet/sing-box/blob/v1.13.21/option/inbound.go#L67
$.inbounds[] (Inbound){oneOf:2}.listen_port,"{""maximum"":65535,""minimum"":0,""type"":""integer""}",yes; conditional core requirements still apply,,https://github.com/SagerNet/sing-box/blob/v1.13.21/option/inbound.go#L68
$.inbounds[] (Inbound){oneOf:2}.netns,"{""type"":""string""}",yes; conditional core requirements still apply,,https://github.com/SagerNet/sing-box/blob/v1.13.21/option/inbound.go#L72
$.inbounds[] (Inbound){oneOf:2}.reuse_addr,"{""type"":""boolean""}",yes; conditional core requirements still apply,,https://github.com/SagerNet/sing-box/blob/v1.13.21/option/inbound.go#L71
$.inbounds[] (Inbound){oneOf:2}.routing_mark,"{""$ref"":""#/$defs/FwMark""}",yes; conditional core requirements still apply,,https://github.com/SagerNet/sing-box/blob/v1.13.21/option/inbound.go#L70
$.inbounds[] (Inbound){oneOf:2}.set_system_proxy,"{""type"":""boolean""}",yes; conditional core requirements still apply,,https://github.com/SagerNet/sing-box/blob/v1.13.21/option/simple.go#L18
$.inbounds[] (Inbound){oneOf:2}.tag,"{""type"":""string""}",yes; conditional core requirements still apply,,https://github.com/SagerNet/sing-box/blob/v1.13.21/option/options.go#L20
$.inbounds[] (Inbound){oneOf:2}.tcp_fast_open,"{""type"":""boolean""}",yes; conditional core requirements still apply,,https://github.com/SagerNet/sing-box/blob/v1.13.21/option/inbound.go#L76
$.inbounds[] (Inbound){oneOf:2}.tcp_keep_alive,"{""$ref"":""#/$defs/badoption_Duration""}",yes; conditional core requirements still apply,,https://github.com/SagerNet/sing-box/blob/v1.13.21/option/inbound.go#L74
$.inbounds[] (Inbound){oneOf:2}.tcp_keep_alive_interval,"{""$ref"":""#/$defs/badoption_Duration""}",yes; conditional core requirements still apply,,https://github.com/SagerNet/sing-box/blob/v1.13.21/option/inbound.go#L75
$.inbounds[] (Inbound){oneOf:2}.tcp_multi_path,"{""type"":""boolean""}",yes; conditional core requirements still apply,,https://github.com/SagerNet/sing-box/blob/v1.13.21/option/inbound.go#L77
$.inbounds[] (Inbound){oneOf:2}.tls,"{""$ref"":""#/$defs/InboundTLSOptions""}",yes; conditional core requirements still apply,,https://github.com/SagerNet/sing-box/blob/v1.13.21/option/tls.go#L81
$.inbounds[] (Inbound){oneOf:2}.type,"{""const"":""http""}",no in this branch,,https://github.com/SagerNet/sing-box/blob/v1.13.21/option/options.go#L20
$.inbounds[] (Inbound){oneOf:2}.udp_fragment,"{""type"":""boolean""}",yes; conditional core requirements still apply,,https://github.com/SagerNet/sing-box/blob/v1.13.21/option/inbound.go#L78
$.inbounds[] (Inbound){oneOf:2}.udp_timeout,"{""$ref"":""#/$defs/UDPTimeoutCompat""}",yes; conditional core requirements still apply,,https://github.com/SagerNet/sing-box/blob/v1.13.21/option/inbound.go#L80
$.inbounds[] (Inbound){oneOf:2}.users,"{""items"":{""$ref"":""#/$defs/auth_User""},""type"":""array""}",yes; conditional core requirements still apply,,https://github.com/SagerNet/sing-box/blob/v1.13.21/option/simple.go#L16
$.inbounds[] (Inbound){oneOf:2}.users[] (auth_User).password,"{""type"":""string""}",yes; conditional core requirements still apply,,https://github.com/SagerNet/sing-box/blob/v1.13.21/option/simple.go#L16
$.inbounds[] (Inbound){oneOf:2}.users[] (auth_User).username,"{""type"":""string""}",yes; conditional core requirements still apply,,https://github.com/SagerNet/sing-box/blob/v1.13.21/option/simple.go#L16
$.inbounds[] (Inbound){oneOf:3}.bind_interface,"{""type"":""string""}",yes; conditional core requirements still apply,,https://github.com/SagerNet/sing-box/blob/v1.13.21/option/inbound.go#L69
$.inbounds[] (Inbound){oneOf:3}.detour,"{""type"":""string""}",yes; conditional core requirements still apply,,https://github.com/SagerNet/sing-box/blob/v1.13.21/option/inbound.go#L81
$.inbounds[] (Inbound){oneOf:3}.disable_mtu_discovery,"{""type"":""boolean""}",yes; conditional core requirements still apply,,https://github.com/SagerNet/sing-box/blob/v1.13.21/option/hysteria.go#L19
$.inbounds[] (Inbound){oneOf:3}.disable_tcp_keep_alive,"{""type"":""boolean""}",yes; conditional core requirements still apply,,https://github.com/SagerNet/sing-box/blob/v1.13.21/option/inbound.go#L73
$.inbounds[] (Inbound){oneOf:3}.down,"{""$ref"":""#/$defs/byteformats_NetworkBytesCompat""}",yes; conditional core requirements still apply,,https://github.com/SagerNet/sing-box/blob/v1.13.21/option/hysteria.go#L12
$.inbounds[] (Inbound){oneOf:3}.down_mbps,"{""type"":""integer""}",yes; conditional core requirements still apply,,https://github.com/SagerNet/sing-box/blob/v1.13.21/option/hysteria.go#L13
$.inbounds[] (Inbound){oneOf:3}.listen,"{""type"":""string""}",yes; conditional core requirements still apply,,https://github.com/SagerNet/sing-box/blob/v1.13.21/option/inbound.go#L67
$.inbounds[] (Inbound){oneOf:3}.listen_port,"{""maximum"":65535,""minimum"":0,""type"":""integer""}",yes; conditional core requirements still apply,,https://github.com/SagerNet/sing-box/blob/v1.13.21/option/inbound.go#L68
$.inbounds[] (Inbound){oneOf:3}.max_conn_client,"{""type"":""integer""}",yes; conditional core requirements still apply,,https://github.com/SagerNet/sing-box/blob/v1.13.21/option/hysteria.go#L18
$.inbounds[] (Inbound){oneOf:3}.netns,"{""type"":""string""}",yes; conditional core requirements still apply,,https://github.com/SagerNet/sing-box/blob/v1.13.21/option/inbound.go#L72
$.inbounds[] (Inbound){oneOf:3}.obfs,"{""type"":""string""}",yes; conditional core requirements still apply,,https://github.com/SagerNet/sing-box/blob/v1.13.21/option/hysteria.go#L14
$.inbounds[] (Inbound){oneOf:3}.recv_window_client,"{""maximum"":18446744073709551615,""minimum"":0,""type"":""integer""}",yes; conditional core requirements still apply,,https://github.com/SagerNet/sing-box/blob/v1.13.21/option/hysteria.go#L17
$.inbounds[] (Inbound){oneOf:3}.recv_window_conn,"{""maximum"":18446744073709551615,""minimum"":0,""type"":""integer""}",yes; conditional core requirements still apply,,https://github.com/SagerNet/sing-box/blob/v1.13.21/option/hysteria.go#L16
$.inbounds[] (Inbound){oneOf:3}.reuse_addr,"{""type"":""boolean""}",yes; conditional core requirements still apply,,https://github.com/SagerNet/sing-box/blob/v1.13.21/option/inbound.go#L71
$.inbounds[] (Inbound){oneOf:3}.routing_mark,"{""$ref"":""#/$defs/FwMark""}",yes; conditional core requirements still apply,,https://github.com/SagerNet/sing-box/blob/v1.13.21/option/inbound.go#L70
$.inbounds[] (Inbound){oneOf:3}.tag,"{""type"":""string""}",yes; conditional core requirements still apply,,https://github.com/SagerNet/sing-box/blob/v1.13.21/option/options.go#L20
$.inbounds[] (Inbound){oneOf:3}.tcp_fast_open,"{""type"":""boolean""}",yes; conditional core requirements still apply,,https://github.com/SagerNet/sing-box/blob/v1.13.21/option/inbound.go#L76
$.inbounds[] (Inbound){oneOf:3}.tcp_keep_alive,"{""$ref"":""#/$defs/badoption_Duration""}",yes; conditional core requirements still apply,,https://github.com/SagerNet/sing-box/blob/v1.13.21/option/inbound.go#L74
$.inbounds[] (Inbound){oneOf:3}.tcp_keep_alive_interval,"{""$ref"":""#/$defs/badoption_Duration""}",yes; conditional core requirements still apply,,https://github.com/SagerNet/sing-box/blob/v1.13.21/option/inbound.go#L75
$.inbounds[] (Inbound){oneOf:3}.tcp_multi_path,"{""type"":""boolean""}",yes; conditional core requirements still apply,,https://github.com/SagerNet/sing-box/blob/v1.13.21/option/inbound.go#L77
$.inbounds[] (Inbound){oneOf:3}.tls,"{""$ref"":""#/$defs/InboundTLSOptions""}",yes; conditional core requirements still apply,,https://github.com/SagerNet/sing-box/blob/v1.13.21/option/tls.go#L81
$.inbounds[] (Inbound){oneOf:3}.type,"{""const"":""hysteria""}",no in this branch,,https://github.com/SagerNet/sing-box/blob/v1.13.21/option/options.go#L20
$.inbounds[] (Inbound){oneOf:3}.udp_fragment,"{""type"":""boolean""}",yes; conditional core requirements still apply,,https://github.com/SagerNet/sing-box/blob/v1.13.21/option/inbound.go#L78
$.inbounds[] (Inbound){oneOf:3}.udp_timeout,"{""$ref"":""#/$defs/UDPTimeoutCompat""}",yes; conditional core requirements still apply,,https://github.com/SagerNet/sing-box/blob/v1.13.21/option/inbound.go#L80
$.inbounds[] (Inbound){oneOf:3}.up,"{""$ref"":""#/$defs/byteformats_NetworkBytesCompat""}",yes; conditional core requirements still apply,,https://github.com/SagerNet/sing-box/blob/v1.13.21/option/hysteria.go#L10
$.inbounds[] (Inbound){oneOf:3}.up_mbps,"{""type"":""integer""}",yes; conditional core requirements still apply,,https://github.com/SagerNet/sing-box/blob/v1.13.21/option/hysteria.go#L11
$.inbounds[] (Inbound){oneOf:3}.users,"{""items"":{""$ref"":""#/$defs/HysteriaUser""},""type"":""array""}",yes; conditional core requirements still apply,,https://github.com/SagerNet/sing-box/blob/v1.13.21/option/hysteria.go#L15
$.inbounds[] (Inbound){oneOf:3}.users[] (HysteriaUser).auth,"{""anyOf"":[{""contentEncoding"":""base64"",""type"":""string""},{""items"":{""maximum"":255,""minimum"":0,""type"":""integer""},""type"":""array""}]}",yes; conditional core requirements still apply,,https://github.com/SagerNet/sing-box/blob/v1.13.21/option/hysteria.go#L25
$.inbounds[] (Inbound){oneOf:3}.users[] (HysteriaUser).auth_str,"{""type"":""string""}",yes; conditional core requirements still apply,,https://github.com/SagerNet/sing-box/blob/v1.13.21/option/hysteria.go#L26
$.inbounds[] (Inbound){oneOf:3}.users[] (HysteriaUser).name,"{""type"":""string""}",yes; conditional core requirements still apply,,https://github.com/SagerNet/sing-box/blob/v1.13.21/option/hysteria.go#L24
$.inbounds[] (Inbound){oneOf:4}.bind_interface,"{""type"":""string""}",yes; conditional core requirements still apply,,https://github.com/SagerNet/sing-box/blob/v1.13.21/option/inbound.go#L69
$.inbounds[] (Inbound){oneOf:4}.brutal_debug,"{""type"":""boolean""}",yes; conditional core requirements still apply,,https://github.com/SagerNet/sing-box/blob/v1.13.21/option/hysteria2.go#L22
$.inbounds[] (Inbound){oneOf:4}.detour,"{""type"":""string""}",yes; conditional core requirements still apply,,https://github.com/SagerNet/sing-box/blob/v1.13.21/option/inbound.go#L81
$.inbounds[] (Inbound){oneOf:4}.disable_tcp_keep_alive,"{""type"":""boolean""}",yes; conditional core requirements still apply,,https://github.com/SagerNet/sing-box/blob/v1.13.21/option/inbound.go#L73
$.inbounds[] (Inbound){oneOf:4}.down_mbps,"{""type"":""integer""}",yes; conditional core requirements still apply,,https://github.com/SagerNet/sing-box/blob/v1.13.21/option/hysteria2.go#L16
$.inbounds[] (Inbound){oneOf:4}.ignore_client_bandwidth,"{""type"":""boolean""}",yes; conditional core requirements still apply,,https://github.com/SagerNet/sing-box/blob/v1.13.21/option/hysteria2.go#L19
$.inbounds[] (Inbound){oneOf:4}.listen,"{""type"":""string""}",yes; conditional core requirements still apply,,https://github.com/SagerNet/sing-box/blob/v1.13.21/option/inbound.go#L67
$.inbounds[] (Inbound){oneOf:4}.listen_port,"{""maximum"":65535,""minimum"":0,""type"":""integer""}",yes; conditional core requirements still apply,,https://github.com/SagerNet/sing-box/blob/v1.13.21/option/inbound.go#L68
$.inbounds[] (Inbound){oneOf:4}.masquerade,"{""$ref"":""#/$defs/Hysteria2Masquerade""}",yes; conditional core requirements still apply,,https://github.com/SagerNet/sing-box/blob/v1.13.21/option/hysteria2.go#L21
$.inbounds[] (Inbound){oneOf:4}.masquerade (Hysteria2Masquerade){anyOf:1}{oneOf:0}.directory,"{""type"":""string""}",yes; conditional core requirements still apply,,https://github.com/SagerNet/sing-box/blob/v1.13.21/option/hysteria2.go#L98
$.inbounds[] (Inbound){oneOf:4}.masquerade (Hysteria2Masquerade){anyOf:1}{oneOf:0}.type,"{""const"":""file""}",no in this branch,,https://github.com/SagerNet/sing-box/blob/v1.13.21/option/hysteria2.go#L21
$.inbounds[] (Inbound){oneOf:4}.masquerade (Hysteria2Masquerade){anyOf:1}{oneOf:1}.rewrite_host,"{""type"":""boolean""}",yes; conditional core requirements still apply,,https://github.com/SagerNet/sing-box/blob/v1.13.21/option/hysteria2.go#L103
$.inbounds[] (Inbound){oneOf:4}.masquerade (Hysteria2Masquerade){anyOf:1}{oneOf:1}.type,"{""const"":""proxy""}",no in this branch,,https://github.com/SagerNet/sing-box/blob/v1.13.21/option/hysteria2.go#L21
$.inbounds[] (Inbound){oneOf:4}.masquerade (Hysteria2Masquerade){anyOf:1}{oneOf:1}.url,"{""type"":""string""}",yes; conditional core requirements still apply,,https://github.com/SagerNet/sing-box/blob/v1.13.21/option/hysteria2.go#L102
$.inbounds[] (Inbound){oneOf:4}.masquerade (Hysteria2Masquerade){anyOf:1}{oneOf:2}.content,"{""type"":""string""}",yes; conditional core requirements still apply,,https://github.com/SagerNet/sing-box/blob/v1.13.21/option/hysteria2.go#L109
$.inbounds[] (Inbound){oneOf:4}.masquerade (Hysteria2Masquerade){anyOf:1}{oneOf:2}.headers,"{""additionalProperties"":{""anyOf"":[{""type"":""string""},{""items"":{""type"":""string""},""type"":""array""}]},""type"":""object""}",yes; conditional core requirements still apply,,https://github.com/SagerNet/sing-box/blob/v1.13.21/option/hysteria2.go#L108
$.inbounds[] (Inbound){oneOf:4}.masquerade (Hysteria2Masquerade){anyOf:1}{oneOf:2}.status_code,"{""type"":""integer""}",yes; conditional core requirements still apply,,https://github.com/SagerNet/sing-box/blob/v1.13.21/option/hysteria2.go#L107
$.inbounds[] (Inbound){oneOf:4}.masquerade (Hysteria2Masquerade){anyOf:1}{oneOf:2}.type,"{""const"":""string""}",no in this branch,,https://github.com/SagerNet/sing-box/blob/v1.13.21/option/hysteria2.go#L21
$.inbounds[] (Inbound){oneOf:4}.netns,"{""type"":""string""}",yes; conditional core requirements still apply,,https://github.com/SagerNet/sing-box/blob/v1.13.21/option/inbound.go#L72
$.inbounds[] (Inbound){oneOf:4}.obfs,"{""$ref"":""#/$defs/Hysteria2Obfs""}",yes; conditional core requirements still apply,,https://github.com/SagerNet/sing-box/blob/v1.13.21/option/hysteria2.go#L17
$.inbounds[] (Inbound){oneOf:4}.obfs (Hysteria2Obfs).password,"{""type"":""string""}",yes; conditional core requirements still apply,,https://github.com/SagerNet/sing-box/blob/v1.13.21/option/hysteria2.go#L27
$.inbounds[] (Inbound){oneOf:4}.obfs (Hysteria2Obfs).type,"{""enum"":[""salamander""],""type"":""string""}",yes; conditional core requirements still apply,,https://github.com/SagerNet/sing-box/blob/v1.13.21/option/hysteria2.go#L26
$.inbounds[] (Inbound){oneOf:4}.reuse_addr,"{""type"":""boolean""}",yes; conditional core requirements still apply,,https://github.com/SagerNet/sing-box/blob/v1.13.21/option/inbound.go#L71
$.inbounds[] (Inbound){oneOf:4}.routing_mark,"{""$ref"":""#/$defs/FwMark""}",yes; conditional core requirements still apply,,https://github.com/SagerNet/sing-box/blob/v1.13.21/option/inbound.go#L70
$.inbounds[] (Inbound){oneOf:4}.tag,"{""type"":""string""}",yes; conditional core requirements still apply,,https://github.com/SagerNet/sing-box/blob/v1.13.21/option/options.go#L20
$.inbounds[] (Inbound){oneOf:4}.tcp_fast_open,"{""type"":""boolean""}",yes; conditional core requirements still apply,,https://github.com/SagerNet/sing-box/blob/v1.13.21/option/inbound.go#L76
$.inbounds[] (Inbound){oneOf:4}.tcp_keep_alive,"{""$ref"":""#/$defs/badoption_Duration""}",yes; conditional core requirements still apply,,https://github.com/SagerNet/sing-box/blob/v1.13.21/option/inbound.go#L74
$.inbounds[] (Inbound){oneOf:4}.tcp_keep_alive_interval,"{""$ref"":""#/$defs/badoption_Duration""}",yes; conditional core requirements still apply,,https://github.com/SagerNet/sing-box/blob/v1.13.21/option/inbound.go#L75
$.inbounds[] (Inbound){oneOf:4}.tcp_multi_path,"{""type"":""boolean""}",yes; conditional core requirements still apply,,https://github.com/SagerNet/sing-box/blob/v1.13.21/option/inbound.go#L77
$.inbounds[] (Inbound){oneOf:4}.tls,"{""$ref"":""#/$defs/InboundTLSOptions""}",yes; conditional core requirements still apply,,https://github.com/SagerNet/sing-box/blob/v1.13.21/option/tls.go#L81
$.inbounds[] (Inbound){oneOf:4}.type,"{""const"":""hysteria2""}",no in this branch,,https://github.com/SagerNet/sing-box/blob/v1.13.21/option/options.go#L20
$.inbounds[] (Inbound){oneOf:4}.udp_fragment,"{""type"":""boolean""}",yes; conditional core requirements still apply,,https://github.com/SagerNet/sing-box/blob/v1.13.21/option/inbound.go#L78
$.inbounds[] (Inbound){oneOf:4}.udp_timeout,"{""$ref"":""#/$defs/UDPTimeoutCompat""}",yes; conditional core requirements still apply,,https://github.com/SagerNet/sing-box/blob/v1.13.21/option/inbound.go#L80
$.inbounds[] (Inbound){oneOf:4}.up_mbps,"{""type"":""integer""}",yes; conditional core requirements still apply,,https://github.com/SagerNet/sing-box/blob/v1.13.21/option/hysteria2.go#L15
$.inbounds[] (Inbound){oneOf:4}.users,"{""items"":{""$ref"":""#/$defs/Hysteria2User""},""type"":""array""}",yes; conditional core requirements still apply,,https://github.com/SagerNet/sing-box/blob/v1.13.21/option/hysteria2.go#L18
$.inbounds[] (Inbound){oneOf:4}.users[] (Hysteria2User).name,"{""type"":""string""}",yes; conditional core requirements still apply,,https://github.com/SagerNet/sing-box/blob/v1.13.21/option/hysteria2.go#L31
$.inbounds[] (Inbound){oneOf:4}.users[] (Hysteria2User).password,"{""type"":""string""}",yes; conditional core requirements still apply,,https://github.com/SagerNet/sing-box/blob/v1.13.21/option/hysteria2.go#L32
$.inbounds[] (Inbound){oneOf:5}.bind_interface,"{""type"":""string""}",yes; conditional core requirements still apply,,https://github.com/SagerNet/sing-box/blob/v1.13.21/option/inbound.go#L69
$.inbounds[] (Inbound){oneOf:5}.detour,"{""type"":""string""}",yes; conditional core requirements still apply,,https://github.com/SagerNet/sing-box/blob/v1.13.21/option/inbound.go#L81
$.inbounds[] (Inbound){oneOf:5}.disable_tcp_keep_alive,"{""type"":""boolean""}",yes; conditional core requirements still apply,,https://github.com/SagerNet/sing-box/blob/v1.13.21/option/inbound.go#L73
$.inbounds[] (Inbound){oneOf:5}.domain_resolver,"{""$ref"":""#/$defs/DomainResolveOptions""}",yes; conditional core requirements still apply,,https://github.com/SagerNet/sing-box/blob/v1.13.21/option/simple.go#L17
$.inbounds[] (Inbound){oneOf:5}.listen,"{""type"":""string""}",yes; conditional core requirements still apply,,https://github.com/SagerNet/sing-box/blob/v1.13.21/option/inbound.go#L67
$.inbounds[] (Inbound){oneOf:5}.listen_port,"{""maximum"":65535,""minimum"":0,""type"":""integer""}",yes; conditional core requirements still apply,,https://github.com/SagerNet/sing-box/blob/v1.13.21/option/inbound.go#L68
$.inbounds[] (Inbound){oneOf:5}.netns,"{""type"":""string""}",yes; conditional core requirements still apply,,https://github.com/SagerNet/sing-box/blob/v1.13.21/option/inbound.go#L72
$.inbounds[] (Inbound){oneOf:5}.reuse_addr,"{""type"":""boolean""}",yes; conditional core requirements still apply,,https://github.com/SagerNet/sing-box/blob/v1.13.21/option/inbound.go#L71
$.inbounds[] (Inbound){oneOf:5}.routing_mark,"{""$ref"":""#/$defs/FwMark""}",yes; conditional core requirements still apply,,https://github.com/SagerNet/sing-box/blob/v1.13.21/option/inbound.go#L70
$.inbounds[] (Inbound){oneOf:5}.set_system_proxy,"{""type"":""boolean""}",yes; conditional core requirements still apply,,https://github.com/SagerNet/sing-box/blob/v1.13.21/option/simple.go#L18
$.inbounds[] (Inbound){oneOf:5}.tag,"{""type"":""string""}",yes; conditional core requirements still apply,,https://github.com/SagerNet/sing-box/blob/v1.13.21/option/options.go#L20
$.inbounds[] (Inbound){oneOf:5}.tcp_fast_open,"{""type"":""boolean""}",yes; conditional core requirements still apply,,https://github.com/SagerNet/sing-box/blob/v1.13.21/option/inbound.go#L76
$.inbounds[] (Inbound){oneOf:5}.tcp_keep_alive,"{""$ref"":""#/$defs/badoption_Duration""}",yes; conditional core requirements still apply,,https://github.com/SagerNet/sing-box/blob/v1.13.21/option/inbound.go#L74
$.inbounds[] (Inbound){oneOf:5}.tcp_keep_alive_interval,"{""$ref"":""#/$defs/badoption_Duration""}",yes; conditional core requirements still apply,,https://github.com/SagerNet/sing-box/blob/v1.13.21/option/inbound.go#L75
$.inbounds[] (Inbound){oneOf:5}.tcp_multi_path,"{""type"":""boolean""}",yes; conditional core requirements still apply,,https://github.com/SagerNet/sing-box/blob/v1.13.21/option/inbound.go#L77
$.inbounds[] (Inbound){oneOf:5}.tls,"{""$ref"":""#/$defs/InboundTLSOptions""}",yes; conditional core requirements still apply,,https://github.com/SagerNet/sing-box/blob/v1.13.21/option/tls.go#L81
$.inbounds[] (Inbound){oneOf:5}.type,"{""const"":""mixed""}",no in this branch,,https://github.com/SagerNet/sing-box/blob/v1.13.21/option/options.go#L20
$.inbounds[] (Inbound){oneOf:5}.udp_fragment,"{""type"":""boolean""}",yes; conditional core requirements still apply,,https://github.com/SagerNet/sing-box/blob/v1.13.21/option/inbound.go#L78
$.inbounds[] (Inbound){oneOf:5}.udp_timeout,"{""$ref"":""#/$defs/UDPTimeoutCompat""}",yes; conditional core requirements still apply,,https://github.com/SagerNet/sing-box/blob/v1.13.21/option/inbound.go#L80
$.inbounds[] (Inbound){oneOf:5}.users,"{""items"":{""$ref"":""#/$defs/auth_User""},""type"":""array""}",yes; conditional core requirements still apply,,https://github.com/SagerNet/sing-box/blob/v1.13.21/option/simple.go#L16
$.inbounds[] (Inbound){oneOf:6}.bind_interface,"{""type"":""string""}",yes; conditional core requirements still apply,,https://github.com/SagerNet/sing-box/blob/v1.13.21/option/inbound.go#L69
$.inbounds[] (Inbound){oneOf:6}.detour,"{""type"":""string""}",yes; conditional core requirements still apply,,https://github.com/SagerNet/sing-box/blob/v1.13.21/option/inbound.go#L81
$.inbounds[] (Inbound){oneOf:6}.disable_tcp_keep_alive,"{""type"":""boolean""}",yes; conditional core requirements still apply,,https://github.com/SagerNet/sing-box/blob/v1.13.21/option/inbound.go#L73
$.inbounds[] (Inbound){oneOf:6}.listen,"{""type"":""string""}",yes; conditional core requirements still apply,,https://github.com/SagerNet/sing-box/blob/v1.13.21/option/inbound.go#L67
$.inbounds[] (Inbound){oneOf:6}.listen_port,"{""maximum"":65535,""minimum"":0,""type"":""integer""}",yes; conditional core requirements still apply,,https://github.com/SagerNet/sing-box/blob/v1.13.21/option/inbound.go#L68
$.inbounds[] (Inbound){oneOf:6}.netns,"{""type"":""string""}",yes; conditional core requirements still apply,,https://github.com/SagerNet/sing-box/blob/v1.13.21/option/inbound.go#L72
$.inbounds[] (Inbound){oneOf:6}.network,"{""$ref"":""#/$defs/NetworkList""}",yes; conditional core requirements still apply,,https://github.com/SagerNet/sing-box/blob/v1.13.21/option/naive.go#L22
$.inbounds[] (Inbound){oneOf:6}.quic_congestion_control,"{""type"":""string""}",yes; conditional core requirements still apply,,https://github.com/SagerNet/sing-box/blob/v1.13.21/option/naive.go#L23
$.inbounds[] (Inbound){oneOf:6}.reuse_addr,"{""type"":""boolean""}",yes; conditional core requirements still apply,,https://github.com/SagerNet/sing-box/blob/v1.13.21/option/inbound.go#L71
$.inbounds[] (Inbound){oneOf:6}.routing_mark,"{""$ref"":""#/$defs/FwMark""}",yes; conditional core requirements still apply,,https://github.com/SagerNet/sing-box/blob/v1.13.21/option/inbound.go#L70
$.inbounds[] (Inbound){oneOf:6}.tag,"{""type"":""string""}",yes; conditional core requirements still apply,,https://github.com/SagerNet/sing-box/blob/v1.13.21/option/options.go#L20
$.inbounds[] (Inbound){oneOf:6}.tcp_fast_open,"{""type"":""boolean""}",yes; conditional core requirements still apply,,https://github.com/SagerNet/sing-box/blob/v1.13.21/option/inbound.go#L76
$.inbounds[] (Inbound){oneOf:6}.tcp_keep_alive,"{""$ref"":""#/$defs/badoption_Duration""}",yes; conditional core requirements still apply,,https://github.com/SagerNet/sing-box/blob/v1.13.21/option/inbound.go#L74
$.inbounds[] (Inbound){oneOf:6}.tcp_keep_alive_interval,"{""$ref"":""#/$defs/badoption_Duration""}",yes; conditional core requirements still apply,,https://github.com/SagerNet/sing-box/blob/v1.13.21/option/inbound.go#L75
$.inbounds[] (Inbound){oneOf:6}.tcp_multi_path,"{""type"":""boolean""}",yes; conditional core requirements still apply,,https://github.com/SagerNet/sing-box/blob/v1.13.21/option/inbound.go#L77
$.inbounds[] (Inbound){oneOf:6}.tls,"{""$ref"":""#/$defs/InboundTLSOptions""}",yes; conditional core requirements still apply,,https://github.com/SagerNet/sing-box/blob/v1.13.21/option/tls.go#L81
$.inbounds[] (Inbound){oneOf:6}.type,"{""const"":""naive""}",no in this branch,,https://github.com/SagerNet/sing-box/blob/v1.13.21/option/options.go#L20
$.inbounds[] (Inbound){oneOf:6}.udp_fragment,"{""type"":""boolean""}",yes; conditional core requirements still apply,,https://github.com/SagerNet/sing-box/blob/v1.13.21/option/inbound.go#L78
$.inbounds[] (Inbound){oneOf:6}.udp_timeout,"{""$ref"":""#/$defs/UDPTimeoutCompat""}",yes; conditional core requirements still apply,,https://github.com/SagerNet/sing-box/blob/v1.13.21/option/inbound.go#L80
$.inbounds[] (Inbound){oneOf:6}.users,"{""items"":{""$ref"":""#/$defs/auth_User""},""type"":""array""}",yes; conditional core requirements still apply,,https://github.com/SagerNet/sing-box/blob/v1.13.21/option/naive.go#L21
$.inbounds[] (Inbound){oneOf:7}.bind_interface,"{""type"":""string""}",yes; conditional core requirements still apply,,https://github.com/SagerNet/sing-box/blob/v1.13.21/option/inbound.go#L69
$.inbounds[] (Inbound){oneOf:7}.detour,"{""type"":""string""}",yes; conditional core requirements still apply,,https://github.com/SagerNet/sing-box/blob/v1.13.21/option/inbound.go#L81
$.inbounds[] (Inbound){oneOf:7}.disable_tcp_keep_alive,"{""type"":""boolean""}",yes; conditional core requirements still apply,,https://github.com/SagerNet/sing-box/blob/v1.13.21/option/inbound.go#L73
$.inbounds[] (Inbound){oneOf:7}.listen,"{""type"":""string""}",yes; conditional core requirements still apply,,https://github.com/SagerNet/sing-box/blob/v1.13.21/option/inbound.go#L67
$.inbounds[] (Inbound){oneOf:7}.listen_port,"{""maximum"":65535,""minimum"":0,""type"":""integer""}",yes; conditional core requirements still apply,,https://github.com/SagerNet/sing-box/blob/v1.13.21/option/inbound.go#L68
$.inbounds[] (Inbound){oneOf:7}.netns,"{""type"":""string""}",yes; conditional core requirements still apply,,https://github.com/SagerNet/sing-box/blob/v1.13.21/option/inbound.go#L72
$.inbounds[] (Inbound){oneOf:7}.reuse_addr,"{""type"":""boolean""}",yes; conditional core requirements still apply,,https://github.com/SagerNet/sing-box/blob/v1.13.21/option/inbound.go#L71
$.inbounds[] (Inbound){oneOf:7}.routing_mark,"{""$ref"":""#/$defs/FwMark""}",yes; conditional core requirements still apply,,https://github.com/SagerNet/sing-box/blob/v1.13.21/option/inbound.go#L70
$.inbounds[] (Inbound){oneOf:7}.tag,"{""type"":""string""}",yes; conditional core requirements still apply,,https://github.com/SagerNet/sing-box/blob/v1.13.21/option/options.go#L20
$.inbounds[] (Inbound){oneOf:7}.tcp_fast_open,"{""type"":""boolean""}",yes; conditional core requirements still apply,,https://github.com/SagerNet/sing-box/blob/v1.13.21/option/inbound.go#L76
$.inbounds[] (Inbound){oneOf:7}.tcp_keep_alive,"{""$ref"":""#/$defs/badoption_Duration""}",yes; conditional core requirements still apply,,https://github.com/SagerNet/sing-box/blob/v1.13.21/option/inbound.go#L74
$.inbounds[] (Inbound){oneOf:7}.tcp_keep_alive_interval,"{""$ref"":""#/$defs/badoption_Duration""}",yes; conditional core requirements still apply,,https://github.com/SagerNet/sing-box/blob/v1.13.21/option/inbound.go#L75
$.inbounds[] (Inbound){oneOf:7}.tcp_multi_path,"{""type"":""boolean""}",yes; conditional core requirements still apply,,https://github.com/SagerNet/sing-box/blob/v1.13.21/option/inbound.go#L77
$.inbounds[] (Inbound){oneOf:7}.type,"{""const"":""redirect""}",no in this branch,,https://github.com/SagerNet/sing-box/blob/v1.13.21/option/options.go#L20
$.inbounds[] (Inbound){oneOf:7}.udp_fragment,"{""type"":""boolean""}",yes; conditional core requirements still apply,,https://github.com/SagerNet/sing-box/blob/v1.13.21/option/inbound.go#L78
$.inbounds[] (Inbound){oneOf:7}.udp_timeout,"{""$ref"":""#/$defs/UDPTimeoutCompat""}",yes; conditional core requirements still apply,,https://github.com/SagerNet/sing-box/blob/v1.13.21/option/inbound.go#L80
$.inbounds[] (Inbound){oneOf:8}.bind_interface,"{""type"":""string""}",yes; conditional core requirements still apply,,https://github.com/SagerNet/sing-box/blob/v1.13.21/option/inbound.go#L69
$.inbounds[] (Inbound){oneOf:8}.destinations,"{""items"":{""$ref"":""#/$defs/ShadowsocksDestination""},""type"":""array""}",yes; conditional core requirements still apply,,https://github.com/SagerNet/sing-box/blob/v1.13.21/option/shadowsocks.go#L9
$.inbounds[] (Inbound){oneOf:8}.destinations[] (ShadowsocksDestination).name,"{""type"":""string""}",yes; conditional core requirements still apply,,https://github.com/SagerNet/sing-box/blob/v1.13.21/option/shadowsocks.go#L20
$.inbounds[] (Inbound){oneOf:8}.destinations[] (ShadowsocksDestination).password,"{""type"":""string""}",yes; conditional core requirements still apply,,https://github.com/SagerNet/sing-box/blob/v1.13.21/option/shadowsocks.go#L21
$.inbounds[] (Inbound){oneOf:8}.destinations[] (ShadowsocksDestination).server,"{""type"":""string""}",yes; conditional core requirements still apply,,https://github.com/SagerNet/sing-box/blob/v1.13.21/option/outbound.go#L149
$.inbounds[] (Inbound){oneOf:8}.destinations[] (ShadowsocksDestination).server_port,"{""maximum"":65535,""minimum"":0,""type"":""integer""}",yes; conditional core requirements still apply,,https://github.com/SagerNet/sing-box/blob/v1.13.21/option/outbound.go#L150
$.inbounds[] (Inbound){oneOf:8}.detour,"{""type"":""string""}",yes; conditional core requirements still apply,,https://github.com/SagerNet/sing-box/blob/v1.13.21/option/inbound.go#L81
$.inbounds[] (Inbound){oneOf:8}.disable_tcp_keep_alive,"{""type"":""boolean""}",yes; conditional core requirements still apply,,https://github.com/SagerNet/sing-box/blob/v1.13.21/option/inbound.go#L73
$.inbounds[] (Inbound){oneOf:8}.listen,"{""type"":""string""}",yes; conditional core requirements still apply,,https://github.com/SagerNet/sing-box/blob/v1.13.21/option/inbound.go#L67
$.inbounds[] (Inbound){oneOf:8}.listen_port,"{""maximum"":65535,""minimum"":0,""type"":""integer""}",yes; conditional core requirements still apply,,https://github.com/SagerNet/sing-box/blob/v1.13.21/option/inbound.go#L68
$.inbounds[] (Inbound){oneOf:8}.managed,"{""type"":""boolean""}",yes; conditional core requirements still apply,,https://github.com/SagerNet/sing-box/blob/v1.13.21/option/shadowsocks.go#L11
$.inbounds[] (Inbound){oneOf:8}.method,"{""type"":""string""}",yes; conditional core requirements still apply,,https://github.com/SagerNet/sing-box/blob/v1.13.21/option/shadowsocks.go#L6
$.inbounds[] (Inbound){oneOf:8}.multiplex,"{""$ref"":""#/$defs/InboundMultiplexOptions""}",yes; conditional core requirements still apply,,https://github.com/SagerNet/sing-box/blob/v1.13.21/option/shadowsocks.go#L10
$.inbounds[] (Inbound){oneOf:8}.multiplex (InboundMultiplexOptions).brutal,"{""$ref"":""#/$defs/BrutalOptions""}",yes; conditional core requirements still apply,,https://github.com/SagerNet/sing-box/blob/v1.13.21/option/multiplex.go#L6
$.inbounds[] (Inbound){oneOf:8}.multiplex (InboundMultiplexOptions).brutal (BrutalOptions).down_mbps,"{""type"":""integer""}",yes; conditional core requirements still apply,,https://github.com/SagerNet/sing-box/blob/v1.13.21/option/multiplex.go#L22
$.inbounds[] (Inbound){oneOf:8}.multiplex (InboundMultiplexOptions).brutal (BrutalOptions).enabled,"{""type"":""boolean""}",yes; conditional core requirements still apply,,https://github.com/SagerNet/sing-box/blob/v1.13.21/option/multiplex.go#L20
$.inbounds[] (Inbound){oneOf:8}.multiplex (InboundMultiplexOptions).brutal (BrutalOptions).up_mbps,"{""type"":""integer""}",yes; conditional core requirements still apply,,https://github.com/SagerNet/sing-box/blob/v1.13.21/option/multiplex.go#L21
$.inbounds[] (Inbound){oneOf:8}.multiplex (InboundMultiplexOptions).enabled,"{""type"":""boolean""}",yes; conditional core requirements still apply,,https://github.com/SagerNet/sing-box/blob/v1.13.21/option/multiplex.go#L4
$.inbounds[] (Inbound){oneOf:8}.multiplex (InboundMultiplexOptions).padding,"{""type"":""boolean""}",yes; conditional core requirements still apply,,https://github.com/SagerNet/sing-box/blob/v1.13.21/option/multiplex.go#L5
$.inbounds[] (Inbound){oneOf:8}.netns,"{""type"":""string""}",yes; conditional core requirements still apply,,https://github.com/SagerNet/sing-box/blob/v1.13.21/option/inbound.go#L72
$.inbounds[] (Inbound){oneOf:8}.network,"{""$ref"":""#/$defs/NetworkList""}",yes; conditional core requirements still apply,,https://github.com/SagerNet/sing-box/blob/v1.13.21/option/shadowsocks.go#L5
$.inbounds[] (Inbound){oneOf:8}.password,"{""type"":""string""}",yes; conditional core requirements still apply,,https://github.com/SagerNet/sing-box/blob/v1.13.21/option/shadowsocks.go#L7
$.inbounds[] (Inbound){oneOf:8}.reuse_addr,"{""type"":""boolean""}",yes; conditional core requirements still apply,,https://github.com/SagerNet/sing-box/blob/v1.13.21/option/inbound.go#L71
$.inbounds[] (Inbound){oneOf:8}.routing_mark,"{""$ref"":""#/$defs/FwMark""}",yes; conditional core requirements still apply,,https://github.com/SagerNet/sing-box/blob/v1.13.21/option/inbound.go#L70
$.inbounds[] (Inbound){oneOf:8}.tag,"{""type"":""string""}",yes; conditional core requirements still apply,,https://github.com/SagerNet/sing-box/blob/v1.13.21/option/options.go#L20
$.inbounds[] (Inbound){oneOf:8}.tcp_fast_open,"{""type"":""boolean""}",yes; conditional core requirements still apply,,https://github.com/SagerNet/sing-box/blob/v1.13.21/option/inbound.go#L76
$.inbounds[] (Inbound){oneOf:8}.tcp_keep_alive,"{""$ref"":""#/$defs/badoption_Duration""}",yes; conditional core requirements still apply,,https://github.com/SagerNet/sing-box/blob/v1.13.21/option/inbound.go#L74
$.inbounds[] (Inbound){oneOf:8}.tcp_keep_alive_interval,"{""$ref"":""#/$defs/badoption_Duration""}",yes; conditional core requirements still apply,,https://github.com/SagerNet/sing-box/blob/v1.13.21/option/inbound.go#L75
$.inbounds[] (Inbound){oneOf:8}.tcp_multi_path,"{""type"":""boolean""}",yes; conditional core requirements still apply,,https://github.com/SagerNet/sing-box/blob/v1.13.21/option/inbound.go#L77
$.inbounds[] (Inbound){oneOf:8}.type,"{""const"":""shadowsocks""}",no in this branch,,https://github.com/SagerNet/sing-box/blob/v1.13.21/option/options.go#L20
$.inbounds[] (Inbound){oneOf:8}.udp_fragment,"{""type"":""boolean""}",yes; conditional core requirements still apply,,https://github.com/SagerNet/sing-box/blob/v1.13.21/option/inbound.go#L78
$.inbounds[] (Inbound){oneOf:8}.udp_timeout,"{""$ref"":""#/$defs/UDPTimeoutCompat""}",yes; conditional core requirements still apply,,https://github.com/SagerNet/sing-box/blob/v1.13.21/option/inbound.go#L80
$.inbounds[] (Inbound){oneOf:8}.users,"{""items"":{""$ref"":""#/$defs/ShadowsocksUser""},""type"":""array""}",yes; conditional core requirements still apply,,https://github.com/SagerNet/sing-box/blob/v1.13.21/option/shadowsocks.go#L8
$.inbounds[] (Inbound){oneOf:8}.users[] (ShadowsocksUser).name,"{""type"":""string""}",yes; conditional core requirements still apply,,https://github.com/SagerNet/sing-box/blob/v1.13.21/option/shadowsocks.go#L15
$.inbounds[] (Inbound){oneOf:8}.users[] (ShadowsocksUser).password,"{""type"":""string""}",yes; conditional core requirements still apply,,https://github.com/SagerNet/sing-box/blob/v1.13.21/option/shadowsocks.go#L16
$.inbounds[] (Inbound){oneOf:9}.bind_interface,"{""type"":""string""}",yes; conditional core requirements still apply,,https://github.com/SagerNet/sing-box/blob/v1.13.21/option/inbound.go#L69
$.inbounds[] (Inbound){oneOf:9}.detour,"{""type"":""string""}",yes; conditional core requirements still apply,,https://github.com/SagerNet/sing-box/blob/v1.13.21/option/inbound.go#L81
$.inbounds[] (Inbound){oneOf:9}.disable_tcp_keep_alive,"{""type"":""boolean""}",yes; conditional core requirements still apply,,https://github.com/SagerNet/sing-box/blob/v1.13.21/option/inbound.go#L73
$.inbounds[] (Inbound){oneOf:9}.handshake,"{""$ref"":""#/$defs/ShadowTLSHandshakeOptions""}",yes; conditional core requirements still apply,,https://github.com/SagerNet/sing-box/blob/v1.13.21/option/shadowtls.go#L15
$.inbounds[] (Inbound){oneOf:9}.handshake (ShadowTLSHandshakeOptions).bind_address_no_port,"{""type"":""boolean""}",yes; conditional core requirements still apply,,https://github.com/SagerNet/sing-box/blob/v1.13.21/option/outbound.go#L72
$.inbounds[] (Inbound){oneOf:9}.handshake (ShadowTLSHandshakeOptions).bind_interface,"{""type"":""string""}",yes; conditional core requirements still apply,,https://github.com/SagerNet/sing-box/blob/v1.13.21/option/outbound.go#L69
$.inbounds[] (Inbound){oneOf:9}.handshake (ShadowTLSHandshakeOptions).connect_timeout,"{""$ref"":""#/$defs/badoption_Duration""}",yes; conditional core requirements still apply,,https://github.com/SagerNet/sing-box/blob/v1.13.21/option/outbound.go#L77
$.inbounds[] (Inbound){oneOf:9}.handshake (ShadowTLSHandshakeOptions).detour,"{""type"":""string""}",yes; conditional core requirements still apply,,https://github.com/SagerNet/sing-box/blob/v1.13.21/option/outbound.go#L68
$.inbounds[] (Inbound){oneOf:9}.handshake (ShadowTLSHandshakeOptions).disable_tcp_keep_alive,"{""type"":""boolean""}",yes; conditional core requirements still apply,,https://github.com/SagerNet/sing-box/blob/v1.13.21/option/outbound.go#L80
$.inbounds[] (Inbound){oneOf:9}.handshake (ShadowTLSHandshakeOptions).domain_resolver,"{""$ref"":""#/$defs/DomainResolveOptions""}",yes; conditional core requirements still apply,,https://github.com/SagerNet/sing-box/blob/v1.13.21/option/outbound.go#L85
$.inbounds[] (Inbound){oneOf:9}.handshake (ShadowTLSHandshakeOptions).domain_strategy,"{""$ref"":""#/$defs/DomainStrategy""}",yes; conditional core requirements still apply,Deprecated: migrated to domain resolver,https://github.com/SagerNet/sing-box/blob/v1.13.21/option/outbound.go#L92
$.inbounds[] (Inbound){oneOf:9}.handshake (ShadowTLSHandshakeOptions).fallback_delay,"{""$ref"":""#/$defs/badoption_Duration""}",yes; conditional core requirements still apply,,https://github.com/SagerNet/sing-box/blob/v1.13.21/option/outbound.go#L89
$.inbounds[] (Inbound){oneOf:9}.handshake (ShadowTLSHandshakeOptions).fallback_network_type,"{""anyOf"":[{""$ref"":""#/$defs/InterfaceType""},{""items"":{""$ref"":""#/$defs/InterfaceType""},""type"":""array""}]}",yes; conditional core requirements still apply,,https://github.com/SagerNet/sing-box/blob/v1.13.21/option/outbound.go#L88
$.inbounds[] (Inbound){oneOf:9}.handshake (ShadowTLSHandshakeOptions).inet4_bind_address,"{""type"":""string""}",yes; conditional core requirements still apply,,https://github.com/SagerNet/sing-box/blob/v1.13.21/option/outbound.go#L70
$.inbounds[] (Inbound){oneOf:9}.handshake (ShadowTLSHandshakeOptions).inet6_bind_address,"{""type"":""string""}",yes; conditional core requirements still apply,,https://github.com/SagerNet/sing-box/blob/v1.13.21/option/outbound.go#L71
$.inbounds[] (Inbound){oneOf:9}.handshake (ShadowTLSHandshakeOptions).netns,"{""type"":""string""}",yes; conditional core requirements still apply,,https://github.com/SagerNet/sing-box/blob/v1.13.21/option/outbound.go#L76
$.inbounds[] (Inbound){oneOf:9}.handshake (ShadowTLSHandshakeOptions).network_strategy,"{""$ref"":""#/$defs/NetworkStrategy""}",yes; conditional core requirements still apply,,https://github.com/SagerNet/sing-box/blob/v1.13.21/option/outbound.go#L86
$.inbounds[] (Inbound){oneOf:9}.handshake (ShadowTLSHandshakeOptions).network_type,"{""anyOf"":[{""$ref"":""#/$defs/InterfaceType""},{""items"":{""$ref"":""#/$defs/InterfaceType""},""type"":""array""}]}",yes; conditional core requirements still apply,,https://github.com/SagerNet/sing-box/blob/v1.13.21/option/outbound.go#L87
$.inbounds[] (Inbound){oneOf:9}.handshake (ShadowTLSHandshakeOptions).protect_path,"{""type"":""string""}",yes; conditional core requirements still apply,,https://github.com/SagerNet/sing-box/blob/v1.13.21/option/outbound.go#L73
$.inbounds[] (Inbound){oneOf:9}.handshake (ShadowTLSHandshakeOptions).reuse_addr,"{""type"":""boolean""}",yes; conditional core requirements still apply,,https://github.com/SagerNet/sing-box/blob/v1.13.21/option/outbound.go#L75
$.inbounds[] (Inbound){oneOf:9}.handshake (ShadowTLSHandshakeOptions).routing_mark,"{""$ref"":""#/$defs/FwMark""}",yes; conditional core requirements still apply,,https://github.com/SagerNet/sing-box/blob/v1.13.21/option/outbound.go#L74
$.inbounds[] (Inbound){oneOf:9}.handshake (ShadowTLSHandshakeOptions).server,"{""type"":""string""}",yes; conditional core requirements still apply,,https://github.com/SagerNet/sing-box/blob/v1.13.21/option/outbound.go#L149
$.inbounds[] (Inbound){oneOf:9}.handshake (ShadowTLSHandshakeOptions).server_port,"{""maximum"":65535,""minimum"":0,""type"":""integer""}",yes; conditional core requirements still apply,,https://github.com/SagerNet/sing-box/blob/v1.13.21/option/outbound.go#L150
$.inbounds[] (Inbound){oneOf:9}.handshake (ShadowTLSHandshakeOptions).tcp_fast_open,"{""type"":""boolean""}",yes; conditional core requirements still apply,,https://github.com/SagerNet/sing-box/blob/v1.13.21/option/outbound.go#L78
$.inbounds[] (Inbound){oneOf:9}.handshake (ShadowTLSHandshakeOptions).tcp_keep_alive,"{""$ref"":""#/$defs/badoption_Duration""}",yes; conditional core requirements still apply,,https://github.com/SagerNet/sing-box/blob/v1.13.21/option/outbound.go#L81
$.inbounds[] (Inbound){oneOf:9}.handshake (ShadowTLSHandshakeOptions).tcp_keep_alive_interval,"{""$ref"":""#/$defs/badoption_Duration""}",yes; conditional core requirements still apply,,https://github.com/SagerNet/sing-box/blob/v1.13.21/option/outbound.go#L82
$.inbounds[] (Inbound){oneOf:9}.handshake (ShadowTLSHandshakeOptions).tcp_multi_path,"{""type"":""boolean""}",yes; conditional core requirements still apply,,https://github.com/SagerNet/sing-box/blob/v1.13.21/option/outbound.go#L79
$.inbounds[] (Inbound){oneOf:9}.handshake (ShadowTLSHandshakeOptions).udp_fragment,"{""type"":""boolean""}",yes; conditional core requirements still apply,,https://github.com/SagerNet/sing-box/blob/v1.13.21/option/outbound.go#L83
$.inbounds[] (Inbound){oneOf:9}.handshake_for_server_name,"{""additionalProperties"":{""$ref"":""#/$defs/ShadowTLSHandshakeOptions""},""type"":""object""}",yes; conditional core requirements still apply,,https://github.com/SagerNet/sing-box/blob/v1.13.21/option/shadowtls.go#L16
$.inbounds[] (Inbound){oneOf:9}.listen,"{""type"":""string""}",yes; conditional core requirements still apply,,https://github.com/SagerNet/sing-box/blob/v1.13.21/option/inbound.go#L67
$.inbounds[] (Inbound){oneOf:9}.listen_port,"{""maximum"":65535,""minimum"":0,""type"":""integer""}",yes; conditional core requirements still apply,,https://github.com/SagerNet/sing-box/blob/v1.13.21/option/inbound.go#L68
$.inbounds[] (Inbound){oneOf:9}.netns,"{""type"":""string""}",yes; conditional core requirements still apply,,https://github.com/SagerNet/sing-box/blob/v1.13.21/option/inbound.go#L72
$.inbounds[] (Inbound){oneOf:9}.password,"{""type"":""string""}",yes; conditional core requirements still apply,,https://github.com/SagerNet/sing-box/blob/v1.13.21/option/shadowtls.go#L13
$.inbounds[] (Inbound){oneOf:9}.reuse_addr,"{""type"":""boolean""}",yes; conditional core requirements still apply,,https://github.com/SagerNet/sing-box/blob/v1.13.21/option/inbound.go#L71
$.inbounds[] (Inbound){oneOf:9}.routing_mark,"{""$ref"":""#/$defs/FwMark""}",yes; conditional core requirements still apply,,https://github.com/SagerNet/sing-box/blob/v1.13.21/option/inbound.go#L70
$.inbounds[] (Inbound){oneOf:9}.strict_mode,"{""type"":""boolean""}",yes; conditional core requirements still apply,,https://github.com/SagerNet/sing-box/blob/v1.13.21/option/shadowtls.go#L17
$.inbounds[] (Inbound){oneOf:9}.tag,"{""type"":""string""}",yes; conditional core requirements still apply,,https://github.com/SagerNet/sing-box/blob/v1.13.21/option/options.go#L20
$.inbounds[] (Inbound){oneOf:9}.tcp_fast_open,"{""type"":""boolean""}",yes; conditional core requirements still apply,,https://github.com/SagerNet/sing-box/blob/v1.13.21/option/inbound.go#L76
$.inbounds[] (Inbound){oneOf:9}.tcp_keep_alive,"{""$ref"":""#/$defs/badoption_Duration""}",yes; conditional core requirements still apply,,https://github.com/SagerNet/sing-box/blob/v1.13.21/option/inbound.go#L74
$.inbounds[] (Inbound){oneOf:9}.tcp_keep_alive_interval,"{""$ref"":""#/$defs/badoption_Duration""}",yes; conditional core requirements still apply,,https://github.com/SagerNet/sing-box/blob/v1.13.21/option/inbound.go#L75
$.inbounds[] (Inbound){oneOf:9}.tcp_multi_path,"{""type"":""boolean""}",yes; conditional core requirements still apply,,https://github.com/SagerNet/sing-box/blob/v1.13.21/option/inbound.go#L77
$.inbounds[] (Inbound){oneOf:9}.type,"{""const"":""shadowtls""}",no in this branch,,https://github.com/SagerNet/sing-box/blob/v1.13.21/option/options.go#L20
$.inbounds[] (Inbound){oneOf:9}.udp_fragment,"{""type"":""boolean""}",yes; conditional core requirements still apply,,https://github.com/SagerNet/sing-box/blob/v1.13.21/option/inbound.go#L78
$.inbounds[] (Inbound){oneOf:9}.udp_timeout,"{""$ref"":""#/$defs/UDPTimeoutCompat""}",yes; conditional core requirements still apply,,https://github.com/SagerNet/sing-box/blob/v1.13.21/option/inbound.go#L80
$.inbounds[] (Inbound){oneOf:9}.users,"{""items"":{""$ref"":""#/$defs/ShadowTLSUser""},""type"":""array""}",yes; conditional core requirements still apply,,https://github.com/SagerNet/sing-box/blob/v1.13.21/option/shadowtls.go#L14
$.inbounds[] (Inbound){oneOf:9}.users[] (ShadowTLSUser).name,"{""type"":""string""}",yes; conditional core requirements still apply,,https://github.com/SagerNet/sing-box/blob/v1.13.21/option/shadowtls.go#L66
$.inbounds[] (Inbound){oneOf:9}.users[] (ShadowTLSUser).password,"{""type"":""string""}",yes; conditional core requirements still apply,,https://github.com/SagerNet/sing-box/blob/v1.13.21/option/shadowtls.go#L67
$.inbounds[] (Inbound){oneOf:9}.version,"{""type"":""integer""}",yes; conditional core requirements still apply,,https://github.com/SagerNet/sing-box/blob/v1.13.21/option/shadowtls.go#L12
$.inbounds[] (Inbound){oneOf:9}.wildcard_sni,"{""$ref"":""#/$defs/WildcardSNI""}",yes; conditional core requirements still apply,,https://github.com/SagerNet/sing-box/blob/v1.13.21/option/shadowtls.go#L18
$.inbounds[] (Inbound){oneOf:10}.bind_interface,"{""type"":""string""}",yes; conditional core requirements still apply,,https://github.com/SagerNet/sing-box/blob/v1.13.21/option/inbound.go#L69
$.inbounds[] (Inbound){oneOf:10}.detour,"{""type"":""string""}",yes; conditional core requirements still apply,,https://github.com/SagerNet/sing-box/blob/v1.13.21/option/inbound.go#L81
$.inbounds[] (Inbound){oneOf:10}.disable_tcp_keep_alive,"{""type"":""boolean""}",yes; conditional core requirements still apply,,https://github.com/SagerNet/sing-box/blob/v1.13.21/option/inbound.go#L73
$.inbounds[] (Inbound){oneOf:10}.domain_resolver,"{""$ref"":""#/$defs/DomainResolveOptions""}",yes; conditional core requirements still apply,,https://github.com/SagerNet/sing-box/blob/v1.13.21/option/simple.go#L11
$.inbounds[] (Inbound){oneOf:10}.listen,"{""type"":""string""}",yes; conditional core requirements still apply,,https://github.com/SagerNet/sing-box/blob/v1.13.21/option/inbound.go#L67
$.inbounds[] (Inbound){oneOf:10}.listen_port,"{""maximum"":65535,""minimum"":0,""type"":""integer""}",yes; conditional core requirements still apply,,https://github.com/SagerNet/sing-box/blob/v1.13.21/option/inbound.go#L68
$.inbounds[] (Inbound){oneOf:10}.netns,"{""type"":""string""}",yes; conditional core requirements still apply,,https://github.com/SagerNet/sing-box/blob/v1.13.21/option/inbound.go#L72
$.inbounds[] (Inbound){oneOf:10}.reuse_addr,"{""type"":""boolean""}",yes; conditional core requirements still apply,,https://github.com/SagerNet/sing-box/blob/v1.13.21/option/inbound.go#L71
$.inbounds[] (Inbound){oneOf:10}.routing_mark,"{""$ref"":""#/$defs/FwMark""}",yes; conditional core requirements still apply,,https://github.com/SagerNet/sing-box/blob/v1.13.21/option/inbound.go#L70
$.inbounds[] (Inbound){oneOf:10}.tag,"{""type"":""string""}",yes; conditional core requirements still apply,,https://github.com/SagerNet/sing-box/blob/v1.13.21/option/options.go#L20
$.inbounds[] (Inbound){oneOf:10}.tcp_fast_open,"{""type"":""boolean""}",yes; conditional core requirements still apply,,https://github.com/SagerNet/sing-box/blob/v1.13.21/option/inbound.go#L76
$.inbounds[] (Inbound){oneOf:10}.tcp_keep_alive,"{""$ref"":""#/$defs/badoption_Duration""}",yes; conditional core requirements still apply,,https://github.com/SagerNet/sing-box/blob/v1.13.21/option/inbound.go#L74
$.inbounds[] (Inbound){oneOf:10}.tcp_keep_alive_interval,"{""$ref"":""#/$defs/badoption_Duration""}",yes; conditional core requirements still apply,,https://github.com/SagerNet/sing-box/blob/v1.13.21/option/inbound.go#L75
$.inbounds[] (Inbound){oneOf:10}.tcp_multi_path,"{""type"":""boolean""}",yes; conditional core requirements still apply,,https://github.com/SagerNet/sing-box/blob/v1.13.21/option/inbound.go#L77
$.inbounds[] (Inbound){oneOf:10}.type,"{""const"":""socks""}",no in this branch,,https://github.com/SagerNet/sing-box/blob/v1.13.21/option/options.go#L20
$.inbounds[] (Inbound){oneOf:10}.udp_fragment,"{""type"":""boolean""}",yes; conditional core requirements still apply,,https://github.com/SagerNet/sing-box/blob/v1.13.21/option/inbound.go#L78
$.inbounds[] (Inbound){oneOf:10}.udp_timeout,"{""$ref"":""#/$defs/UDPTimeoutCompat""}",yes; conditional core requirements still apply,,https://github.com/SagerNet/sing-box/blob/v1.13.21/option/inbound.go#L80
$.inbounds[] (Inbound){oneOf:10}.users,"{""items"":{""$ref"":""#/$defs/auth_User""},""type"":""array""}",yes; conditional core requirements still apply,,https://github.com/SagerNet/sing-box/blob/v1.13.21/option/simple.go#L10
$.inbounds[] (Inbound){oneOf:11}.bind_interface,"{""type"":""string""}",yes; conditional core requirements still apply,,https://github.com/SagerNet/sing-box/blob/v1.13.21/option/inbound.go#L69
$.inbounds[] (Inbound){oneOf:11}.detour,"{""type"":""string""}",yes; conditional core requirements still apply,,https://github.com/SagerNet/sing-box/blob/v1.13.21/option/inbound.go#L81
$.inbounds[] (Inbound){oneOf:11}.disable_tcp_keep_alive,"{""type"":""boolean""}",yes; conditional core requirements still apply,,https://github.com/SagerNet/sing-box/blob/v1.13.21/option/inbound.go#L73
$.inbounds[] (Inbound){oneOf:11}.listen,"{""type"":""string""}",yes; conditional core requirements still apply,,https://github.com/SagerNet/sing-box/blob/v1.13.21/option/inbound.go#L67
$.inbounds[] (Inbound){oneOf:11}.listen_port,"{""maximum"":65535,""minimum"":0,""type"":""integer""}",yes; conditional core requirements still apply,,https://github.com/SagerNet/sing-box/blob/v1.13.21/option/inbound.go#L68
$.inbounds[] (Inbound){oneOf:11}.netns,"{""type"":""string""}",yes; conditional core requirements still apply,,https://github.com/SagerNet/sing-box/blob/v1.13.21/option/inbound.go#L72
$.inbounds[] (Inbound){oneOf:11}.network,"{""$ref"":""#/$defs/NetworkList""}",yes; conditional core requirements still apply,,https://github.com/SagerNet/sing-box/blob/v1.13.21/option/redir.go#L9
$.inbounds[] (Inbound){oneOf:11}.reuse_addr,"{""type"":""boolean""}",yes; conditional core requirements still apply,,https://github.com/SagerNet/sing-box/blob/v1.13.21/option/inbound.go#L71
$.inbounds[] (Inbound){oneOf:11}.routing_mark,"{""$ref"":""#/$defs/FwMark""}",yes; conditional core requirements still apply,,https://github.com/SagerNet/sing-box/blob/v1.13.21/option/inbound.go#L70
$.inbounds[] (Inbound){oneOf:11}.tag,"{""type"":""string""}",yes; conditional core requirements still apply,,https://github.com/SagerNet/sing-box/blob/v1.13.21/option/options.go#L20
$.inbounds[] (Inbound){oneOf:11}.tcp_fast_open,"{""type"":""boolean""}",yes; conditional core requirements still apply,,https://github.com/SagerNet/sing-box/blob/v1.13.21/option/inbound.go#L76
$.inbounds[] (Inbound){oneOf:11}.tcp_keep_alive,"{""$ref"":""#/$defs/badoption_Duration""}",yes; conditional core requirements still apply,,https://github.com/SagerNet/sing-box/blob/v1.13.21/option/inbound.go#L74
$.inbounds[] (Inbound){oneOf:11}.tcp_keep_alive_interval,"{""$ref"":""#/$defs/badoption_Duration""}",yes; conditional core requirements still apply,,https://github.com/SagerNet/sing-box/blob/v1.13.21/option/inbound.go#L75
$.inbounds[] (Inbound){oneOf:11}.tcp_multi_path,"{""type"":""boolean""}",yes; conditional core requirements still apply,,https://github.com/SagerNet/sing-box/blob/v1.13.21/option/inbound.go#L77
$.inbounds[] (Inbound){oneOf:11}.type,"{""const"":""tproxy""}",no in this branch,,https://github.com/SagerNet/sing-box/blob/v1.13.21/option/options.go#L20
$.inbounds[] (Inbound){oneOf:11}.udp_fragment,"{""type"":""boolean""}",yes; conditional core requirements still apply,,https://github.com/SagerNet/sing-box/blob/v1.13.21/option/inbound.go#L78
$.inbounds[] (Inbound){oneOf:11}.udp_timeout,"{""$ref"":""#/$defs/UDPTimeoutCompat""}",yes; conditional core requirements still apply,,https://github.com/SagerNet/sing-box/blob/v1.13.21/option/inbound.go#L80
$.inbounds[] (Inbound){oneOf:12}.bind_interface,"{""type"":""string""}",yes; conditional core requirements still apply,,https://github.com/SagerNet/sing-box/blob/v1.13.21/option/inbound.go#L69
$.inbounds[] (Inbound){oneOf:12}.detour,"{""type"":""string""}",yes; conditional core requirements still apply,,https://github.com/SagerNet/sing-box/blob/v1.13.21/option/inbound.go#L81
$.inbounds[] (Inbound){oneOf:12}.disable_tcp_keep_alive,"{""type"":""boolean""}",yes; conditional core requirements still apply,,https://github.com/SagerNet/sing-box/blob/v1.13.21/option/inbound.go#L73
$.inbounds[] (Inbound){oneOf:12}.fallback,"{""$ref"":""#/$defs/ServerOptions""}",yes; conditional core requirements still apply,,https://github.com/SagerNet/sing-box/blob/v1.13.21/option/trojan.go#L7
$.inbounds[] (Inbound){oneOf:12}.fallback (ServerOptions).server,"{""type"":""string""}",yes; conditional core requirements still apply,,https://github.com/SagerNet/sing-box/blob/v1.13.21/option/outbound.go#L149
$.inbounds[] (Inbound){oneOf:12}.fallback (ServerOptions).server_port,"{""maximum"":65535,""minimum"":0,""type"":""integer""}",yes; conditional core requirements still apply,,https://github.com/SagerNet/sing-box/blob/v1.13.21/option/outbound.go#L150
$.inbounds[] (Inbound){oneOf:12}.fallback_for_alpn,"{""additionalProperties"":{""$ref"":""#/$defs/ServerOptions""},""type"":""object""}",yes; conditional core requirements still apply,,https://github.com/SagerNet/sing-box/blob/v1.13.21/option/trojan.go#L8
$.inbounds[] (Inbound){oneOf:12}.listen,"{""type"":""string""}",yes; conditional core requirements still apply,,https://github.com/SagerNet/sing-box/blob/v1.13.21/option/inbound.go#L67
$.inbounds[] (Inbound){oneOf:12}.listen_port,"{""maximum"":65535,""minimum"":0,""type"":""integer""}",yes; conditional core requirements still apply,,https://github.com/SagerNet/sing-box/blob/v1.13.21/option/inbound.go#L68
$.inbounds[] (Inbound){oneOf:12}.multiplex,"{""$ref"":""#/$defs/InboundMultiplexOptions""}",yes; conditional core requirements still apply,,https://github.com/SagerNet/sing-box/blob/v1.13.21/option/trojan.go#L9
$.inbounds[] (Inbound){oneOf:12}.netns,"{""type"":""string""}",yes; conditional core requirements still apply,,https://github.com/SagerNet/sing-box/blob/v1.13.21/option/inbound.go#L72
$.inbounds[] (Inbound){oneOf:12}.reuse_addr,"{""type"":""boolean""}",yes; conditional core requirements still apply,,https://github.com/SagerNet/sing-box/blob/v1.13.21/option/inbound.go#L71
$.inbounds[] (Inbound){oneOf:12}.routing_mark,"{""$ref"":""#/$defs/FwMark""}",yes; conditional core requirements still apply,,https://github.com/SagerNet/sing-box/blob/v1.13.21/option/inbound.go#L70
$.inbounds[] (Inbound){oneOf:12}.tag,"{""type"":""string""}",yes; conditional core requirements still apply,,https://github.com/SagerNet/sing-box/blob/v1.13.21/option/options.go#L20
$.inbounds[] (Inbound){oneOf:12}.tcp_fast_open,"{""type"":""boolean""}",yes; conditional core requirements still apply,,https://github.com/SagerNet/sing-box/blob/v1.13.21/option/inbound.go#L76
$.inbounds[] (Inbound){oneOf:12}.tcp_keep_alive,"{""$ref"":""#/$defs/badoption_Duration""}",yes; conditional core requirements still apply,,https://github.com/SagerNet/sing-box/blob/v1.13.21/option/inbound.go#L74
$.inbounds[] (Inbound){oneOf:12}.tcp_keep_alive_interval,"{""$ref"":""#/$defs/badoption_Duration""}",yes; conditional core requirements still apply,,https://github.com/SagerNet/sing-box/blob/v1.13.21/option/inbound.go#L75
$.inbounds[] (Inbound){oneOf:12}.tcp_multi_path,"{""type"":""boolean""}",yes; conditional core requirements still apply,,https://github.com/SagerNet/sing-box/blob/v1.13.21/option/inbound.go#L77
$.inbounds[] (Inbound){oneOf:12}.tls,"{""$ref"":""#/$defs/InboundTLSOptions""}",yes; conditional core requirements still apply,,https://github.com/SagerNet/sing-box/blob/v1.13.21/option/tls.go#L81
$.inbounds[] (Inbound){oneOf:12}.transport,"{""$ref"":""#/$defs/V2RayTransportOptions""}",yes; conditional core requirements still apply,,https://github.com/SagerNet/sing-box/blob/v1.13.21/option/trojan.go#L10
$.inbounds[] (Inbound){oneOf:12}.transport (V2RayTransportOptions){oneOf:0}.idle_timeout,"{""$ref"":""#/$defs/badoption_Duration""}",yes; conditional core requirements still apply,,https://github.com/SagerNet/sing-box/blob/v1.13.21/option/v2ray_transport.go#L90
$.inbounds[] (Inbound){oneOf:12}.transport (V2RayTransportOptions){oneOf:0}.permit_without_stream,"{""type"":""boolean""}",yes; conditional core requirements still apply,,https://github.com/SagerNet/sing-box/blob/v1.13.21/option/v2ray_transport.go#L92
$.inbounds[] (Inbound){oneOf:12}.transport (V2RayTransportOptions){oneOf:0}.ping_timeout,"{""$ref"":""#/$defs/badoption_Duration""}",yes; conditional core requirements still apply,,https://github.com/SagerNet/sing-box/blob/v1.13.21/option/v2ray_transport.go#L91
$.inbounds[] (Inbound){oneOf:12}.transport (V2RayTransportOptions){oneOf:0}.service_name,"{""type"":""string""}",yes; conditional core requirements still apply,,https://github.com/SagerNet/sing-box/blob/v1.13.21/option/v2ray_transport.go#L89
$.inbounds[] (Inbound){oneOf:12}.transport (V2RayTransportOptions){oneOf:0}.type,"{""const"":""grpc""}",no in this branch,,https://github.com/SagerNet/sing-box/blob/v1.13.21/option/trojan.go#L10
$.inbounds[] (Inbound){oneOf:12}.transport (V2RayTransportOptions){oneOf:1}.headers,"{""additionalProperties"":{""anyOf"":[{""type"":""string""},{""items"":{""type"":""string""},""type"":""array""}]},""type"":""object""}",yes; conditional core requirements still apply,,https://github.com/SagerNet/sing-box/blob/v1.13.21/option/v2ray_transport.go#L74
$.inbounds[] (Inbound){oneOf:12}.transport (V2RayTransportOptions){oneOf:1}.host,"{""anyOf"":[{""type"":""string""},{""items"":{""type"":""string""},""type"":""array""}]}",yes; conditional core requirements still apply,,https://github.com/SagerNet/sing-box/blob/v1.13.21/option/v2ray_transport.go#L71
$.inbounds[] (Inbound){oneOf:12}.transport (V2RayTransportOptions){oneOf:1}.idle_timeout,"{""$ref"":""#/$defs/badoption_Duration""}",yes; conditional core requirements still apply,,https://github.com/SagerNet/sing-box/blob/v1.13.21/option/v2ray_transport.go#L75
$.inbounds[] (Inbound){oneOf:12}.transport (V2RayTransportOptions){oneOf:1}.method,"{""type"":""string""}",yes; conditional core requirements still apply,,https://github.com/SagerNet/sing-box/blob/v1.13.21/option/v2ray_transport.go#L73
$.inbounds[] (Inbound){oneOf:12}.transport (V2RayTransportOptions){oneOf:1}.path,"{""type"":""string""}",yes; conditional core requirements still apply,,https://github.com/SagerNet/sing-box/blob/v1.13.21/option/v2ray_transport.go#L72
$.inbounds[] (Inbound){oneOf:12}.transport (V2RayTransportOptions){oneOf:1}.ping_timeout,"{""$ref"":""#/$defs/badoption_Duration""}",yes; conditional core requirements still apply,,https://github.com/SagerNet/sing-box/blob/v1.13.21/option/v2ray_transport.go#L76
$.inbounds[] (Inbound){oneOf:12}.transport (V2RayTransportOptions){oneOf:1}.type,"{""const"":""http""}",no in this branch,,https://github.com/SagerNet/sing-box/blob/v1.13.21/option/trojan.go#L10
$.inbounds[] (Inbound){oneOf:12}.transport (V2RayTransportOptions){oneOf:2}.headers,"{""additionalProperties"":{""anyOf"":[{""type"":""string""},{""items"":{""type"":""string""},""type"":""array""}]},""type"":""object""}",yes; conditional core requirements still apply,,https://github.com/SagerNet/sing-box/blob/v1.13.21/option/v2ray_transport.go#L99
$.inbounds[] (Inbound){oneOf:12}.transport (V2RayTransportOptions){oneOf:2}.host,"{""type"":""string""}",yes; conditional core requirements still apply,,https://github.com/SagerNet/sing-box/blob/v1.13.21/option/v2ray_transport.go#L97
$.inbounds[] (Inbound){oneOf:12}.transport (V2RayTransportOptions){oneOf:2}.path,"{""type"":""string""}",yes; conditional core requirements still apply,,https://github.com/SagerNet/sing-box/blob/v1.13.21/option/v2ray_transport.go#L98
$.inbounds[] (Inbound){oneOf:12}.transport (V2RayTransportOptions){oneOf:2}.type,"{""const"":""httpupgrade""}",no in this branch,,https://github.com/SagerNet/sing-box/blob/v1.13.21/option/trojan.go#L10
$.inbounds[] (Inbound){oneOf:12}.transport (V2RayTransportOptions){oneOf:3}.type,"{""const"":""quic""}",no in this branch,,https://github.com/SagerNet/sing-box/blob/v1.13.21/option/trojan.go#L10
$.inbounds[] (Inbound){oneOf:12}.transport (V2RayTransportOptions){oneOf:4}.early_data_header_name,"{""type"":""string""}",yes; conditional core requirements still apply,,https://github.com/SagerNet/sing-box/blob/v1.13.21/option/v2ray_transport.go#L83
$.inbounds[] (Inbound){oneOf:12}.transport (V2RayTransportOptions){oneOf:4}.headers,"{""additionalProperties"":{""anyOf"":[{""type"":""string""},{""items"":{""type"":""string""},""type"":""array""}]},""type"":""object""}",yes; conditional core requirements still apply,,https://github.com/SagerNet/sing-box/blob/v1.13.21/option/v2ray_transport.go#L81
$.inbounds[] (Inbound){oneOf:12}.transport (V2RayTransportOptions){oneOf:4}.max_early_data,"{""maximum"":4294967295,""minimum"":0,""type"":""integer""}",yes; conditional core requirements still apply,,https://github.com/SagerNet/sing-box/blob/v1.13.21/option/v2ray_transport.go#L82
$.inbounds[] (Inbound){oneOf:12}.transport (V2RayTransportOptions){oneOf:4}.path,"{""type"":""string""}",yes; conditional core requirements still apply,,https://github.com/SagerNet/sing-box/blob/v1.13.21/option/v2ray_transport.go#L80
$.inbounds[] (Inbound){oneOf:12}.transport (V2RayTransportOptions){oneOf:4}.type,"{""const"":""ws""}",no in this branch,,https://github.com/SagerNet/sing-box/blob/v1.13.21/option/trojan.go#L10
$.inbounds[] (Inbound){oneOf:12}.type,"{""const"":""trojan""}",no in this branch,,https://github.com/SagerNet/sing-box/blob/v1.13.21/option/options.go#L20
$.inbounds[] (Inbound){oneOf:12}.udp_fragment,"{""type"":""boolean""}",yes; conditional core requirements still apply,,https://github.com/SagerNet/sing-box/blob/v1.13.21/option/inbound.go#L78
$.inbounds[] (Inbound){oneOf:12}.udp_timeout,"{""$ref"":""#/$defs/UDPTimeoutCompat""}",yes; conditional core requirements still apply,,https://github.com/SagerNet/sing-box/blob/v1.13.21/option/inbound.go#L80
$.inbounds[] (Inbound){oneOf:12}.users,"{""items"":{""$ref"":""#/$defs/TrojanUser""},""type"":""array""}",yes; conditional core requirements still apply,,https://github.com/SagerNet/sing-box/blob/v1.13.21/option/trojan.go#L5
$.inbounds[] (Inbound){oneOf:12}.users[] (TrojanUser).name,"{""type"":""string""}",yes; conditional core requirements still apply,,https://github.com/SagerNet/sing-box/blob/v1.13.21/option/trojan.go#L14
$.inbounds[] (Inbound){oneOf:12}.users[] (TrojanUser).password,"{""type"":""string""}",yes; conditional core requirements still apply,,https://github.com/SagerNet/sing-box/blob/v1.13.21/option/trojan.go#L15
$.inbounds[] (Inbound){oneOf:13}.auth_timeout,"{""$ref"":""#/$defs/badoption_Duration""}",yes; conditional core requirements still apply,,https://github.com/SagerNet/sing-box/blob/v1.13.21/option/tuic.go#L9
$.inbounds[] (Inbound){oneOf:13}.bind_interface,"{""type"":""string""}",yes; conditional core requirements still apply,,https://github.com/SagerNet/sing-box/blob/v1.13.21/option/inbound.go#L69
$.inbounds[] (Inbound){oneOf:13}.congestion_control,"{""enum"":["""",""cubic"",""new_reno"",""bbr""],""type"":""string""}",yes; conditional core requirements still apply,,https://github.com/SagerNet/sing-box/blob/v1.13.21/option/tuic.go#L8
$.inbounds[] (Inbound){oneOf:13}.detour,"{""type"":""string""}",yes; conditional core requirements still apply,,https://github.com/SagerNet/sing-box/blob/v1.13.21/option/inbound.go#L81
$.inbounds[] (Inbound){oneOf:13}.disable_tcp_keep_alive,"{""type"":""boolean""}",yes; conditional core requirements still apply,,https://github.com/SagerNet/sing-box/blob/v1.13.21/option/inbound.go#L73
$.inbounds[] (Inbound){oneOf:13}.heartbeat,"{""$ref"":""#/$defs/badoption_Duration""}",yes; conditional core requirements still apply,,https://github.com/SagerNet/sing-box/blob/v1.13.21/option/tuic.go#L11
$.inbounds[] (Inbound){oneOf:13}.listen,"{""type"":""string""}",yes; conditional core requirements still apply,,https://github.com/SagerNet/sing-box/blob/v1.13.21/option/inbound.go#L67
$.inbounds[] (Inbound){oneOf:13}.listen_port,"{""maximum"":65535,""minimum"":0,""type"":""integer""}",yes; conditional core requirements still apply,,https://github.com/SagerNet/sing-box/blob/v1.13.21/option/inbound.go#L68
$.inbounds[] (Inbound){oneOf:13}.netns,"{""type"":""string""}",yes; conditional core requirements still apply,,https://github.com/SagerNet/sing-box/blob/v1.13.21/option/inbound.go#L72
$.inbounds[] (Inbound){oneOf:13}.reuse_addr,"{""type"":""boolean""}",yes; conditional core requirements still apply,,https://github.com/SagerNet/sing-box/blob/v1.13.21/option/inbound.go#L71
$.inbounds[] (Inbound){oneOf:13}.routing_mark,"{""$ref"":""#/$defs/FwMark""}",yes; conditional core requirements still apply,,https://github.com/SagerNet/sing-box/blob/v1.13.21/option/inbound.go#L70
$.inbounds[] (Inbound){oneOf:13}.tag,"{""type"":""string""}",yes; conditional core requirements still apply,,https://github.com/SagerNet/sing-box/blob/v1.13.21/option/options.go#L20
$.inbounds[] (Inbound){oneOf:13}.tcp_fast_open,"{""type"":""boolean""}",yes; conditional core requirements still apply,,https://github.com/SagerNet/sing-box/blob/v1.13.21/option/inbound.go#L76
$.inbounds[] (Inbound){oneOf:13}.tcp_keep_alive,"{""$ref"":""#/$defs/badoption_Duration""}",yes; conditional core requirements still apply,,https://github.com/SagerNet/sing-box/blob/v1.13.21/option/inbound.go#L74
$.inbounds[] (Inbound){oneOf:13}.tcp_keep_alive_interval,"{""$ref"":""#/$defs/badoption_Duration""}",yes; conditional core requirements still apply,,https://github.com/SagerNet/sing-box/blob/v1.13.21/option/inbound.go#L75
$.inbounds[] (Inbound){oneOf:13}.tcp_multi_path,"{""type"":""boolean""}",yes; conditional core requirements still apply,,https://github.com/SagerNet/sing-box/blob/v1.13.21/option/inbound.go#L77
$.inbounds[] (Inbound){oneOf:13}.tls,"{""$ref"":""#/$defs/InboundTLSOptions""}",yes; conditional core requirements still apply,,https://github.com/SagerNet/sing-box/blob/v1.13.21/option/tls.go#L81
$.inbounds[] (Inbound){oneOf:13}.type,"{""const"":""tuic""}",no in this branch,,https://github.com/SagerNet/sing-box/blob/v1.13.21/option/options.go#L20
$.inbounds[] (Inbound){oneOf:13}.udp_fragment,"{""type"":""boolean""}",yes; conditional core requirements still apply,,https://github.com/SagerNet/sing-box/blob/v1.13.21/option/inbound.go#L78
$.inbounds[] (Inbound){oneOf:13}.udp_timeout,"{""$ref"":""#/$defs/UDPTimeoutCompat""}",yes; conditional core requirements still apply,,https://github.com/SagerNet/sing-box/blob/v1.13.21/option/inbound.go#L80
$.inbounds[] (Inbound){oneOf:13}.users,"{""items"":{""$ref"":""#/$defs/TUICUser""},""type"":""array""}",yes; conditional core requirements still apply,,https://github.com/SagerNet/sing-box/blob/v1.13.21/option/tuic.go#L7
$.inbounds[] (Inbound){oneOf:13}.users[] (TUICUser).name,"{""type"":""string""}",yes; conditional core requirements still apply,,https://github.com/SagerNet/sing-box/blob/v1.13.21/option/tuic.go#L16
$.inbounds[] (Inbound){oneOf:13}.users[] (TUICUser).password,"{""type"":""string""}",yes; conditional core requirements still apply,,https://github.com/SagerNet/sing-box/blob/v1.13.21/option/tuic.go#L18
$.inbounds[] (Inbound){oneOf:13}.users[] (TUICUser).uuid,"{""type"":""string""}",yes; conditional core requirements still apply,,https://github.com/SagerNet/sing-box/blob/v1.13.21/option/tuic.go#L17
$.inbounds[] (Inbound){oneOf:13}.zero_rtt_handshake,"{""type"":""boolean""}",yes; conditional core requirements still apply,,https://github.com/SagerNet/sing-box/blob/v1.13.21/option/tuic.go#L10
$.inbounds[] (Inbound){oneOf:14}.address,"{""anyOf"":[{""type"":""string""},{""items"":{""type"":""string""},""type"":""array""}]}",yes; conditional core requirements still apply,,https://github.com/SagerNet/sing-box/blob/v1.13.21/option/tun.go#L16
$.inbounds[] (Inbound){oneOf:14}.auto_redirect,"{""type"":""boolean""}",yes; conditional core requirements still apply,,https://github.com/SagerNet/sing-box/blob/v1.13.21/option/tun.go#L20
$.inbounds[] (Inbound){oneOf:14}.auto_redirect_input_mark,"{""$ref"":""#/$defs/FwMark""}",yes; conditional core requirements still apply,,https://github.com/SagerNet/sing-box/blob/v1.13.21/option/tun.go#L21
$.inbounds[] (Inbound){oneOf:14}.auto_redirect_iproute2_fallback_rule_index,"{""type"":""integer""}",yes; conditional core requirements still apply,,https://github.com/SagerNet/sing-box/blob/v1.13.21/option/tun.go#L25
$.inbounds[] (Inbound){oneOf:14}.auto_redirect_nfqueue,"{""maximum"":65535,""minimum"":0,""type"":""integer""}",yes; conditional core requirements still apply,,https://github.com/SagerNet/sing-box/blob/v1.13.21/option/tun.go#L24
$.inbounds[] (Inbound){oneOf:14}.auto_redirect_output_mark,"{""$ref"":""#/$defs/FwMark""}",yes; conditional core requirements still apply,,https://github.com/SagerNet/sing-box/blob/v1.13.21/option/tun.go#L22
$.inbounds[] (Inbound){oneOf:14}.auto_redirect_reset_mark,"{""$ref"":""#/$defs/FwMark""}",yes; conditional core requirements still apply,,https://github.com/SagerNet/sing-box/blob/v1.13.21/option/tun.go#L23
$.inbounds[] (Inbound){oneOf:14}.auto_route,"{""type"":""boolean""}",yes; conditional core requirements still apply,,https://github.com/SagerNet/sing-box/blob/v1.13.21/option/tun.go#L17
$.inbounds[] (Inbound){oneOf:14}.exclude_interface,"{""anyOf"":[{""type"":""string""},{""items"":{""type"":""string""},""type"":""array""}]}",yes; conditional core requirements still apply,,https://github.com/SagerNet/sing-box/blob/v1.13.21/option/tun.go#L34
$.inbounds[] (Inbound){oneOf:14}.exclude_mptcp,"{""type"":""boolean""}",yes; conditional core requirements still apply,,https://github.com/SagerNet/sing-box/blob/v1.13.21/option/tun.go#L26
$.inbounds[] (Inbound){oneOf:14}.exclude_package,"{""anyOf"":[{""type"":""string""},{""items"":{""type"":""string""},""type"":""array""}]}",yes; conditional core requirements still apply,,https://github.com/SagerNet/sing-box/blob/v1.13.21/option/tun.go#L41
$.inbounds[] (Inbound){oneOf:14}.exclude_uid,"{""anyOf"":[{""maximum"":4294967295,""minimum"":0,""type"":""integer""},{""items"":{""maximum"":4294967295,""minimum"":0,""type"":""integer""},""type"":""array""}]}",yes; conditional core requirements still apply,,https://github.com/SagerNet/sing-box/blob/v1.13.21/option/tun.go#L37
$.inbounds[] (Inbound){oneOf:14}.exclude_uid_range,"{""anyOf"":[{""type"":""string""},{""items"":{""type"":""string""},""type"":""array""}]}",yes; conditional core requirements still apply,,https://github.com/SagerNet/sing-box/blob/v1.13.21/option/tun.go#L38
$.inbounds[] (Inbound){oneOf:14}.include_android_user,"{""anyOf"":[{""type"":""integer""},{""items"":{""type"":""integer""},""type"":""array""}]}",yes; conditional core requirements still apply,,https://github.com/SagerNet/sing-box/blob/v1.13.21/option/tun.go#L39
$.inbounds[] (Inbound){oneOf:14}.include_interface,"{""anyOf"":[{""type"":""string""},{""items"":{""type"":""string""},""type"":""array""}]}",yes; conditional core requirements still apply,,https://github.com/SagerNet/sing-box/blob/v1.13.21/option/tun.go#L33
$.inbounds[] (Inbound){oneOf:14}.include_package,"{""anyOf"":[{""type"":""string""},{""items"":{""type"":""string""},""type"":""array""}]}",yes; conditional core requirements still apply,,https://github.com/SagerNet/sing-box/blob/v1.13.21/option/tun.go#L40
$.inbounds[] (Inbound){oneOf:14}.include_uid,"{""anyOf"":[{""maximum"":4294967295,""minimum"":0,""type"":""integer""},{""items"":{""maximum"":4294967295,""minimum"":0,""type"":""integer""},""type"":""array""}]}",yes; conditional core requirements still apply,,https://github.com/SagerNet/sing-box/blob/v1.13.21/option/tun.go#L35
$.inbounds[] (Inbound){oneOf:14}.include_uid_range,"{""anyOf"":[{""type"":""string""},{""items"":{""type"":""string""},""type"":""array""}]}",yes; conditional core requirements still apply,,https://github.com/SagerNet/sing-box/blob/v1.13.21/option/tun.go#L36
$.inbounds[] (Inbound){oneOf:14}.interface_name,"{""type"":""string""}",yes; conditional core requirements still apply,,https://github.com/SagerNet/sing-box/blob/v1.13.21/option/tun.go#L14
$.inbounds[] (Inbound){oneOf:14}.iproute2_rule_index,"{""type"":""integer""}",yes; conditional core requirements still apply,,https://github.com/SagerNet/sing-box/blob/v1.13.21/option/tun.go#L19
$.inbounds[] (Inbound){oneOf:14}.iproute2_table_index,"{""type"":""integer""}",yes; conditional core requirements still apply,,https://github.com/SagerNet/sing-box/blob/v1.13.21/option/tun.go#L18
$.inbounds[] (Inbound){oneOf:14}.loopback_address,"{""anyOf"":[{""type"":""string""},{""items"":{""type"":""string""},""type"":""array""}]}",yes; conditional core requirements still apply,,https://github.com/SagerNet/sing-box/blob/v1.13.21/option/tun.go#L27
$.inbounds[] (Inbound){oneOf:14}.mtu,"{""maximum"":4294967295,""minimum"":0,""type"":""integer""}",yes; conditional core requirements still apply,,https://github.com/SagerNet/sing-box/blob/v1.13.21/option/tun.go#L15
$.inbounds[] (Inbound){oneOf:14}.platform,"{""$ref"":""#/$defs/TunPlatformOptions""}",yes; conditional core requirements still apply,,https://github.com/SagerNet/sing-box/blob/v1.13.21/option/tun.go#L44
$.inbounds[] (Inbound){oneOf:14}.platform (TunPlatformOptions).http_proxy,"{""$ref"":""#/$defs/HTTPProxyOptions""}",yes; conditional core requirements still apply,,https://github.com/SagerNet/sing-box/blob/v1.13.21/option/tun_platform.go#L6
$.inbounds[] (Inbound){oneOf:14}.platform (TunPlatformOptions).http_proxy (HTTPProxyOptions).bypass_domain,"{""anyOf"":[{""type"":""string""},{""items"":{""type"":""string""},""type"":""array""}]}",yes; conditional core requirements still apply,,https://github.com/SagerNet/sing-box/blob/v1.13.21/option/tun_platform.go#L12
$.inbounds[] (Inbound){oneOf:14}.platform (TunPlatformOptions).http_proxy (HTTPProxyOptions).enabled,"{""type"":""boolean""}",yes; conditional core requirements still apply,,https://github.com/SagerNet/sing-box/blob/v1.13.21/option/tun_platform.go#L10
$.inbounds[] (Inbound){oneOf:14}.platform (TunPlatformOptions).http_proxy (HTTPProxyOptions).match_domain,"{""anyOf"":[{""type"":""string""},{""items"":{""type"":""string""},""type"":""array""}]}",yes; conditional core requirements still apply,,https://github.com/SagerNet/sing-box/blob/v1.13.21/option/tun_platform.go#L13
$.inbounds[] (Inbound){oneOf:14}.platform (TunPlatformOptions).http_proxy (HTTPProxyOptions).server,"{""type"":""string""}",yes; conditional core requirements still apply,,https://github.com/SagerNet/sing-box/blob/v1.13.21/option/outbound.go#L149
$.inbounds[] (Inbound){oneOf:14}.platform (TunPlatformOptions).http_proxy (HTTPProxyOptions).server_port,"{""maximum"":65535,""minimum"":0,""type"":""integer""}",yes; conditional core requirements still apply,,https://github.com/SagerNet/sing-box/blob/v1.13.21/option/outbound.go#L150
$.inbounds[] (Inbound){oneOf:14}.route_address,"{""anyOf"":[{""type"":""string""},{""items"":{""type"":""string""},""type"":""array""}]}",yes; conditional core requirements still apply,,https://github.com/SagerNet/sing-box/blob/v1.13.21/option/tun.go#L29
$.inbounds[] (Inbound){oneOf:14}.route_address_set,"{""anyOf"":[{""type"":""string""},{""items"":{""type"":""string""},""type"":""array""}]}",yes; conditional core requirements still apply,,https://github.com/SagerNet/sing-box/blob/v1.13.21/option/tun.go#L30
$.inbounds[] (Inbound){oneOf:14}.route_exclude_address,"{""anyOf"":[{""type"":""string""},{""items"":{""type"":""string""},""type"":""array""}]}",yes; conditional core requirements still apply,,https://github.com/SagerNet/sing-box/blob/v1.13.21/option/tun.go#L31
$.inbounds[] (Inbound){oneOf:14}.route_exclude_address_set,"{""anyOf"":[{""type"":""string""},{""items"":{""type"":""string""},""type"":""array""}]}",yes; conditional core requirements still apply,,https://github.com/SagerNet/sing-box/blob/v1.13.21/option/tun.go#L32
$.inbounds[] (Inbound){oneOf:14}.stack,"{""enum"":["""",""system"",""gvisor"",""mixed""],""type"":""string""}",yes; conditional core requirements still apply,,https://github.com/SagerNet/sing-box/blob/v1.13.21/option/tun.go#L43
$.inbounds[] (Inbound){oneOf:14}.strict_route,"{""type"":""boolean""}",yes; conditional core requirements still apply,,https://github.com/SagerNet/sing-box/blob/v1.13.21/option/tun.go#L28
$.inbounds[] (Inbound){oneOf:14}.tag,"{""type"":""string""}",yes; conditional core requirements still apply,,https://github.com/SagerNet/sing-box/blob/v1.13.21/option/options.go#L20
$.inbounds[] (Inbound){oneOf:14}.type,"{""const"":""tun""}",no in this branch,,https://github.com/SagerNet/sing-box/blob/v1.13.21/option/options.go#L20
$.inbounds[] (Inbound){oneOf:14}.udp_timeout,"{""$ref"":""#/$defs/UDPTimeoutCompat""}",yes; conditional core requirements still apply,,https://github.com/SagerNet/sing-box/blob/v1.13.21/option/tun.go#L42
$.inbounds[] (Inbound){oneOf:15}.bind_interface,"{""type"":""string""}",yes; conditional core requirements still apply,,https://github.com/SagerNet/sing-box/blob/v1.13.21/option/inbound.go#L69
$.inbounds[] (Inbound){oneOf:15}.detour,"{""type"":""string""}",yes; conditional core requirements still apply,,https://github.com/SagerNet/sing-box/blob/v1.13.21/option/inbound.go#L81
$.inbounds[] (Inbound){oneOf:15}.disable_tcp_keep_alive,"{""type"":""boolean""}",yes; conditional core requirements still apply,,https://github.com/SagerNet/sing-box/blob/v1.13.21/option/inbound.go#L73
$.inbounds[] (Inbound){oneOf:15}.listen,"{""type"":""string""}",yes; conditional core requirements still apply,,https://github.com/SagerNet/sing-box/blob/v1.13.21/option/inbound.go#L67
$.inbounds[] (Inbound){oneOf:15}.listen_port,"{""maximum"":65535,""minimum"":0,""type"":""integer""}",yes; conditional core requirements still apply,,https://github.com/SagerNet/sing-box/blob/v1.13.21/option/inbound.go#L68
$.inbounds[] (Inbound){oneOf:15}.multiplex,"{""$ref"":""#/$defs/InboundMultiplexOptions""}",yes; conditional core requirements still apply,,https://github.com/SagerNet/sing-box/blob/v1.13.21/option/vless.go#L7
$.inbounds[] (Inbound){oneOf:15}.netns,"{""type"":""string""}",yes; conditional core requirements still apply,,https://github.com/SagerNet/sing-box/blob/v1.13.21/option/inbound.go#L72
$.inbounds[] (Inbound){oneOf:15}.reuse_addr,"{""type"":""boolean""}",yes; conditional core requirements still apply,,https://github.com/SagerNet/sing-box/blob/v1.13.21/option/inbound.go#L71
$.inbounds[] (Inbound){oneOf:15}.routing_mark,"{""$ref"":""#/$defs/FwMark""}",yes; conditional core requirements still apply,,https://github.com/SagerNet/sing-box/blob/v1.13.21/option/inbound.go#L70
$.inbounds[] (Inbound){oneOf:15}.tag,"{""type"":""string""}",yes; conditional core requirements still apply,,https://github.com/SagerNet/sing-box/blob/v1.13.21/option/options.go#L20
$.inbounds[] (Inbound){oneOf:15}.tcp_fast_open,"{""type"":""boolean""}",yes; conditional core requirements still apply,,https://github.com/SagerNet/sing-box/blob/v1.13.21/option/inbound.go#L76
$.inbounds[] (Inbound){oneOf:15}.tcp_keep_alive,"{""$ref"":""#/$defs/badoption_Duration""}",yes; conditional core requirements still apply,,https://github.com/SagerNet/sing-box/blob/v1.13.21/option/inbound.go#L74
$.inbounds[] (Inbound){oneOf:15}.tcp_keep_alive_interval,"{""$ref"":""#/$defs/badoption_Duration""}",yes; conditional core requirements still apply,,https://github.com/SagerNet/sing-box/blob/v1.13.21/option/inbound.go#L75
$.inbounds[] (Inbound){oneOf:15}.tcp_multi_path,"{""type"":""boolean""}",yes; conditional core requirements still apply,,https://github.com/SagerNet/sing-box/blob/v1.13.21/option/inbound.go#L77
$.inbounds[] (Inbound){oneOf:15}.tls,"{""$ref"":""#/$defs/InboundTLSOptions""}",yes; conditional core requirements still apply,,https://github.com/SagerNet/sing-box/blob/v1.13.21/option/tls.go#L81
$.inbounds[] (Inbound){oneOf:15}.transport,"{""$ref"":""#/$defs/V2RayTransportOptions""}",yes; conditional core requirements still apply,,https://github.com/SagerNet/sing-box/blob/v1.13.21/option/vless.go#L8
$.inbounds[] (Inbound){oneOf:15}.type,"{""const"":""vless""}",no in this branch,,https://github.com/SagerNet/sing-box/blob/v1.13.21/option/options.go#L20
$.inbounds[] (Inbound){oneOf:15}.udp_fragment,"{""type"":""boolean""}",yes; conditional core requirements still apply,,https://github.com/SagerNet/sing-box/blob/v1.13.21/option/inbound.go#L78
$.inbounds[] (Inbound){oneOf:15}.udp_timeout,"{""$ref"":""#/$defs/UDPTimeoutCompat""}",yes; conditional core requirements still apply,,https://github.com/SagerNet/sing-box/blob/v1.13.21/option/inbound.go#L80
$.inbounds[] (Inbound){oneOf:15}.users,"{""items"":{""$ref"":""#/$defs/VLESSUser""},""type"":""array""}",yes; conditional core requirements still apply,,https://github.com/SagerNet/sing-box/blob/v1.13.21/option/vless.go#L5
$.inbounds[] (Inbound){oneOf:15}.users[] (VLESSUser).flow,"{""enum"":["""",""xtls-rprx-vision""],""type"":""string""}",yes; conditional core requirements still apply,,https://github.com/SagerNet/sing-box/blob/v1.13.21/option/vless.go#L14
$.inbounds[] (Inbound){oneOf:15}.users[] (VLESSUser).name,"{""type"":""string""}",yes; conditional core requirements still apply,,https://github.com/SagerNet/sing-box/blob/v1.13.21/option/vless.go#L12
$.inbounds[] (Inbound){oneOf:15}.users[] (VLESSUser).uuid,"{""type"":""string""}",yes; conditional core requirements still apply,,https://github.com/SagerNet/sing-box/blob/v1.13.21/option/vless.go#L13
$.inbounds[] (Inbound){oneOf:16}.bind_interface,"{""type"":""string""}",yes; conditional core requirements still apply,,https://github.com/SagerNet/sing-box/blob/v1.13.21/option/inbound.go#L69
$.inbounds[] (Inbound){oneOf:16}.detour,"{""type"":""string""}",yes; conditional core requirements still apply,,https://github.com/SagerNet/sing-box/blob/v1.13.21/option/inbound.go#L81
$.inbounds[] (Inbound){oneOf:16}.disable_tcp_keep_alive,"{""type"":""boolean""}",yes; conditional core requirements still apply,,https://github.com/SagerNet/sing-box/blob/v1.13.21/option/inbound.go#L73
$.inbounds[] (Inbound){oneOf:16}.listen,"{""type"":""string""}",yes; conditional core requirements still apply,,https://github.com/SagerNet/sing-box/blob/v1.13.21/option/inbound.go#L67
$.inbounds[] (Inbound){oneOf:16}.listen_port,"{""maximum"":65535,""minimum"":0,""type"":""integer""}",yes; conditional core requirements still apply,,https://github.com/SagerNet/sing-box/blob/v1.13.21/option/inbound.go#L68
$.inbounds[] (Inbound){oneOf:16}.multiplex,"{""$ref"":""#/$defs/InboundMultiplexOptions""}",yes; conditional core requirements still apply,,https://github.com/SagerNet/sing-box/blob/v1.13.21/option/vmess.go#L7
$.inbounds[] (Inbound){oneOf:16}.netns,"{""type"":""string""}",yes; conditional core requirements still apply,,https://github.com/SagerNet/sing-box/blob/v1.13.21/option/inbound.go#L72
$.inbounds[] (Inbound){oneOf:16}.reuse_addr,"{""type"":""boolean""}",yes; conditional core requirements still apply,,https://github.com/SagerNet/sing-box/blob/v1.13.21/option/inbound.go#L71
$.inbounds[] (Inbound){oneOf:16}.routing_mark,"{""$ref"":""#/$defs/FwMark""}",yes; conditional core requirements still apply,,https://github.com/SagerNet/sing-box/blob/v1.13.21/option/inbound.go#L70
$.inbounds[] (Inbound){oneOf:16}.tag,"{""type"":""string""}",yes; conditional core requirements still apply,,https://github.com/SagerNet/sing-box/blob/v1.13.21/option/options.go#L20
$.inbounds[] (Inbound){oneOf:16}.tcp_fast_open,"{""type"":""boolean""}",yes; conditional core requirements still apply,,https://github.com/SagerNet/sing-box/blob/v1.13.21/option/inbound.go#L76
$.inbounds[] (Inbound){oneOf:16}.tcp_keep_alive,"{""$ref"":""#/$defs/badoption_Duration""}",yes; conditional core requirements still apply,,https://github.com/SagerNet/sing-box/blob/v1.13.21/option/inbound.go#L74
$.inbounds[] (Inbound){oneOf:16}.tcp_keep_alive_interval,"{""$ref"":""#/$defs/badoption_Duration""}",yes; conditional core requirements still apply,,https://github.com/SagerNet/sing-box/blob/v1.13.21/option/inbound.go#L75
$.inbounds[] (Inbound){oneOf:16}.tcp_multi_path,"{""type"":""boolean""}",yes; conditional core requirements still apply,,https://github.com/SagerNet/sing-box/blob/v1.13.21/option/inbound.go#L77
$.inbounds[] (Inbound){oneOf:16}.tls,"{""$ref"":""#/$defs/InboundTLSOptions""}",yes; conditional core requirements still apply,,https://github.com/SagerNet/sing-box/blob/v1.13.21/option/tls.go#L81
$.inbounds[] (Inbound){oneOf:16}.transport,"{""$ref"":""#/$defs/V2RayTransportOptions""}",yes; conditional core requirements still apply,,https://github.com/SagerNet/sing-box/blob/v1.13.21/option/vmess.go#L8
$.inbounds[] (Inbound){oneOf:16}.type,"{""const"":""vmess""}",no in this branch,,https://github.com/SagerNet/sing-box/blob/v1.13.21/option/options.go#L20
$.inbounds[] (Inbound){oneOf:16}.udp_fragment,"{""type"":""boolean""}",yes; conditional core requirements still apply,,https://github.com/SagerNet/sing-box/blob/v1.13.21/option/inbound.go#L78
$.inbounds[] (Inbound){oneOf:16}.udp_timeout,"{""$ref"":""#/$defs/UDPTimeoutCompat""}",yes; conditional core requirements still apply,,https://github.com/SagerNet/sing-box/blob/v1.13.21/option/inbound.go#L80
$.inbounds[] (Inbound){oneOf:16}.users,"{""items"":{""$ref"":""#/$defs/VMessUser""},""type"":""array""}",yes; conditional core requirements still apply,,https://github.com/SagerNet/sing-box/blob/v1.13.21/option/vmess.go#L5
$.inbounds[] (Inbound){oneOf:16}.users[] (VMessUser).alterId,"{""type"":""integer""}",yes; conditional core requirements still apply,,https://github.com/SagerNet/sing-box/blob/v1.13.21/option/vmess.go#L14
$.inbounds[] (Inbound){oneOf:16}.users[] (VMessUser).name,"{""type"":""string""}",yes; conditional core requirements still apply,,https://github.com/SagerNet/sing-box/blob/v1.13.21/option/vmess.go#L12
$.inbounds[] (Inbound){oneOf:16}.users[] (VMessUser).uuid,"{""type"":""string""}",yes; conditional core requirements still apply,,https://github.com/SagerNet/sing-box/blob/v1.13.21/option/vmess.go#L13
$.log,"{""$ref"":""#/$defs/LogOptions""}",yes; conditional core requirements still apply,,https://github.com/SagerNet/sing-box/blob/v1.13.21/option/options.go#L15
$.log (LogOptions).disabled,"{""type"":[""boolean"",""null""]}",yes; conditional core requirements still apply,,https://github.com/SagerNet/sing-box/blob/v1.13.21/option/options.go#L41
$.log (LogOptions).level,"{""enum"":["""",""trace"",""debug"",""info"",""warn"",""error"",""fatal"",""panic"",null],""type"":[""string"",""null""]}",yes; conditional core requirements still apply,,https://github.com/SagerNet/sing-box/blob/v1.13.21/option/options.go#L42
$.log (LogOptions).output,"{""type"":[""string"",""null""]}",yes; conditional core requirements still apply,,https://github.com/SagerNet/sing-box/blob/v1.13.21/option/options.go#L43
$.log (LogOptions).timestamp,"{""type"":[""boolean"",""null""]}",yes; conditional core requirements still apply,,https://github.com/SagerNet/sing-box/blob/v1.13.21/option/options.go#L44
$.ntp,"{""$ref"":""#/$defs/NTPOptions""}",yes; conditional core requirements still apply,,https://github.com/SagerNet/sing-box/blob/v1.13.21/option/options.go#L17
$.ntp (NTPOptions).bind_address_no_port,"{""type"":""boolean""}",yes; conditional core requirements still apply,,https://github.com/SagerNet/sing-box/blob/v1.13.21/option/outbound.go#L72
$.ntp (NTPOptions).bind_interface,"{""type"":""string""}",yes; conditional core requirements still apply,,https://github.com/SagerNet/sing-box/blob/v1.13.21/option/outbound.go#L69
$.ntp (NTPOptions).connect_timeout,"{""$ref"":""#/$defs/badoption_Duration""}",yes; conditional core requirements still apply,,https://github.com/SagerNet/sing-box/blob/v1.13.21/option/outbound.go#L77
$.ntp (NTPOptions).detour,"{""type"":""string""}",yes; conditional core requirements still apply,,https://github.com/SagerNet/sing-box/blob/v1.13.21/option/outbound.go#L68
$.ntp (NTPOptions).disable_tcp_keep_alive,"{""type"":""boolean""}",yes; conditional core requirements still apply,,https://github.com/SagerNet/sing-box/blob/v1.13.21/option/outbound.go#L80
$.ntp (NTPOptions).domain_resolver,"{""$ref"":""#/$defs/DomainResolveOptions""}",yes; conditional core requirements still apply,,https://github.com/SagerNet/sing-box/blob/v1.13.21/option/outbound.go#L85
$.ntp (NTPOptions).domain_strategy,"{""$ref"":""#/$defs/DomainStrategy""}",yes; conditional core requirements still apply,Deprecated: migrated to domain resolver,https://github.com/SagerNet/sing-box/blob/v1.13.21/option/outbound.go#L92
$.ntp (NTPOptions).enabled,"{""type"":""boolean""}",yes; conditional core requirements still apply,,https://github.com/SagerNet/sing-box/blob/v1.13.21/option/ntp.go#L6
$.ntp (NTPOptions).fallback_delay,"{""$ref"":""#/$defs/badoption_Duration""}",yes; conditional core requirements still apply,,https://github.com/SagerNet/sing-box/blob/v1.13.21/option/outbound.go#L89
$.ntp (NTPOptions).fallback_network_type,"{""anyOf"":[{""$ref"":""#/$defs/InterfaceType""},{""items"":{""$ref"":""#/$defs/InterfaceType""},""type"":""array""}]}",yes; conditional core requirements still apply,,https://github.com/SagerNet/sing-box/blob/v1.13.21/option/outbound.go#L88
$.ntp (NTPOptions).inet4_bind_address,"{""type"":""string""}",yes; conditional core requirements still apply,,https://github.com/SagerNet/sing-box/blob/v1.13.21/option/outbound.go#L70
$.ntp (NTPOptions).inet6_bind_address,"{""type"":""string""}",yes; conditional core requirements still apply,,https://github.com/SagerNet/sing-box/blob/v1.13.21/option/outbound.go#L71
$.ntp (NTPOptions).interval,"{""$ref"":""#/$defs/badoption_Duration""}",yes; conditional core requirements still apply,,https://github.com/SagerNet/sing-box/blob/v1.13.21/option/ntp.go#L7
$.ntp (NTPOptions).netns,"{""type"":""string""}",yes; conditional core requirements still apply,,https://github.com/SagerNet/sing-box/blob/v1.13.21/option/outbound.go#L76
$.ntp (NTPOptions).network_strategy,"{""$ref"":""#/$defs/NetworkStrategy""}",yes; conditional core requirements still apply,,https://github.com/SagerNet/sing-box/blob/v1.13.21/option/outbound.go#L86
$.ntp (NTPOptions).network_type,"{""anyOf"":[{""$ref"":""#/$defs/InterfaceType""},{""items"":{""$ref"":""#/$defs/InterfaceType""},""type"":""array""}]}",yes; conditional core requirements still apply,,https://github.com/SagerNet/sing-box/blob/v1.13.21/option/outbound.go#L87
$.ntp (NTPOptions).protect_path,"{""type"":""string""}",yes; conditional core requirements still apply,,https://github.com/SagerNet/sing-box/blob/v1.13.21/option/outbound.go#L73
$.ntp (NTPOptions).reuse_addr,"{""type"":""boolean""}",yes; conditional core requirements still apply,,https://github.com/SagerNet/sing-box/blob/v1.13.21/option/outbound.go#L75
$.ntp (NTPOptions).routing_mark,"{""$ref"":""#/$defs/FwMark""}",yes; conditional core requirements still apply,,https://github.com/SagerNet/sing-box/blob/v1.13.21/option/outbound.go#L74
$.ntp (NTPOptions).server,"{""type"":""string""}",yes; conditional core requirements still apply,,https://github.com/SagerNet/sing-box/blob/v1.13.21/option/outbound.go#L149
$.ntp (NTPOptions).server_port,"{""maximum"":65535,""minimum"":0,""type"":""integer""}",yes; conditional core requirements still apply,,https://github.com/SagerNet/sing-box/blob/v1.13.21/option/outbound.go#L150
$.ntp (NTPOptions).tcp_fast_open,"{""type"":""boolean""}",yes; conditional core requirements still apply,,https://github.com/SagerNet/sing-box/blob/v1.13.21/option/outbound.go#L78
$.ntp (NTPOptions).tcp_keep_alive,"{""$ref"":""#/$defs/badoption_Duration""}",yes; conditional core requirements still apply,,https://github.com/SagerNet/sing-box/blob/v1.13.21/option/outbound.go#L81
$.ntp (NTPOptions).tcp_keep_alive_interval,"{""$ref"":""#/$defs/badoption_Duration""}",yes; conditional core requirements still apply,,https://github.com/SagerNet/sing-box/blob/v1.13.21/option/outbound.go#L82
$.ntp (NTPOptions).tcp_multi_path,"{""type"":""boolean""}",yes; conditional core requirements still apply,,https://github.com/SagerNet/sing-box/blob/v1.13.21/option/outbound.go#L79
$.ntp (NTPOptions).udp_fragment,"{""type"":""boolean""}",yes; conditional core requirements still apply,,https://github.com/SagerNet/sing-box/blob/v1.13.21/option/outbound.go#L83
$.ntp (NTPOptions).write_to_system,"{""type"":""boolean""}",yes; conditional core requirements still apply,,https://github.com/SagerNet/sing-box/blob/v1.13.21/option/ntp.go#L8
$.outbounds,"{""items"":{""$ref"":""#/$defs/Outbound""},""type"":[""array"",""null""]}",yes; conditional core requirements still apply,,https://github.com/SagerNet/sing-box/blob/v1.13.21/option/options.go#L21
$.outbounds[] (Outbound){oneOf:0}.bind_address_no_port,"{""type"":""boolean""}",yes; conditional core requirements still apply,,https://github.com/SagerNet/sing-box/blob/v1.13.21/option/outbound.go#L72
$.outbounds[] (Outbound){oneOf:0}.bind_interface,"{""type"":""string""}",yes; conditional core requirements still apply,,https://github.com/SagerNet/sing-box/blob/v1.13.21/option/outbound.go#L69
$.outbounds[] (Outbound){oneOf:0}.client_metadata,"{""type"":""string""}",yes; conditional core requirements still apply,,https://github.com/SagerNet/sing-box/blob/v1.13.21/option/anytls.go#L25
$.outbounds[] (Outbound){oneOf:0}.connect_timeout,"{""$ref"":""#/$defs/badoption_Duration""}",yes; conditional core requirements still apply,,https://github.com/SagerNet/sing-box/blob/v1.13.21/option/outbound.go#L77
$.outbounds[] (Outbound){oneOf:0}.detour,"{""type"":""string""}",yes; conditional core requirements still apply,,https://github.com/SagerNet/sing-box/blob/v1.13.21/option/outbound.go#L68
$.outbounds[] (Outbound){oneOf:0}.disable_tcp_keep_alive,"{""type"":""boolean""}",yes; conditional core requirements still apply,,https://github.com/SagerNet/sing-box/blob/v1.13.21/option/outbound.go#L80
$.outbounds[] (Outbound){oneOf:0}.domain_resolver,"{""$ref"":""#/$defs/DomainResolveOptions""}",yes; conditional core requirements still apply,,https://github.com/SagerNet/sing-box/blob/v1.13.21/option/outbound.go#L85
$.outbounds[] (Outbound){oneOf:0}.domain_strategy,"{""$ref"":""#/$defs/DomainStrategy""}",yes; conditional core requirements still apply,Deprecated: migrated to domain resolver,https://github.com/SagerNet/sing-box/blob/v1.13.21/option/outbound.go#L92
$.outbounds[] (Outbound){oneOf:0}.fallback_delay,"{""$ref"":""#/$defs/badoption_Duration""}",yes; conditional core requirements still apply,,https://github.com/SagerNet/sing-box/blob/v1.13.21/option/outbound.go#L89
$.outbounds[] (Outbound){oneOf:0}.fallback_network_type,"{""anyOf"":[{""$ref"":""#/$defs/InterfaceType""},{""items"":{""$ref"":""#/$defs/InterfaceType""},""type"":""array""}]}",yes; conditional core requirements still apply,,https://github.com/SagerNet/sing-box/blob/v1.13.21/option/outbound.go#L88
$.outbounds[] (Outbound){oneOf:0}.idle_session_check_interval,"{""$ref"":""#/$defs/badoption_Duration""}",yes; conditional core requirements still apply,,https://github.com/SagerNet/sing-box/blob/v1.13.21/option/anytls.go#L22
$.outbounds[] (Outbound){oneOf:0}.idle_session_timeout,"{""$ref"":""#/$defs/badoption_Duration""}",yes; conditional core requirements still apply,,https://github.com/SagerNet/sing-box/blob/v1.13.21/option/anytls.go#L23
$.outbounds[] (Outbound){oneOf:0}.inet4_bind_address,"{""type"":""string""}",yes; conditional core requirements still apply,,https://github.com/SagerNet/sing-box/blob/v1.13.21/option/outbound.go#L70
$.outbounds[] (Outbound){oneOf:0}.inet6_bind_address,"{""type"":""string""}",yes; conditional core requirements still apply,,https://github.com/SagerNet/sing-box/blob/v1.13.21/option/outbound.go#L71
$.outbounds[] (Outbound){oneOf:0}.min_idle_session,"{""type"":""integer""}",yes; conditional core requirements still apply,,https://github.com/SagerNet/sing-box/blob/v1.13.21/option/anytls.go#L24
$.outbounds[] (Outbound){oneOf:0}.netns,"{""type"":""string""}",yes; conditional core requirements still apply,,https://github.com/SagerNet/sing-box/blob/v1.13.21/option/outbound.go#L76
$.outbounds[] (Outbound){oneOf:0}.network_strategy,"{""$ref"":""#/$defs/NetworkStrategy""}",yes; conditional core requirements still apply,,https://github.com/SagerNet/sing-box/blob/v1.13.21/option/outbound.go#L86
$.outbounds[] (Outbound){oneOf:0}.network_type,"{""anyOf"":[{""$ref"":""#/$defs/InterfaceType""},{""items"":{""$ref"":""#/$defs/InterfaceType""},""type"":""array""}]}",yes; conditional core requirements still apply,,https://github.com/SagerNet/sing-box/blob/v1.13.21/option/outbound.go#L87
$.outbounds[] (Outbound){oneOf:0}.password,"{""type"":""string""}",yes; conditional core requirements still apply,,https://github.com/SagerNet/sing-box/blob/v1.13.21/option/anytls.go#L21
$.outbounds[] (Outbound){oneOf:0}.protect_path,"{""type"":""string""}",yes; conditional core requirements still apply,,https://github.com/SagerNet/sing-box/blob/v1.13.21/option/outbound.go#L73
$.outbounds[] (Outbound){oneOf:0}.reuse_addr,"{""type"":""boolean""}",yes; conditional core requirements still apply,,https://github.com/SagerNet/sing-box/blob/v1.13.21/option/outbound.go#L75
$.outbounds[] (Outbound){oneOf:0}.routing_mark,"{""$ref"":""#/$defs/FwMark""}",yes; conditional core requirements still apply,,https://github.com/SagerNet/sing-box/blob/v1.13.21/option/outbound.go#L74
$.outbounds[] (Outbound){oneOf:0}.server,"{""type"":""string""}",yes; conditional core requirements still apply,,https://github.com/SagerNet/sing-box/blob/v1.13.21/option/outbound.go#L149
$.outbounds[] (Outbound){oneOf:0}.server_port,"{""maximum"":65535,""minimum"":0,""type"":""integer""}",yes; conditional core requirements still apply,,https://github.com/SagerNet/sing-box/blob/v1.13.21/option/outbound.go#L150
$.outbounds[] (Outbound){oneOf:0}.tag,"{""type"":""string""}",yes; conditional core requirements still apply,,https://github.com/SagerNet/sing-box/blob/v1.13.21/option/options.go#L21
$.outbounds[] (Outbound){oneOf:0}.tcp_fast_open,"{""type"":""boolean""}",yes; conditional core requirements still apply,,https://github.com/SagerNet/sing-box/blob/v1.13.21/option/outbound.go#L78
$.outbounds[] (Outbound){oneOf:0}.tcp_keep_alive,"{""$ref"":""#/$defs/badoption_Duration""}",yes; conditional core requirements still apply,,https://github.com/SagerNet/sing-box/blob/v1.13.21/option/outbound.go#L81
$.outbounds[] (Outbound){oneOf:0}.tcp_keep_alive_interval,"{""$ref"":""#/$defs/badoption_Duration""}",yes; conditional core requirements still apply,,https://github.com/SagerNet/sing-box/blob/v1.13.21/option/outbound.go#L82
$.outbounds[] (Outbound){oneOf:0}.tcp_multi_path,"{""type"":""boolean""}",yes; conditional core requirements still apply,,https://github.com/SagerNet/sing-box/blob/v1.13.21/option/outbound.go#L79
$.outbounds[] (Outbound){oneOf:0}.tls,"{""$ref"":""#/$defs/OutboundTLSOptions""}",yes; conditional core requirements still apply,,https://github.com/SagerNet/sing-box/blob/v1.13.21/option/tls.go#L125
$.outbounds[] (Outbound){oneOf:0}.type,"{""const"":""anytls""}",no in this branch,,https://github.com/SagerNet/sing-box/blob/v1.13.21/option/options.go#L21
$.outbounds[] (Outbound){oneOf:0}.udp_fragment,"{""type"":""boolean""}",yes; conditional core requirements still apply,,https://github.com/SagerNet/sing-box/blob/v1.13.21/option/outbound.go#L83
$.outbounds[] (Outbound){oneOf:1}.tag,"{""type"":""string""}",yes; conditional core requirements still apply,,https://github.com/SagerNet/sing-box/blob/v1.13.21/option/options.go#L21
$.outbounds[] (Outbound){oneOf:1}.type,"{""const"":""block""}",no in this branch,,https://github.com/SagerNet/sing-box/blob/v1.13.21/option/options.go#L21
$.outbounds[] (Outbound){oneOf:2}.bind_address_no_port,"{""type"":""boolean""}",yes; conditional core requirements still apply,,https://github.com/SagerNet/sing-box/blob/v1.13.21/option/outbound.go#L72
$.outbounds[] (Outbound){oneOf:2}.bind_interface,"{""type"":""string""}",yes; conditional core requirements still apply,,https://github.com/SagerNet/sing-box/blob/v1.13.21/option/outbound.go#L69
$.outbounds[] (Outbound){oneOf:2}.connect_timeout,"{""$ref"":""#/$defs/badoption_Duration""}",yes; conditional core requirements still apply,,https://github.com/SagerNet/sing-box/blob/v1.13.21/option/outbound.go#L77
$.outbounds[] (Outbound){oneOf:2}.detour,"{""type"":""string""}",yes; conditional core requirements still apply,,https://github.com/SagerNet/sing-box/blob/v1.13.21/option/outbound.go#L68
$.outbounds[] (Outbound){oneOf:2}.disable_tcp_keep_alive,"{""type"":""boolean""}",yes; conditional core requirements still apply,,https://github.com/SagerNet/sing-box/blob/v1.13.21/option/outbound.go#L80
$.outbounds[] (Outbound){oneOf:2}.domain_resolver,"{""$ref"":""#/$defs/DomainResolveOptions""}",yes; conditional core requirements still apply,,https://github.com/SagerNet/sing-box/blob/v1.13.21/option/outbound.go#L85
$.outbounds[] (Outbound){oneOf:2}.domain_strategy,"{""$ref"":""#/$defs/DomainStrategy""}",yes; conditional core requirements still apply,Deprecated: migrated to domain resolver,https://github.com/SagerNet/sing-box/blob/v1.13.21/option/outbound.go#L92
$.outbounds[] (Outbound){oneOf:2}.fallback_delay,"{""$ref"":""#/$defs/badoption_Duration""}",yes; conditional core requirements still apply,,https://github.com/SagerNet/sing-box/blob/v1.13.21/option/outbound.go#L89
$.outbounds[] (Outbound){oneOf:2}.fallback_network_type,"{""anyOf"":[{""$ref"":""#/$defs/InterfaceType""},{""items"":{""$ref"":""#/$defs/InterfaceType""},""type"":""array""}]}",yes; conditional core requirements still apply,,https://github.com/SagerNet/sing-box/blob/v1.13.21/option/outbound.go#L88
$.outbounds[] (Outbound){oneOf:2}.inet4_bind_address,"{""type"":""string""}",yes; conditional core requirements still apply,,https://github.com/SagerNet/sing-box/blob/v1.13.21/option/outbound.go#L70
$.outbounds[] (Outbound){oneOf:2}.inet6_bind_address,"{""type"":""string""}",yes; conditional core requirements still apply,,https://github.com/SagerNet/sing-box/blob/v1.13.21/option/outbound.go#L71
$.outbounds[] (Outbound){oneOf:2}.netns,"{""type"":""string""}",yes; conditional core requirements still apply,,https://github.com/SagerNet/sing-box/blob/v1.13.21/option/outbound.go#L76
$.outbounds[] (Outbound){oneOf:2}.network_strategy,"{""$ref"":""#/$defs/NetworkStrategy""}",yes; conditional core requirements still apply,,https://github.com/SagerNet/sing-box/blob/v1.13.21/option/outbound.go#L86
$.outbounds[] (Outbound){oneOf:2}.network_type,"{""anyOf"":[{""$ref"":""#/$defs/InterfaceType""},{""items"":{""$ref"":""#/$defs/InterfaceType""},""type"":""array""}]}",yes; conditional core requirements still apply,,https://github.com/SagerNet/sing-box/blob/v1.13.21/option/outbound.go#L87
$.outbounds[] (Outbound){oneOf:2}.protect_path,"{""type"":""string""}",yes; conditional core requirements still apply,,https://github.com/SagerNet/sing-box/blob/v1.13.21/option/outbound.go#L73
$.outbounds[] (Outbound){oneOf:2}.reuse_addr,"{""type"":""boolean""}",yes; conditional core requirements still apply,,https://github.com/SagerNet/sing-box/blob/v1.13.21/option/outbound.go#L75
$.outbounds[] (Outbound){oneOf:2}.routing_mark,"{""$ref"":""#/$defs/FwMark""}",yes; conditional core requirements still apply,,https://github.com/SagerNet/sing-box/blob/v1.13.21/option/outbound.go#L74
$.outbounds[] (Outbound){oneOf:2}.tag,"{""type"":""string""}",yes; conditional core requirements still apply,,https://github.com/SagerNet/sing-box/blob/v1.13.21/option/options.go#L21
$.outbounds[] (Outbound){oneOf:2}.tcp_fast_open,"{""type"":""boolean""}",yes; conditional core requirements still apply,,https://github.com/SagerNet/sing-box/blob/v1.13.21/option/outbound.go#L78
$.outbounds[] (Outbound){oneOf:2}.tcp_keep_alive,"{""$ref"":""#/$defs/badoption_Duration""}",yes; conditional core requirements still apply,,https://github.com/SagerNet/sing-box/blob/v1.13.21/option/outbound.go#L81
$.outbounds[] (Outbound){oneOf:2}.tcp_keep_alive_interval,"{""$ref"":""#/$defs/badoption_Duration""}",yes; conditional core requirements still apply,,https://github.com/SagerNet/sing-box/blob/v1.13.21/option/outbound.go#L82
$.outbounds[] (Outbound){oneOf:2}.tcp_multi_path,"{""type"":""boolean""}",yes; conditional core requirements still apply,,https://github.com/SagerNet/sing-box/blob/v1.13.21/option/outbound.go#L79
$.outbounds[] (Outbound){oneOf:2}.type,"{""const"":""direct""}",no in this branch,,https://github.com/SagerNet/sing-box/blob/v1.13.21/option/options.go#L21
$.outbounds[] (Outbound){oneOf:2}.udp_fragment,"{""type"":""boolean""}",yes; conditional core requirements still apply,,https://github.com/SagerNet/sing-box/blob/v1.13.21/option/outbound.go#L83
$.outbounds[] (Outbound){oneOf:3}.bind_address_no_port,"{""type"":""boolean""}",yes; conditional core requirements still apply,,https://github.com/SagerNet/sing-box/blob/v1.13.21/option/outbound.go#L72
$.outbounds[] (Outbound){oneOf:3}.bind_interface,"{""type"":""string""}",yes; conditional core requirements still apply,,https://github.com/SagerNet/sing-box/blob/v1.13.21/option/outbound.go#L69
$.outbounds[] (Outbound){oneOf:3}.connect_timeout,"{""$ref"":""#/$defs/badoption_Duration""}",yes; conditional core requirements still apply,,https://github.com/SagerNet/sing-box/blob/v1.13.21/option/outbound.go#L77
$.outbounds[] (Outbound){oneOf:3}.detour,"{""type"":""string""}",yes; conditional core requirements still apply,,https://github.com/SagerNet/sing-box/blob/v1.13.21/option/outbound.go#L68
$.outbounds[] (Outbound){oneOf:3}.disable_tcp_keep_alive,"{""type"":""boolean""}",yes; conditional core requirements still apply,,https://github.com/SagerNet/sing-box/blob/v1.13.21/option/outbound.go#L80
$.outbounds[] (Outbound){oneOf:3}.domain_resolver,"{""$ref"":""#/$defs/DomainResolveOptions""}",yes; conditional core requirements still apply,,https://github.com/SagerNet/sing-box/blob/v1.13.21/option/outbound.go#L85
$.outbounds[] (Outbound){oneOf:3}.domain_strategy,"{""$ref"":""#/$defs/DomainStrategy""}",yes; conditional core requirements still apply,Deprecated: migrated to domain resolver,https://github.com/SagerNet/sing-box/blob/v1.13.21/option/outbound.go#L92
$.outbounds[] (Outbound){oneOf:3}.fallback_delay,"{""$ref"":""#/$defs/badoption_Duration""}",yes; conditional core requirements still apply,,https://github.com/SagerNet/sing-box/blob/v1.13.21/option/outbound.go#L89
$.outbounds[] (Outbound){oneOf:3}.fallback_network_type,"{""anyOf"":[{""$ref"":""#/$defs/InterfaceType""},{""items"":{""$ref"":""#/$defs/InterfaceType""},""type"":""array""}]}",yes; conditional core requirements still apply,,https://github.com/SagerNet/sing-box/blob/v1.13.21/option/outbound.go#L88
$.outbounds[] (Outbound){oneOf:3}.headers,"{""additionalProperties"":{""anyOf"":[{""type"":""string""},{""items"":{""type"":""string""},""type"":""array""}]},""type"":""object""}",yes; conditional core requirements still apply,,https://github.com/SagerNet/sing-box/blob/v1.13.21/option/simple.go#L39
$.outbounds[] (Outbound){oneOf:3}.inet4_bind_address,"{""type"":""string""}",yes; conditional core requirements still apply,,https://github.com/SagerNet/sing-box/blob/v1.13.21/option/outbound.go#L70
$.outbounds[] (Outbound){oneOf:3}.inet6_bind_address,"{""type"":""string""}",yes; conditional core requirements still apply,,https://github.com/SagerNet/sing-box/blob/v1.13.21/option/outbound.go#L71
$.outbounds[] (Outbound){oneOf:3}.netns,"{""type"":""string""}",yes; conditional core requirements still apply,,https://github.com/SagerNet/sing-box/blob/v1.13.21/option/outbound.go#L76
$.outbounds[] (Outbound){oneOf:3}.network_strategy,"{""$ref"":""#/$defs/NetworkStrategy""}",yes; conditional core requirements still apply,,https://github.com/SagerNet/sing-box/blob/v1.13.21/option/outbound.go#L86
$.outbounds[] (Outbound){oneOf:3}.network_type,"{""anyOf"":[{""$ref"":""#/$defs/InterfaceType""},{""items"":{""$ref"":""#/$defs/InterfaceType""},""type"":""array""}]}",yes; conditional core requirements still apply,,https://github.com/SagerNet/sing-box/blob/v1.13.21/option/outbound.go#L87
$.outbounds[] (Outbound){oneOf:3}.password,"{""type"":""string""}",yes; conditional core requirements still apply,,https://github.com/SagerNet/sing-box/blob/v1.13.21/option/simple.go#L36
$.outbounds[] (Outbound){oneOf:3}.path,"{""type"":""string""}",yes; conditional core requirements still apply,,https://github.com/SagerNet/sing-box/blob/v1.13.21/option/simple.go#L38
$.outbounds[] (Outbound){oneOf:3}.protect_path,"{""type"":""string""}",yes; conditional core requirements still apply,,https://github.com/SagerNet/sing-box/blob/v1.13.21/option/outbound.go#L73
$.outbounds[] (Outbound){oneOf:3}.reuse_addr,"{""type"":""boolean""}",yes; conditional core requirements still apply,,https://github.com/SagerNet/sing-box/blob/v1.13.21/option/outbound.go#L75
$.outbounds[] (Outbound){oneOf:3}.routing_mark,"{""$ref"":""#/$defs/FwMark""}",yes; conditional core requirements still apply,,https://github.com/SagerNet/sing-box/blob/v1.13.21/option/outbound.go#L74
$.outbounds[] (Outbound){oneOf:3}.server,"{""type"":""string""}",yes; conditional core requirements still apply,,https://github.com/SagerNet/sing-box/blob/v1.13.21/option/outbound.go#L149
$.outbounds[] (Outbound){oneOf:3}.server_port,"{""maximum"":65535,""minimum"":0,""type"":""integer""}",yes; conditional core requirements still apply,,https://github.com/SagerNet/sing-box/blob/v1.13.21/option/outbound.go#L150
$.outbounds[] (Outbound){oneOf:3}.tag,"{""type"":""string""}",yes; conditional core requirements still apply,,https://github.com/SagerNet/sing-box/blob/v1.13.21/option/options.go#L21
$.outbounds[] (Outbound){oneOf:3}.tcp_fast_open,"{""type"":""boolean""}",yes; conditional core requirements still apply,,https://github.com/SagerNet/sing-box/blob/v1.13.21/option/outbound.go#L78
$.outbounds[] (Outbound){oneOf:3}.tcp_keep_alive,"{""$ref"":""#/$defs/badoption_Duration""}",yes; conditional core requirements still apply,,https://github.com/SagerNet/sing-box/blob/v1.13.21/option/outbound.go#L81
$.outbounds[] (Outbound){oneOf:3}.tcp_keep_alive_interval,"{""$ref"":""#/$defs/badoption_Duration""}",yes; conditional core requirements still apply,,https://github.com/SagerNet/sing-box/blob/v1.13.21/option/outbound.go#L82
$.outbounds[] (Outbound){oneOf:3}.tcp_multi_path,"{""type"":""boolean""}",yes; conditional core requirements still apply,,https://github.com/SagerNet/sing-box/blob/v1.13.21/option/outbound.go#L79
$.outbounds[] (Outbound){oneOf:3}.tls,"{""$ref"":""#/$defs/OutboundTLSOptions""}",yes; conditional core requirements still apply,,https://github.com/SagerNet/sing-box/blob/v1.13.21/option/tls.go#L125
$.outbounds[] (Outbound){oneOf:3}.type,"{""const"":""http""}",no in this branch,,https://github.com/SagerNet/sing-box/blob/v1.13.21/option/options.go#L21
$.outbounds[] (Outbound){oneOf:3}.udp_fragment,"{""type"":""boolean""}",yes; conditional core requirements still apply,,https://github.com/SagerNet/sing-box/blob/v1.13.21/option/outbound.go#L83
$.outbounds[] (Outbound){oneOf:3}.username,"{""type"":""string""}",yes; conditional core requirements still apply,,https://github.com/SagerNet/sing-box/blob/v1.13.21/option/simple.go#L35
$.outbounds[] (Outbound){oneOf:4}.auth,"{""anyOf"":[{""contentEncoding"":""base64"",""type"":""string""},{""items"":{""maximum"":255,""minimum"":0,""type"":""integer""},""type"":""array""}]}",yes; conditional core requirements still apply,,https://github.com/SagerNet/sing-box/blob/v1.13.21/option/hysteria.go#L39
$.outbounds[] (Outbound){oneOf:4}.auth_str,"{""type"":""string""}",yes; conditional core requirements still apply,,https://github.com/SagerNet/sing-box/blob/v1.13.21/option/hysteria.go#L40
$.outbounds[] (Outbound){oneOf:4}.bind_address_no_port,"{""type"":""boolean""}",yes; conditional core requirements still apply,,https://github.com/SagerNet/sing-box/blob/v1.13.21/option/outbound.go#L72
$.outbounds[] (Outbound){oneOf:4}.bind_interface,"{""type"":""string""}",yes; conditional core requirements still apply,,https://github.com/SagerNet/sing-box/blob/v1.13.21/option/outbound.go#L69
$.outbounds[] (Outbound){oneOf:4}.connect_timeout,"{""$ref"":""#/$defs/badoption_Duration""}",yes; conditional core requirements still apply,,https://github.com/SagerNet/sing-box/blob/v1.13.21/option/outbound.go#L77
$.outbounds[] (Outbound){oneOf:4}.detour,"{""type"":""string""}",yes; conditional core requirements still apply,,https://github.com/SagerNet/sing-box/blob/v1.13.21/option/outbound.go#L68
$.outbounds[] (Outbound){oneOf:4}.disable_mtu_discovery,"{""type"":""boolean""}",yes; conditional core requirements still apply,,https://github.com/SagerNet/sing-box/blob/v1.13.21/option/hysteria.go#L43
$.outbounds[] (Outbound){oneOf:4}.disable_tcp_keep_alive,"{""type"":""boolean""}",yes; conditional core requirements still apply,,https://github.com/SagerNet/sing-box/blob/v1.13.21/option/outbound.go#L80
$.outbounds[] (Outbound){oneOf:4}.domain_resolver,"{""$ref"":""#/$defs/DomainResolveOptions""}",yes; conditional core requirements still apply,,https://github.com/SagerNet/sing-box/blob/v1.13.21/option/outbound.go#L85
$.outbounds[] (Outbound){oneOf:4}.domain_strategy,"{""$ref"":""#/$defs/DomainStrategy""}",yes; conditional core requirements still apply,Deprecated: migrated to domain resolver,https://github.com/SagerNet/sing-box/blob/v1.13.21/option/outbound.go#L92
$.outbounds[] (Outbound){oneOf:4}.down,"{""$ref"":""#/$defs/byteformats_NetworkBytesCompat""}",yes; conditional core requirements still apply,,https://github.com/SagerNet/sing-box/blob/v1.13.21/option/hysteria.go#L36
$.outbounds[] (Outbound){oneOf:4}.down_mbps,"{""type"":""integer""}",yes; conditional core requirements still apply,,https://github.com/SagerNet/sing-box/blob/v1.13.21/option/hysteria.go#L37
$.outbounds[] (Outbound){oneOf:4}.fallback_delay,"{""$ref"":""#/$defs/badoption_Duration""}",yes; conditional core requirements still apply,,https://github.com/SagerNet/sing-box/blob/v1.13.21/option/outbound.go#L89
$.outbounds[] (Outbound){oneOf:4}.fallback_network_type,"{""anyOf"":[{""$ref"":""#/$defs/InterfaceType""},{""items"":{""$ref"":""#/$defs/InterfaceType""},""type"":""array""}]}",yes; conditional core requirements still apply,,https://github.com/SagerNet/sing-box/blob/v1.13.21/option/outbound.go#L88
$.outbounds[] (Outbound){oneOf:4}.hop_interval,"{""$ref"":""#/$defs/badoption_Duration""}",yes; conditional core requirements still apply,,https://github.com/SagerNet/sing-box/blob/v1.13.21/option/hysteria.go#L33
$.outbounds[] (Outbound){oneOf:4}.inet4_bind_address,"{""type"":""string""}",yes; conditional core requirements still apply,,https://github.com/SagerNet/sing-box/blob/v1.13.21/option/outbound.go#L70
$.outbounds[] (Outbound){oneOf:4}.inet6_bind_address,"{""type"":""string""}",yes; conditional core requirements still apply,,https://github.com/SagerNet/sing-box/blob/v1.13.21/option/outbound.go#L71
$.outbounds[] (Outbound){oneOf:4}.netns,"{""type"":""string""}",yes; conditional core requirements still apply,,https://github.com/SagerNet/sing-box/blob/v1.13.21/option/outbound.go#L76
$.outbounds[] (Outbound){oneOf:4}.network,"{""$ref"":""#/$defs/NetworkList""}",yes; conditional core requirements still apply,,https://github.com/SagerNet/sing-box/blob/v1.13.21/option/hysteria.go#L44
$.outbounds[] (Outbound){oneOf:4}.network_strategy,"{""$ref"":""#/$defs/NetworkStrategy""}",yes; conditional core requirements still apply,,https://github.com/SagerNet/sing-box/blob/v1.13.21/option/outbound.go#L86
$.outbounds[] (Outbound){oneOf:4}.network_type,"{""anyOf"":[{""$ref"":""#/$defs/InterfaceType""},{""items"":{""$ref"":""#/$defs/InterfaceType""},""type"":""array""}]}",yes; conditional core requirements still apply,,https://github.com/SagerNet/sing-box/blob/v1.13.21/option/outbound.go#L87
$.outbounds[] (Outbound){oneOf:4}.obfs,"{""type"":""string""}",yes; conditional core requirements still apply,,https://github.com/SagerNet/sing-box/blob/v1.13.21/option/hysteria.go#L38
$.outbounds[] (Outbound){oneOf:4}.protect_path,"{""type"":""string""}",yes; conditional core requirements still apply,,https://github.com/SagerNet/sing-box/blob/v1.13.21/option/outbound.go#L73
$.outbounds[] (Outbound){oneOf:4}.recv_window,"{""maximum"":18446744073709551615,""minimum"":0,""type"":""integer""}",yes; conditional core requirements still apply,,https://github.com/SagerNet/sing-box/blob/v1.13.21/option/hysteria.go#L42
$.outbounds[] (Outbound){oneOf:4}.recv_window_conn,"{""maximum"":18446744073709551615,""minimum"":0,""type"":""integer""}",yes; conditional core requirements still apply,,https://github.com/SagerNet/sing-box/blob/v1.13.21/option/hysteria.go#L41
$.outbounds[] (Outbound){oneOf:4}.reuse_addr,"{""type"":""boolean""}",yes; conditional core requirements still apply,,https://github.com/SagerNet/sing-box/blob/v1.13.21/option/outbound.go#L75
$.outbounds[] (Outbound){oneOf:4}.routing_mark,"{""$ref"":""#/$defs/FwMark""}",yes; conditional core requirements still apply,,https://github.com/SagerNet/sing-box/blob/v1.13.21/option/outbound.go#L74
$.outbounds[] (Outbound){oneOf:4}.server,"{""type"":""string""}",yes; conditional core requirements still apply,,https://github.com/SagerNet/sing-box/blob/v1.13.21/option/outbound.go#L149
$.outbounds[] (Outbound){oneOf:4}.server_port,"{""maximum"":65535,""minimum"":0,""type"":""integer""}",yes; conditional core requirements still apply,,https://github.com/SagerNet/sing-box/blob/v1.13.21/option/outbound.go#L150
$.outbounds[] (Outbound){oneOf:4}.server_ports,"{""anyOf"":[{""type"":""string""},{""items"":{""type"":""string""},""type"":""array""}]}",yes; conditional core requirements still apply,,https://github.com/SagerNet/sing-box/blob/v1.13.21/option/hysteria.go#L32
$.outbounds[] (Outbound){oneOf:4}.tag,"{""type"":""string""}",yes; conditional core requirements still apply,,https://github.com/SagerNet/sing-box/blob/v1.13.21/option/options.go#L21
$.outbounds[] (Outbound){oneOf:4}.tcp_fast_open,"{""type"":""boolean""}",yes; conditional core requirements still apply,,https://github.com/SagerNet/sing-box/blob/v1.13.21/option/outbound.go#L78
$.outbounds[] (Outbound){oneOf:4}.tcp_keep_alive,"{""$ref"":""#/$defs/badoption_Duration""}",yes; conditional core requirements still apply,,https://github.com/SagerNet/sing-box/blob/v1.13.21/option/outbound.go#L81
$.outbounds[] (Outbound){oneOf:4}.tcp_keep_alive_interval,"{""$ref"":""#/$defs/badoption_Duration""}",yes; conditional core requirements still apply,,https://github.com/SagerNet/sing-box/blob/v1.13.21/option/outbound.go#L82
$.outbounds[] (Outbound){oneOf:4}.tcp_multi_path,"{""type"":""boolean""}",yes; conditional core requirements still apply,,https://github.com/SagerNet/sing-box/blob/v1.13.21/option/outbound.go#L79
$.outbounds[] (Outbound){oneOf:4}.tls,"{""$ref"":""#/$defs/OutboundTLSOptions""}",yes; conditional core requirements still apply,,https://github.com/SagerNet/sing-box/blob/v1.13.21/option/tls.go#L125
$.outbounds[] (Outbound){oneOf:4}.type,"{""const"":""hysteria""}",no in this branch,,https://github.com/SagerNet/sing-box/blob/v1.13.21/option/options.go#L21
$.outbounds[] (Outbound){oneOf:4}.udp_fragment,"{""type"":""boolean""}",yes; conditional core requirements still apply,,https://github.com/SagerNet/sing-box/blob/v1.13.21/option/outbound.go#L83
$.outbounds[] (Outbound){oneOf:4}.up,"{""$ref"":""#/$defs/byteformats_NetworkBytesCompat""}",yes; conditional core requirements still apply,,https://github.com/SagerNet/sing-box/blob/v1.13.21/option/hysteria.go#L34
$.outbounds[] (Outbound){oneOf:4}.up_mbps,"{""type"":""integer""}",yes; conditional core requirements still apply,,https://github.com/SagerNet/sing-box/blob/v1.13.21/option/hysteria.go#L35
$.outbounds[] (Outbound){oneOf:5}.bind_address_no_port,"{""type"":""boolean""}",yes; conditional core requirements still apply,,https://github.com/SagerNet/sing-box/blob/v1.13.21/option/outbound.go#L72
$.outbounds[] (Outbound){oneOf:5}.bind_interface,"{""type"":""string""}",yes; conditional core requirements still apply,,https://github.com/SagerNet/sing-box/blob/v1.13.21/option/outbound.go#L69
$.outbounds[] (Outbound){oneOf:5}.brutal_debug,"{""type"":""boolean""}",yes; conditional core requirements still apply,,https://github.com/SagerNet/sing-box/blob/v1.13.21/option/hysteria2.go#L123
$.outbounds[] (Outbound){oneOf:5}.connect_timeout,"{""$ref"":""#/$defs/badoption_Duration""}",yes; conditional core requirements still apply,,https://github.com/SagerNet/sing-box/blob/v1.13.21/option/outbound.go#L77
$.outbounds[] (Outbound){oneOf:5}.detour,"{""type"":""string""}",yes; conditional core requirements still apply,,https://github.com/SagerNet/sing-box/blob/v1.13.21/option/outbound.go#L68
$.outbounds[] (Outbound){oneOf:5}.disable_tcp_keep_alive,"{""type"":""boolean""}",yes; conditional core requirements still apply,,https://github.com/SagerNet/sing-box/blob/v1.13.21/option/outbound.go#L80
$.outbounds[] (Outbound){oneOf:5}.domain_resolver,"{""$ref"":""#/$defs/DomainResolveOptions""}",yes; conditional core requirements still apply,,https://github.com/SagerNet/sing-box/blob/v1.13.21/option/outbound.go#L85
$.outbounds[] (Outbound){oneOf:5}.domain_strategy,"{""$ref"":""#/$defs/DomainStrategy""}",yes; conditional core requirements still apply,Deprecated: migrated to domain resolver,https://github.com/SagerNet/sing-box/blob/v1.13.21/option/outbound.go#L92
$.outbounds[] (Outbound){oneOf:5}.down_mbps,"{""type"":""integer""}",yes; conditional core requirements still apply,,https://github.com/SagerNet/sing-box/blob/v1.13.21/option/hysteria2.go#L118
$.outbounds[] (Outbound){oneOf:5}.fallback_delay,"{""$ref"":""#/$defs/badoption_Duration""}",yes; conditional core requirements still apply,,https://github.com/SagerNet/sing-box/blob/v1.13.21/option/outbound.go#L89
$.outbounds[] (Outbound){oneOf:5}.fallback_network_type,"{""anyOf"":[{""$ref"":""#/$defs/InterfaceType""},{""items"":{""$ref"":""#/$defs/InterfaceType""},""type"":""array""}]}",yes; conditional core requirements still apply,,https://github.com/SagerNet/sing-box/blob/v1.13.21/option/outbound.go#L88
$.outbounds[] (Outbound){oneOf:5}.hop_interval,"{""$ref"":""#/$defs/badoption_Duration""}",yes; conditional core requirements still apply,,https://github.com/SagerNet/sing-box/blob/v1.13.21/option/hysteria2.go#L116
$.outbounds[] (Outbound){oneOf:5}.inet4_bind_address,"{""type"":""string""}",yes; conditional core requirements still apply,,https://github.com/SagerNet/sing-box/blob/v1.13.21/option/outbound.go#L70
$.outbounds[] (Outbound){oneOf:5}.inet6_bind_address,"{""type"":""string""}",yes; conditional core requirements still apply,,https://github.com/SagerNet/sing-box/blob/v1.13.21/option/outbound.go#L71
$.outbounds[] (Outbound){oneOf:5}.netns,"{""type"":""string""}",yes; conditional core requirements still apply,,https://github.com/SagerNet/sing-box/blob/v1.13.21/option/outbound.go#L76
$.outbounds[] (Outbound){oneOf:5}.network,"{""$ref"":""#/$defs/NetworkList""}",yes; conditional core requirements still apply,,https://github.com/SagerNet/sing-box/blob/v1.13.21/option/hysteria2.go#L121
$.outbounds[] (Outbound){oneOf:5}.network_strategy,"{""$ref"":""#/$defs/NetworkStrategy""}",yes; conditional core requirements still apply,,https://github.com/SagerNet/sing-box/blob/v1.13.21/option/outbound.go#L86
$.outbounds[] (Outbound){oneOf:5}.network_type,"{""anyOf"":[{""$ref"":""#/$defs/InterfaceType""},{""items"":{""$ref"":""#/$defs/InterfaceType""},""type"":""array""}]}",yes; conditional core requirements still apply,,https://github.com/SagerNet/sing-box/blob/v1.13.21/option/outbound.go#L87
$.outbounds[] (Outbound){oneOf:5}.obfs,"{""$ref"":""#/$defs/Hysteria2Obfs""}",yes; conditional core requirements still apply,,https://github.com/SagerNet/sing-box/blob/v1.13.21/option/hysteria2.go#L119
$.outbounds[] (Outbound){oneOf:5}.password,"{""type"":""string""}",yes; conditional core requirements still apply,,https://github.com/SagerNet/sing-box/blob/v1.13.21/option/hysteria2.go#L120
$.outbounds[] (Outbound){oneOf:5}.protect_path,"{""type"":""string""}",yes; conditional core requirements still apply,,https://github.com/SagerNet/sing-box/blob/v1.13.21/option/outbound.go#L73
$.outbounds[] (Outbound){oneOf:5}.reuse_addr,"{""type"":""boolean""}",yes; conditional core requirements still apply,,https://github.com/SagerNet/sing-box/blob/v1.13.21/option/outbound.go#L75
$.outbounds[] (Outbound){oneOf:5}.routing_mark,"{""$ref"":""#/$defs/FwMark""}",yes; conditional core requirements still apply,,https://github.com/SagerNet/sing-box/blob/v1.13.21/option/outbound.go#L74
$.outbounds[] (Outbound){oneOf:5}.server,"{""type"":""string""}",yes; conditional core requirements still apply,,https://github.com/SagerNet/sing-box/blob/v1.13.21/option/outbound.go#L149
$.outbounds[] (Outbound){oneOf:5}.server_port,"{""maximum"":65535,""minimum"":0,""type"":""integer""}",yes; conditional core requirements still apply,,https://github.com/SagerNet/sing-box/blob/v1.13.21/option/outbound.go#L150
$.outbounds[] (Outbound){oneOf:5}.server_ports,"{""anyOf"":[{""type"":""string""},{""items"":{""type"":""string""},""type"":""array""}]}",yes; conditional core requirements still apply,,https://github.com/SagerNet/sing-box/blob/v1.13.21/option/hysteria2.go#L115
$.outbounds[] (Outbound){oneOf:5}.tag,"{""type"":""string""}",yes; conditional core requirements still apply,,https://github.com/SagerNet/sing-box/blob/v1.13.21/option/options.go#L21
$.outbounds[] (Outbound){oneOf:5}.tcp_fast_open,"{""type"":""boolean""}",yes; conditional core requirements still apply,,https://github.com/SagerNet/sing-box/blob/v1.13.21/option/outbound.go#L78
$.outbounds[] (Outbound){oneOf:5}.tcp_keep_alive,"{""$ref"":""#/$defs/badoption_Duration""}",yes; conditional core requirements still apply,,https://github.com/SagerNet/sing-box/blob/v1.13.21/option/outbound.go#L81
$.outbounds[] (Outbound){oneOf:5}.tcp_keep_alive_interval,"{""$ref"":""#/$defs/badoption_Duration""}",yes; conditional core requirements still apply,,https://github.com/SagerNet/sing-box/blob/v1.13.21/option/outbound.go#L82
$.outbounds[] (Outbound){oneOf:5}.tcp_multi_path,"{""type"":""boolean""}",yes; conditional core requirements still apply,,https://github.com/SagerNet/sing-box/blob/v1.13.21/option/outbound.go#L79
$.outbounds[] (Outbound){oneOf:5}.tls,"{""$ref"":""#/$defs/OutboundTLSOptions""}",yes; conditional core requirements still apply,,https://github.com/SagerNet/sing-box/blob/v1.13.21/option/tls.go#L125
$.outbounds[] (Outbound){oneOf:5}.type,"{""const"":""hysteria2""}",no in this branch,,https://github.com/SagerNet/sing-box/blob/v1.13.21/option/options.go#L21
$.outbounds[] (Outbound){oneOf:5}.udp_fragment,"{""type"":""boolean""}",yes; conditional core requirements still apply,,https://github.com/SagerNet/sing-box/blob/v1.13.21/option/outbound.go#L83
$.outbounds[] (Outbound){oneOf:5}.up_mbps,"{""type"":""integer""}",yes; conditional core requirements still apply,,https://github.com/SagerNet/sing-box/blob/v1.13.21/option/hysteria2.go#L117
$.outbounds[] (Outbound){oneOf:6}.bind_address_no_port,"{""type"":""boolean""}",yes; conditional core requirements still apply,,https://github.com/SagerNet/sing-box/blob/v1.13.21/option/outbound.go#L72
$.outbounds[] (Outbound){oneOf:6}.bind_interface,"{""type"":""string""}",yes; conditional core requirements still apply,,https://github.com/SagerNet/sing-box/blob/v1.13.21/option/outbound.go#L69
$.outbounds[] (Outbound){oneOf:6}.connect_timeout,"{""$ref"":""#/$defs/badoption_Duration""}",yes; conditional core requirements still apply,,https://github.com/SagerNet/sing-box/blob/v1.13.21/option/outbound.go#L77
$.outbounds[] (Outbound){oneOf:6}.detour,"{""type"":""string""}",yes; conditional core requirements still apply,,https://github.com/SagerNet/sing-box/blob/v1.13.21/option/outbound.go#L68
$.outbounds[] (Outbound){oneOf:6}.disable_tcp_keep_alive,"{""type"":""boolean""}",yes; conditional core requirements still apply,,https://github.com/SagerNet/sing-box/blob/v1.13.21/option/outbound.go#L80
$.outbounds[] (Outbound){oneOf:6}.domain_resolver,"{""$ref"":""#/$defs/DomainResolveOptions""}",yes; conditional core requirements still apply,,https://github.com/SagerNet/sing-box/blob/v1.13.21/option/outbound.go#L85
$.outbounds[] (Outbound){oneOf:6}.domain_strategy,"{""$ref"":""#/$defs/DomainStrategy""}",yes; conditional core requirements still apply,Deprecated: migrated to domain resolver,https://github.com/SagerNet/sing-box/blob/v1.13.21/option/outbound.go#L92
$.outbounds[] (Outbound){oneOf:6}.extra_headers,"{""additionalProperties"":{""anyOf"":[{""type"":""string""},{""items"":{""type"":""string""},""type"":""array""}]},""type"":""object""}",yes; conditional core requirements still apply,,https://github.com/SagerNet/sing-box/blob/v1.13.21/option/naive.go#L33
$.outbounds[] (Outbound){oneOf:6}.fallback_delay,"{""$ref"":""#/$defs/badoption_Duration""}",yes; conditional core requirements still apply,,https://github.com/SagerNet/sing-box/blob/v1.13.21/option/outbound.go#L89
$.outbounds[] (Outbound){oneOf:6}.fallback_network_type,"{""anyOf"":[{""$ref"":""#/$defs/InterfaceType""},{""items"":{""$ref"":""#/$defs/InterfaceType""},""type"":""array""}]}",yes; conditional core requirements still apply,,https://github.com/SagerNet/sing-box/blob/v1.13.21/option/outbound.go#L88
$.outbounds[] (Outbound){oneOf:6}.inet4_bind_address,"{""type"":""string""}",yes; conditional core requirements still apply,,https://github.com/SagerNet/sing-box/blob/v1.13.21/option/outbound.go#L70
$.outbounds[] (Outbound){oneOf:6}.inet6_bind_address,"{""type"":""string""}",yes; conditional core requirements still apply,,https://github.com/SagerNet/sing-box/blob/v1.13.21/option/outbound.go#L71
$.outbounds[] (Outbound){oneOf:6}.insecure_concurrency,"{""type"":""integer""}",yes; conditional core requirements still apply,,https://github.com/SagerNet/sing-box/blob/v1.13.21/option/naive.go#L32
$.outbounds[] (Outbound){oneOf:6}.netns,"{""type"":""string""}",yes; conditional core requirements still apply,,https://github.com/SagerNet/sing-box/blob/v1.13.21/option/outbound.go#L76
$.outbounds[] (Outbound){oneOf:6}.network_strategy,"{""$ref"":""#/$defs/NetworkStrategy""}",yes; conditional core requirements still apply,,https://github.com/SagerNet/sing-box/blob/v1.13.21/option/outbound.go#L86
$.outbounds[] (Outbound){oneOf:6}.network_type,"{""anyOf"":[{""$ref"":""#/$defs/InterfaceType""},{""items"":{""$ref"":""#/$defs/InterfaceType""},""type"":""array""}]}",yes; conditional core requirements still apply,,https://github.com/SagerNet/sing-box/blob/v1.13.21/option/outbound.go#L87
$.outbounds[] (Outbound){oneOf:6}.password,"{""type"":""string""}",yes; conditional core requirements still apply,,https://github.com/SagerNet/sing-box/blob/v1.13.21/option/naive.go#L31
$.outbounds[] (Outbound){oneOf:6}.protect_path,"{""type"":""string""}",yes; conditional core requirements still apply,,https://github.com/SagerNet/sing-box/blob/v1.13.21/option/outbound.go#L73
$.outbounds[] (Outbound){oneOf:6}.quic,"{""type"":""boolean""}",yes; conditional core requirements still apply,,https://github.com/SagerNet/sing-box/blob/v1.13.21/option/naive.go#L36
$.outbounds[] (Outbound){oneOf:6}.quic_congestion_control,"{""type"":""string""}",yes; conditional core requirements still apply,,https://github.com/SagerNet/sing-box/blob/v1.13.21/option/naive.go#L37
$.outbounds[] (Outbound){oneOf:6}.quic_session_receive_window,"{""$ref"":""#/$defs/byteformats_MemoryBytes""}",yes; conditional core requirements still apply,,https://github.com/SagerNet/sing-box/blob/v1.13.21/option/naive.go#L38
$.outbounds[] (Outbound){oneOf:6}.reuse_addr,"{""type"":""boolean""}",yes; conditional core requirements still apply,,https://github.com/SagerNet/sing-box/blob/v1.13.21/option/outbound.go#L75
$.outbounds[] (Outbound){oneOf:6}.routing_mark,"{""$ref"":""#/$defs/FwMark""}",yes; conditional core requirements still apply,,https://github.com/SagerNet/sing-box/blob/v1.13.21/option/outbound.go#L74
$.outbounds[] (Outbound){oneOf:6}.server,"{""type"":""string""}",yes; conditional core requirements still apply,,https://github.com/SagerNet/sing-box/blob/v1.13.21/option/outbound.go#L149
$.outbounds[] (Outbound){oneOf:6}.server_port,"{""maximum"":65535,""minimum"":0,""type"":""integer""}",yes; conditional core requirements still apply,,https://github.com/SagerNet/sing-box/blob/v1.13.21/option/outbound.go#L150
$.outbounds[] (Outbound){oneOf:6}.stream_receive_window,"{""$ref"":""#/$defs/byteformats_MemoryBytes""}",yes; conditional core requirements still apply,,https://github.com/SagerNet/sing-box/blob/v1.13.21/option/naive.go#L34
$.outbounds[] (Outbound){oneOf:6}.tag,"{""type"":""string""}",yes; conditional core requirements still apply,,https://github.com/SagerNet/sing-box/blob/v1.13.21/option/options.go#L21
$.outbounds[] (Outbound){oneOf:6}.tcp_fast_open,"{""type"":""boolean""}",yes; conditional core requirements still apply,,https://github.com/SagerNet/sing-box/blob/v1.13.21/option/outbound.go#L78
$.outbounds[] (Outbound){oneOf:6}.tcp_keep_alive,"{""$ref"":""#/$defs/badoption_Duration""}",yes; conditional core requirements still apply,,https://github.com/SagerNet/sing-box/blob/v1.13.21/option/outbound.go#L81
$.outbounds[] (Outbound){oneOf:6}.tcp_keep_alive_interval,"{""$ref"":""#/$defs/badoption_Duration""}",yes; conditional core requirements still apply,,https://github.com/SagerNet/sing-box/blob/v1.13.21/option/outbound.go#L82
$.outbounds[] (Outbound){oneOf:6}.tcp_multi_path,"{""type"":""boolean""}",yes; conditional core requirements still apply,,https://github.com/SagerNet/sing-box/blob/v1.13.21/option/outbound.go#L79
$.outbounds[] (Outbound){oneOf:6}.tls,"{""$ref"":""#/$defs/OutboundTLSOptions""}",yes; conditional core requirements still apply,,https://github.com/SagerNet/sing-box/blob/v1.13.21/option/tls.go#L125
$.outbounds[] (Outbound){oneOf:6}.type,"{""const"":""naive""}",no in this branch,,https://github.com/SagerNet/sing-box/blob/v1.13.21/option/options.go#L21
$.outbounds[] (Outbound){oneOf:6}.udp_fragment,"{""type"":""boolean""}",yes; conditional core requirements still apply,,https://github.com/SagerNet/sing-box/blob/v1.13.21/option/outbound.go#L83
$.outbounds[] (Outbound){oneOf:6}.udp_over_tcp,"{""$ref"":""#/$defs/UDPOverTCPOptions""}",yes; conditional core requirements still apply,,https://github.com/SagerNet/sing-box/blob/v1.13.21/option/naive.go#L35
$.outbounds[] (Outbound){oneOf:6}.udp_over_tcp (UDPOverTCPOptions){anyOf:1}.enabled,"{""type"":""boolean""}",yes; conditional core requirements still apply,,https://github.com/SagerNet/sing-box/blob/v1.13.21/option/udp_over_tcp.go#L9
$.outbounds[] (Outbound){oneOf:6}.udp_over_tcp (UDPOverTCPOptions){anyOf:1}.version,"{""maximum"":255,""minimum"":0,""type"":""integer""}",yes; conditional core requirements still apply,,https://github.com/SagerNet/sing-box/blob/v1.13.21/option/udp_over_tcp.go#L10
$.outbounds[] (Outbound){oneOf:6}.username,"{""type"":""string""}",yes; conditional core requirements still apply,,https://github.com/SagerNet/sing-box/blob/v1.13.21/option/naive.go#L30
$.outbounds[] (Outbound){oneOf:7}.default,"{""type"":""string""}",yes; conditional core requirements still apply,,https://github.com/SagerNet/sing-box/blob/v1.13.21/option/group.go#L7
$.outbounds[] (Outbound){oneOf:7}.interrupt_exist_connections,"{""type"":""boolean""}",yes; conditional core requirements still apply,,https://github.com/SagerNet/sing-box/blob/v1.13.21/option/group.go#L8
$.outbounds[] (Outbound){oneOf:7}.outbounds,"{""items"":{""type"":""string""},""type"":""array""}",yes; conditional core requirements still apply,,https://github.com/SagerNet/sing-box/blob/v1.13.21/option/group.go#L6
$.outbounds[] (Outbound){oneOf:7}.tag,"{""type"":""string""}",yes; conditional core requirements still apply,,https://github.com/SagerNet/sing-box/blob/v1.13.21/option/options.go#L21
$.outbounds[] (Outbound){oneOf:7}.type,"{""const"":""selector""}",no in this branch,,https://github.com/SagerNet/sing-box/blob/v1.13.21/option/options.go#L21
$.outbounds[] (Outbound){oneOf:8}.bind_address_no_port,"{""type"":""boolean""}",yes; conditional core requirements still apply,,https://github.com/SagerNet/sing-box/blob/v1.13.21/option/outbound.go#L72
$.outbounds[] (Outbound){oneOf:8}.bind_interface,"{""type"":""string""}",yes; conditional core requirements still apply,,https://github.com/SagerNet/sing-box/blob/v1.13.21/option/outbound.go#L69
$.outbounds[] (Outbound){oneOf:8}.connect_timeout,"{""$ref"":""#/$defs/badoption_Duration""}",yes; conditional core requirements still apply,,https://github.com/SagerNet/sing-box/blob/v1.13.21/option/outbound.go#L77
$.outbounds[] (Outbound){oneOf:8}.detour,"{""type"":""string""}",yes; conditional core requirements still apply,,https://github.com/SagerNet/sing-box/blob/v1.13.21/option/outbound.go#L68
$.outbounds[] (Outbound){oneOf:8}.disable_tcp_keep_alive,"{""type"":""boolean""}",yes; conditional core requirements still apply,,https://github.com/SagerNet/sing-box/blob/v1.13.21/option/outbound.go#L80
$.outbounds[] (Outbound){oneOf:8}.domain_resolver,"{""$ref"":""#/$defs/DomainResolveOptions""}",yes; conditional core requirements still apply,,https://github.com/SagerNet/sing-box/blob/v1.13.21/option/outbound.go#L85
$.outbounds[] (Outbound){oneOf:8}.domain_strategy,"{""$ref"":""#/$defs/DomainStrategy""}",yes; conditional core requirements still apply,Deprecated: migrated to domain resolver,https://github.com/SagerNet/sing-box/blob/v1.13.21/option/outbound.go#L92
$.outbounds[] (Outbound){oneOf:8}.fallback_delay,"{""$ref"":""#/$defs/badoption_Duration""}",yes; conditional core requirements still apply,,https://github.com/SagerNet/sing-box/blob/v1.13.21/option/outbound.go#L89
$.outbounds[] (Outbound){oneOf:8}.fallback_network_type,"{""anyOf"":[{""$ref"":""#/$defs/InterfaceType""},{""items"":{""$ref"":""#/$defs/InterfaceType""},""type"":""array""}]}",yes; conditional core requirements still apply,,https://github.com/SagerNet/sing-box/blob/v1.13.21/option/outbound.go#L88
$.outbounds[] (Outbound){oneOf:8}.inet4_bind_address,"{""type"":""string""}",yes; conditional core requirements still apply,,https://github.com/SagerNet/sing-box/blob/v1.13.21/option/outbound.go#L70
$.outbounds[] (Outbound){oneOf:8}.inet6_bind_address,"{""type"":""string""}",yes; conditional core requirements still apply,,https://github.com/SagerNet/sing-box/blob/v1.13.21/option/outbound.go#L71
$.outbounds[] (Outbound){oneOf:8}.method,"{""type"":""string""}",yes; conditional core requirements still apply,,https://github.com/SagerNet/sing-box/blob/v1.13.21/option/shadowsocks.go#L28
$.outbounds[] (Outbound){oneOf:8}.multiplex,"{""$ref"":""#/$defs/OutboundMultiplexOptions""}",yes; conditional core requirements still apply,,https://github.com/SagerNet/sing-box/blob/v1.13.21/option/shadowsocks.go#L34
$.outbounds[] (Outbound){oneOf:8}.multiplex (OutboundMultiplexOptions).brutal,"{""$ref"":""#/$defs/BrutalOptions""}",yes; conditional core requirements still apply,,https://github.com/SagerNet/sing-box/blob/v1.13.21/option/multiplex.go#L16
$.outbounds[] (Outbound){oneOf:8}.multiplex (OutboundMultiplexOptions).enabled,"{""type"":""boolean""}",yes; conditional core requirements still apply,,https://github.com/SagerNet/sing-box/blob/v1.13.21/option/multiplex.go#L10
$.outbounds[] (Outbound){oneOf:8}.multiplex (OutboundMultiplexOptions).max_connections,"{""type"":""integer""}",yes; conditional core requirements still apply,,https://github.com/SagerNet/sing-box/blob/v1.13.21/option/multiplex.go#L12
$.outbounds[] (Outbound){oneOf:8}.multiplex (OutboundMultiplexOptions).max_streams,"{""type"":""integer""}",yes; conditional core requirements still apply,,https://github.com/SagerNet/sing-box/blob/v1.13.21/option/multiplex.go#L14
$.outbounds[] (Outbound){oneOf:8}.multiplex (OutboundMultiplexOptions).min_streams,"{""type"":""integer""}",yes; conditional core requirements still apply,,https://github.com/SagerNet/sing-box/blob/v1.13.21/option/multiplex.go#L13
$.outbounds[] (Outbound){oneOf:8}.multiplex (OutboundMultiplexOptions).padding,"{""type"":""boolean""}",yes; conditional core requirements still apply,,https://github.com/SagerNet/sing-box/blob/v1.13.21/option/multiplex.go#L15
$.outbounds[] (Outbound){oneOf:8}.multiplex (OutboundMultiplexOptions).protocol,"{""enum"":["""",""smux"",""yamux"",""h2mux""],""type"":""string""}",yes; conditional core requirements still apply,,https://github.com/SagerNet/sing-box/blob/v1.13.21/option/multiplex.go#L11
$.outbounds[] (Outbound){oneOf:8}.netns,"{""type"":""string""}",yes; conditional core requirements still apply,,https://github.com/SagerNet/sing-box/blob/v1.13.21/option/outbound.go#L76
$.outbounds[] (Outbound){oneOf:8}.network,"{""$ref"":""#/$defs/NetworkList""}",yes; conditional core requirements still apply,,https://github.com/SagerNet/sing-box/blob/v1.13.21/option/shadowsocks.go#L32
$.outbounds[] (Outbound){oneOf:8}.network_strategy,"{""$ref"":""#/$defs/NetworkStrategy""}",yes; conditional core requirements still apply,,https://github.com/SagerNet/sing-box/blob/v1.13.21/option/outbound.go#L86
$.outbounds[] (Outbound){oneOf:8}.network_type,"{""anyOf"":[{""$ref"":""#/$defs/InterfaceType""},{""items"":{""$ref"":""#/$defs/InterfaceType""},""type"":""array""}]}",yes; conditional core requirements still apply,,https://github.com/SagerNet/sing-box/blob/v1.13.21/option/outbound.go#L87
$.outbounds[] (Outbound){oneOf:8}.password,"{""type"":""string""}",yes; conditional core requirements still apply,,https://github.com/SagerNet/sing-box/blob/v1.13.21/option/shadowsocks.go#L29
$.outbounds[] (Outbound){oneOf:8}.plugin,"{""type"":""string""}",yes; conditional core requirements still apply,,https://github.com/SagerNet/sing-box/blob/v1.13.21/option/shadowsocks.go#L30
$.outbounds[] (Outbound){oneOf:8}.plugin_opts,"{""type"":""string""}",yes; conditional core requirements still apply,,https://github.com/SagerNet/sing-box/blob/v1.13.21/option/shadowsocks.go#L31
$.outbounds[] (Outbound){oneOf:8}.protect_path,"{""type"":""string""}",yes; conditional core requirements still apply,,https://github.com/SagerNet/sing-box/blob/v1.13.21/option/outbound.go#L73
$.outbounds[] (Outbound){oneOf:8}.reuse_addr,"{""type"":""boolean""}",yes; conditional core requirements still apply,,https://github.com/SagerNet/sing-box/blob/v1.13.21/option/outbound.go#L75
$.outbounds[] (Outbound){oneOf:8}.routing_mark,"{""$ref"":""#/$defs/FwMark""}",yes; conditional core requirements still apply,,https://github.com/SagerNet/sing-box/blob/v1.13.21/option/outbound.go#L74
$.outbounds[] (Outbound){oneOf:8}.server,"{""type"":""string""}",yes; conditional core requirements still apply,,https://github.com/SagerNet/sing-box/blob/v1.13.21/option/outbound.go#L149
$.outbounds[] (Outbound){oneOf:8}.server_port,"{""maximum"":65535,""minimum"":0,""type"":""integer""}",yes; conditional core requirements still apply,,https://github.com/SagerNet/sing-box/blob/v1.13.21/option/outbound.go#L150
$.outbounds[] (Outbound){oneOf:8}.tag,"{""type"":""string""}",yes; conditional core requirements still apply,,https://github.com/SagerNet/sing-box/blob/v1.13.21/option/options.go#L21
$.outbounds[] (Outbound){oneOf:8}.tcp_fast_open,"{""type"":""boolean""}",yes; conditional core requirements still apply,,https://github.com/SagerNet/sing-box/blob/v1.13.21/option/outbound.go#L78
$.outbounds[] (Outbound){oneOf:8}.tcp_keep_alive,"{""$ref"":""#/$defs/badoption_Duration""}",yes; conditional core requirements still apply,,https://github.com/SagerNet/sing-box/blob/v1.13.21/option/outbound.go#L81
$.outbounds[] (Outbound){oneOf:8}.tcp_keep_alive_interval,"{""$ref"":""#/$defs/badoption_Duration""}",yes; conditional core requirements still apply,,https://github.com/SagerNet/sing-box/blob/v1.13.21/option/outbound.go#L82
$.outbounds[] (Outbound){oneOf:8}.tcp_multi_path,"{""type"":""boolean""}",yes; conditional core requirements still apply,,https://github.com/SagerNet/sing-box/blob/v1.13.21/option/outbound.go#L79
$.outbounds[] (Outbound){oneOf:8}.type,"{""const"":""shadowsocks""}",no in this branch,,https://github.com/SagerNet/sing-box/blob/v1.13.21/option/options.go#L21
$.outbounds[] (Outbound){oneOf:8}.udp_fragment,"{""type"":""boolean""}",yes; conditional core requirements still apply,,https://github.com/SagerNet/sing-box/blob/v1.13.21/option/outbound.go#L83
$.outbounds[] (Outbound){oneOf:8}.udp_over_tcp,"{""$ref"":""#/$defs/UDPOverTCPOptions""}",yes; conditional core requirements still apply,,https://github.com/SagerNet/sing-box/blob/v1.13.21/option/shadowsocks.go#L33
$.outbounds[] (Outbound){oneOf:9}.bind_address_no_port,"{""type"":""boolean""}",yes; conditional core requirements still apply,,https://github.com/SagerNet/sing-box/blob/v1.13.21/option/outbound.go#L72
$.outbounds[] (Outbound){oneOf:9}.bind_interface,"{""type"":""string""}",yes; conditional core requirements still apply,,https://github.com/SagerNet/sing-box/blob/v1.13.21/option/outbound.go#L69
$.outbounds[] (Outbound){oneOf:9}.connect_timeout,"{""$ref"":""#/$defs/badoption_Duration""}",yes; conditional core requirements still apply,,https://github.com/SagerNet/sing-box/blob/v1.13.21/option/outbound.go#L77
$.outbounds[] (Outbound){oneOf:9}.detour,"{""type"":""string""}",yes; conditional core requirements still apply,,https://github.com/SagerNet/sing-box/blob/v1.13.21/option/outbound.go#L68
$.outbounds[] (Outbound){oneOf:9}.disable_tcp_keep_alive,"{""type"":""boolean""}",yes; conditional core requirements still apply,,https://github.com/SagerNet/sing-box/blob/v1.13.21/option/outbound.go#L80
$.outbounds[] (Outbound){oneOf:9}.domain_resolver,"{""$ref"":""#/$defs/DomainResolveOptions""}",yes; conditional core requirements still apply,,https://github.com/SagerNet/sing-box/blob/v1.13.21/option/outbound.go#L85
$.outbounds[] (Outbound){oneOf:9}.domain_strategy,"{""$ref"":""#/$defs/DomainStrategy""}",yes; conditional core requirements still apply,Deprecated: migrated to domain resolver,https://github.com/SagerNet/sing-box/blob/v1.13.21/option/outbound.go#L92
$.outbounds[] (Outbound){oneOf:9}.fallback_delay,"{""$ref"":""#/$defs/badoption_Duration""}",yes; conditional core requirements still apply,,https://github.com/SagerNet/sing-box/blob/v1.13.21/option/outbound.go#L89
$.outbounds[] (Outbound){oneOf:9}.fallback_network_type,"{""anyOf"":[{""$ref"":""#/$defs/InterfaceType""},{""items"":{""$ref"":""#/$defs/InterfaceType""},""type"":""array""}]}",yes; conditional core requirements still apply,,https://github.com/SagerNet/sing-box/blob/v1.13.21/option/outbound.go#L88
$.outbounds[] (Outbound){oneOf:9}.inet4_bind_address,"{""type"":""string""}",yes; conditional core requirements still apply,,https://github.com/SagerNet/sing-box/blob/v1.13.21/option/outbound.go#L70
$.outbounds[] (Outbound){oneOf:9}.inet6_bind_address,"{""type"":""string""}",yes; conditional core requirements still apply,,https://github.com/SagerNet/sing-box/blob/v1.13.21/option/outbound.go#L71
$.outbounds[] (Outbound){oneOf:9}.netns,"{""type"":""string""}",yes; conditional core requirements still apply,,https://github.com/SagerNet/sing-box/blob/v1.13.21/option/outbound.go#L76
$.outbounds[] (Outbound){oneOf:9}.network_strategy,"{""$ref"":""#/$defs/NetworkStrategy""}",yes; conditional core requirements still apply,,https://github.com/SagerNet/sing-box/blob/v1.13.21/option/outbound.go#L86
$.outbounds[] (Outbound){oneOf:9}.network_type,"{""anyOf"":[{""$ref"":""#/$defs/InterfaceType""},{""items"":{""$ref"":""#/$defs/InterfaceType""},""type"":""array""}]}",yes; conditional core requirements still apply,,https://github.com/SagerNet/sing-box/blob/v1.13.21/option/outbound.go#L87
$.outbounds[] (Outbound){oneOf:9}.password,"{""type"":""string""}",yes; conditional core requirements still apply,,https://github.com/SagerNet/sing-box/blob/v1.13.21/option/shadowtls.go#L79
$.outbounds[] (Outbound){oneOf:9}.protect_path,"{""type"":""string""}",yes; conditional core requirements still apply,,https://github.com/SagerNet/sing-box/blob/v1.13.21/option/outbound.go#L73
$.outbounds[] (Outbound){oneOf:9}.reuse_addr,"{""type"":""boolean""}",yes; conditional core requirements still apply,,https://github.com/SagerNet/sing-box/blob/v1.13.21/option/outbound.go#L75
$.outbounds[] (Outbound){oneOf:9}.routing_mark,"{""$ref"":""#/$defs/FwMark""}",yes; conditional core requirements still apply,,https://github.com/SagerNet/sing-box/blob/v1.13.21/option/outbound.go#L74
$.outbounds[] (Outbound){oneOf:9}.server,"{""type"":""string""}",yes; conditional core requirements still apply,,https://github.com/SagerNet/sing-box/blob/v1.13.21/option/outbound.go#L149
$.outbounds[] (Outbound){oneOf:9}.server_port,"{""maximum"":65535,""minimum"":0,""type"":""integer""}",yes; conditional core requirements still apply,,https://github.com/SagerNet/sing-box/blob/v1.13.21/option/outbound.go#L150
$.outbounds[] (Outbound){oneOf:9}.tag,"{""type"":""string""}",yes; conditional core requirements still apply,,https://github.com/SagerNet/sing-box/blob/v1.13.21/option/options.go#L21
$.outbounds[] (Outbound){oneOf:9}.tcp_fast_open,"{""type"":""boolean""}",yes; conditional core requirements still apply,,https://github.com/SagerNet/sing-box/blob/v1.13.21/option/outbound.go#L78
$.outbounds[] (Outbound){oneOf:9}.tcp_keep_alive,"{""$ref"":""#/$defs/badoption_Duration""}",yes; conditional core requirements still apply,,https://github.com/SagerNet/sing-box/blob/v1.13.21/option/outbound.go#L81
$.outbounds[] (Outbound){oneOf:9}.tcp_keep_alive_interval,"{""$ref"":""#/$defs/badoption_Duration""}",yes; conditional core requirements still apply,,https://github.com/SagerNet/sing-box/blob/v1.13.21/option/outbound.go#L82
$.outbounds[] (Outbound){oneOf:9}.tcp_multi_path,"{""type"":""boolean""}",yes; conditional core requirements still apply,,https://github.com/SagerNet/sing-box/blob/v1.13.21/option/outbound.go#L79
$.outbounds[] (Outbound){oneOf:9}.tls,"{""$ref"":""#/$defs/OutboundTLSOptions""}",yes; conditional core requirements still apply,,https://github.com/SagerNet/sing-box/blob/v1.13.21/option/tls.go#L125
$.outbounds[] (Outbound){oneOf:9}.type,"{""const"":""shadowtls""}",no in this branch,,https://github.com/SagerNet/sing-box/blob/v1.13.21/option/options.go#L21
$.outbounds[] (Outbound){oneOf:9}.udp_fragment,"{""type"":""boolean""}",yes; conditional core requirements still apply,,https://github.com/SagerNet/sing-box/blob/v1.13.21/option/outbound.go#L83
$.outbounds[] (Outbound){oneOf:9}.version,"{""type"":""integer""}",yes; conditional core requirements still apply,,https://github.com/SagerNet/sing-box/blob/v1.13.21/option/shadowtls.go#L78
$.outbounds[] (Outbound){oneOf:10}.bind_address_no_port,"{""type"":""boolean""}",yes; conditional core requirements still apply,,https://github.com/SagerNet/sing-box/blob/v1.13.21/option/outbound.go#L72
$.outbounds[] (Outbound){oneOf:10}.bind_interface,"{""type"":""string""}",yes; conditional core requirements still apply,,https://github.com/SagerNet/sing-box/blob/v1.13.21/option/outbound.go#L69
$.outbounds[] (Outbound){oneOf:10}.connect_timeout,"{""$ref"":""#/$defs/badoption_Duration""}",yes; conditional core requirements still apply,,https://github.com/SagerNet/sing-box/blob/v1.13.21/option/outbound.go#L77
$.outbounds[] (Outbound){oneOf:10}.detour,"{""type"":""string""}",yes; conditional core requirements still apply,,https://github.com/SagerNet/sing-box/blob/v1.13.21/option/outbound.go#L68
$.outbounds[] (Outbound){oneOf:10}.disable_tcp_keep_alive,"{""type"":""boolean""}",yes; conditional core requirements still apply,,https://github.com/SagerNet/sing-box/blob/v1.13.21/option/outbound.go#L80
$.outbounds[] (Outbound){oneOf:10}.domain_resolver,"{""$ref"":""#/$defs/DomainResolveOptions""}",yes; conditional core requirements still apply,,https://github.com/SagerNet/sing-box/blob/v1.13.21/option/outbound.go#L85
$.outbounds[] (Outbound){oneOf:10}.domain_strategy,"{""$ref"":""#/$defs/DomainStrategy""}",yes; conditional core requirements still apply,Deprecated: migrated to domain resolver,https://github.com/SagerNet/sing-box/blob/v1.13.21/option/outbound.go#L92
$.outbounds[] (Outbound){oneOf:10}.fallback_delay,"{""$ref"":""#/$defs/badoption_Duration""}",yes; conditional core requirements still apply,,https://github.com/SagerNet/sing-box/blob/v1.13.21/option/outbound.go#L89
$.outbounds[] (Outbound){oneOf:10}.fallback_network_type,"{""anyOf"":[{""$ref"":""#/$defs/InterfaceType""},{""items"":{""$ref"":""#/$defs/InterfaceType""},""type"":""array""}]}",yes; conditional core requirements still apply,,https://github.com/SagerNet/sing-box/blob/v1.13.21/option/outbound.go#L88
$.outbounds[] (Outbound){oneOf:10}.inet4_bind_address,"{""type"":""string""}",yes; conditional core requirements still apply,,https://github.com/SagerNet/sing-box/blob/v1.13.21/option/outbound.go#L70
$.outbounds[] (Outbound){oneOf:10}.inet6_bind_address,"{""type"":""string""}",yes; conditional core requirements still apply,,https://github.com/SagerNet/sing-box/blob/v1.13.21/option/outbound.go#L71
$.outbounds[] (Outbound){oneOf:10}.netns,"{""type"":""string""}",yes; conditional core requirements still apply,,https://github.com/SagerNet/sing-box/blob/v1.13.21/option/outbound.go#L76
$.outbounds[] (Outbound){oneOf:10}.network,"{""$ref"":""#/$defs/NetworkList""}",yes; conditional core requirements still apply,,https://github.com/SagerNet/sing-box/blob/v1.13.21/option/simple.go#L28
$.outbounds[] (Outbound){oneOf:10}.network_strategy,"{""$ref"":""#/$defs/NetworkStrategy""}",yes; conditional core requirements still apply,,https://github.com/SagerNet/sing-box/blob/v1.13.21/option/outbound.go#L86
$.outbounds[] (Outbound){oneOf:10}.network_type,"{""anyOf"":[{""$ref"":""#/$defs/InterfaceType""},{""items"":{""$ref"":""#/$defs/InterfaceType""},""type"":""array""}]}",yes; conditional core requirements still apply,,https://github.com/SagerNet/sing-box/blob/v1.13.21/option/outbound.go#L87
$.outbounds[] (Outbound){oneOf:10}.password,"{""type"":""string""}",yes; conditional core requirements still apply,,https://github.com/SagerNet/sing-box/blob/v1.13.21/option/simple.go#L27
$.outbounds[] (Outbound){oneOf:10}.protect_path,"{""type"":""string""}",yes; conditional core requirements still apply,,https://github.com/SagerNet/sing-box/blob/v1.13.21/option/outbound.go#L73
$.outbounds[] (Outbound){oneOf:10}.reuse_addr,"{""type"":""boolean""}",yes; conditional core requirements still apply,,https://github.com/SagerNet/sing-box/blob/v1.13.21/option/outbound.go#L75
$.outbounds[] (Outbound){oneOf:10}.routing_mark,"{""$ref"":""#/$defs/FwMark""}",yes; conditional core requirements still apply,,https://github.com/SagerNet/sing-box/blob/v1.13.21/option/outbound.go#L74
$.outbounds[] (Outbound){oneOf:10}.server,"{""type"":""string""}",yes; conditional core requirements still apply,,https://github.com/SagerNet/sing-box/blob/v1.13.21/option/outbound.go#L149
$.outbounds[] (Outbound){oneOf:10}.server_port,"{""maximum"":65535,""minimum"":0,""type"":""integer""}",yes; conditional core requirements still apply,,https://github.com/SagerNet/sing-box/blob/v1.13.21/option/outbound.go#L150
$.outbounds[] (Outbound){oneOf:10}.tag,"{""type"":""string""}",yes; conditional core requirements still apply,,https://github.com/SagerNet/sing-box/blob/v1.13.21/option/options.go#L21
$.outbounds[] (Outbound){oneOf:10}.tcp_fast_open,"{""type"":""boolean""}",yes; conditional core requirements still apply,,https://github.com/SagerNet/sing-box/blob/v1.13.21/option/outbound.go#L78
$.outbounds[] (Outbound){oneOf:10}.tcp_keep_alive,"{""$ref"":""#/$defs/badoption_Duration""}",yes; conditional core requirements still apply,,https://github.com/SagerNet/sing-box/blob/v1.13.21/option/outbound.go#L81
$.outbounds[] (Outbound){oneOf:10}.tcp_keep_alive_interval,"{""$ref"":""#/$defs/badoption_Duration""}",yes; conditional core requirements still apply,,https://github.com/SagerNet/sing-box/blob/v1.13.21/option/outbound.go#L82
$.outbounds[] (Outbound){oneOf:10}.tcp_multi_path,"{""type"":""boolean""}",yes; conditional core requirements still apply,,https://github.com/SagerNet/sing-box/blob/v1.13.21/option/outbound.go#L79
$.outbounds[] (Outbound){oneOf:10}.type,"{""const"":""socks""}",no in this branch,,https://github.com/SagerNet/sing-box/blob/v1.13.21/option/options.go#L21
$.outbounds[] (Outbound){oneOf:10}.udp_fragment,"{""type"":""boolean""}",yes; conditional core requirements still apply,,https://github.com/SagerNet/sing-box/blob/v1.13.21/option/outbound.go#L83
$.outbounds[] (Outbound){oneOf:10}.udp_over_tcp,"{""$ref"":""#/$defs/UDPOverTCPOptions""}",yes; conditional core requirements still apply,,https://github.com/SagerNet/sing-box/blob/v1.13.21/option/simple.go#L29
$.outbounds[] (Outbound){oneOf:10}.username,"{""type"":""string""}",yes; conditional core requirements still apply,,https://github.com/SagerNet/sing-box/blob/v1.13.21/option/simple.go#L26
$.outbounds[] (Outbound){oneOf:10}.version,"{""enum"":["""",""4"",""4a"",""5""],""type"":""string""}",yes; conditional core requirements still apply,,https://github.com/SagerNet/sing-box/blob/v1.13.21/option/simple.go#L25
$.outbounds[] (Outbound){oneOf:11}.bind_address_no_port,"{""type"":""boolean""}",yes; conditional core requirements still apply,,https://github.com/SagerNet/sing-box/blob/v1.13.21/option/outbound.go#L72
$.outbounds[] (Outbound){oneOf:11}.bind_interface,"{""type"":""string""}",yes; conditional core requirements still apply,,https://github.com/SagerNet/sing-box/blob/v1.13.21/option/outbound.go#L69
$.outbounds[] (Outbound){oneOf:11}.client_version,"{""type"":""string""}",yes; conditional core requirements still apply,,https://github.com/SagerNet/sing-box/blob/v1.13.21/option/ssh.go#L15
$.outbounds[] (Outbound){oneOf:11}.connect_timeout,"{""$ref"":""#/$defs/badoption_Duration""}",yes; conditional core requirements still apply,,https://github.com/SagerNet/sing-box/blob/v1.13.21/option/outbound.go#L77
$.outbounds[] (Outbound){oneOf:11}.detour,"{""type"":""string""}",yes; conditional core requirements still apply,,https://github.com/SagerNet/sing-box/blob/v1.13.21/option/outbound.go#L68
$.outbounds[] (Outbound){oneOf:11}.disable_tcp_keep_alive,"{""type"":""boolean""}",yes; conditional core requirements still apply,,https://github.com/SagerNet/sing-box/blob/v1.13.21/option/outbound.go#L80
$.outbounds[] (Outbound){oneOf:11}.domain_resolver,"{""$ref"":""#/$defs/DomainResolveOptions""}",yes; conditional core requirements still apply,,https://github.com/SagerNet/sing-box/blob/v1.13.21/option/outbound.go#L85
$.outbounds[] (Outbound){oneOf:11}.domain_strategy,"{""$ref"":""#/$defs/DomainStrategy""}",yes; conditional core requirements still apply,Deprecated: migrated to domain resolver,https://github.com/SagerNet/sing-box/blob/v1.13.21/option/outbound.go#L92
$.outbounds[] (Outbound){oneOf:11}.fallback_delay,"{""$ref"":""#/$defs/badoption_Duration""}",yes; conditional core requirements still apply,,https://github.com/SagerNet/sing-box/blob/v1.13.21/option/outbound.go#L89
$.outbounds[] (Outbound){oneOf:11}.fallback_network_type,"{""anyOf"":[{""$ref"":""#/$defs/InterfaceType""},{""items"":{""$ref"":""#/$defs/InterfaceType""},""type"":""array""}]}",yes; conditional core requirements still apply,,https://github.com/SagerNet/sing-box/blob/v1.13.21/option/outbound.go#L88
$.outbounds[] (Outbound){oneOf:11}.host_key,"{""anyOf"":[{""type"":""string""},{""items"":{""type"":""string""},""type"":""array""}]}",yes; conditional core requirements still apply,,https://github.com/SagerNet/sing-box/blob/v1.13.21/option/ssh.go#L13
$.outbounds[] (Outbound){oneOf:11}.host_key_algorithms,"{""anyOf"":[{""type"":""string""},{""items"":{""type"":""string""},""type"":""array""}]}",yes; conditional core requirements still apply,,https://github.com/SagerNet/sing-box/blob/v1.13.21/option/ssh.go#L14
$.outbounds[] (Outbound){oneOf:11}.inet4_bind_address,"{""type"":""string""}",yes; conditional core requirements still apply,,https://github.com/SagerNet/sing-box/blob/v1.13.21/option/outbound.go#L70
$.outbounds[] (Outbound){oneOf:11}.inet6_bind_address,"{""type"":""string""}",yes; conditional core requirements still apply,,https://github.com/SagerNet/sing-box/blob/v1.13.21/option/outbound.go#L71
$.outbounds[] (Outbound){oneOf:11}.netns,"{""type"":""string""}",yes; conditional core requirements still apply,,https://github.com/SagerNet/sing-box/blob/v1.13.21/option/outbound.go#L76
$.outbounds[] (Outbound){oneOf:11}.network_strategy,"{""$ref"":""#/$defs/NetworkStrategy""}",yes; conditional core requirements still apply,,https://github.com/SagerNet/sing-box/blob/v1.13.21/option/outbound.go#L86
$.outbounds[] (Outbound){oneOf:11}.network_type,"{""anyOf"":[{""$ref"":""#/$defs/InterfaceType""},{""items"":{""$ref"":""#/$defs/InterfaceType""},""type"":""array""}]}",yes; conditional core requirements still apply,,https://github.com/SagerNet/sing-box/blob/v1.13.21/option/outbound.go#L87
$.outbounds[] (Outbound){oneOf:11}.password,"{""type"":""string""}",yes; conditional core requirements still apply,,https://github.com/SagerNet/sing-box/blob/v1.13.21/option/ssh.go#L9
$.outbounds[] (Outbound){oneOf:11}.private_key,"{""anyOf"":[{""type"":""string""},{""items"":{""type"":""string""},""type"":""array""}]}",yes; conditional core requirements still apply,,https://github.com/SagerNet/sing-box/blob/v1.13.21/option/ssh.go#L10
$.outbounds[] (Outbound){oneOf:11}.private_key_passphrase,"{""type"":""string""}",yes; conditional core requirements still apply,,https://github.com/SagerNet/sing-box/blob/v1.13.21/option/ssh.go#L12
$.outbounds[] (Outbound){oneOf:11}.private_key_path,"{""type"":""string""}",yes; conditional core requirements still apply,,https://github.com/SagerNet/sing-box/blob/v1.13.21/option/ssh.go#L11
$.outbounds[] (Outbound){oneOf:11}.protect_path,"{""type"":""string""}",yes; conditional core requirements still apply,,https://github.com/SagerNet/sing-box/blob/v1.13.21/option/outbound.go#L73
$.outbounds[] (Outbound){oneOf:11}.reuse_addr,"{""type"":""boolean""}",yes; conditional core requirements still apply,,https://github.com/SagerNet/sing-box/blob/v1.13.21/option/outbound.go#L75
$.outbounds[] (Outbound){oneOf:11}.routing_mark,"{""$ref"":""#/$defs/FwMark""}",yes; conditional core requirements still apply,,https://github.com/SagerNet/sing-box/blob/v1.13.21/option/outbound.go#L74
$.outbounds[] (Outbound){oneOf:11}.server,"{""type"":""string""}",yes; conditional core requirements still apply,,https://github.com/SagerNet/sing-box/blob/v1.13.21/option/outbound.go#L149
$.outbounds[] (Outbound){oneOf:11}.server_port,"{""maximum"":65535,""minimum"":0,""type"":""integer""}",yes; conditional core requirements still apply,,https://github.com/SagerNet/sing-box/blob/v1.13.21/option/outbound.go#L150
$.outbounds[] (Outbound){oneOf:11}.tag,"{""type"":""string""}",yes; conditional core requirements still apply,,https://github.com/SagerNet/sing-box/blob/v1.13.21/option/options.go#L21
$.outbounds[] (Outbound){oneOf:11}.tcp_fast_open,"{""type"":""boolean""}",yes; conditional core requirements still apply,,https://github.com/SagerNet/sing-box/blob/v1.13.21/option/outbound.go#L78
$.outbounds[] (Outbound){oneOf:11}.tcp_keep_alive,"{""$ref"":""#/$defs/badoption_Duration""}",yes; conditional core requirements still apply,,https://github.com/SagerNet/sing-box/blob/v1.13.21/option/outbound.go#L81
$.outbounds[] (Outbound){oneOf:11}.tcp_keep_alive_interval,"{""$ref"":""#/$defs/badoption_Duration""}",yes; conditional core requirements still apply,,https://github.com/SagerNet/sing-box/blob/v1.13.21/option/outbound.go#L82
$.outbounds[] (Outbound){oneOf:11}.tcp_multi_path,"{""type"":""boolean""}",yes; conditional core requirements still apply,,https://github.com/SagerNet/sing-box/blob/v1.13.21/option/outbound.go#L79
$.outbounds[] (Outbound){oneOf:11}.type,"{""const"":""ssh""}",no in this branch,,https://github.com/SagerNet/sing-box/blob/v1.13.21/option/options.go#L21
$.outbounds[] (Outbound){oneOf:11}.udp_fragment,"{""type"":""boolean""}",yes; conditional core requirements still apply,,https://github.com/SagerNet/sing-box/blob/v1.13.21/option/outbound.go#L83
$.outbounds[] (Outbound){oneOf:11}.user,"{""type"":""string""}",yes; conditional core requirements still apply,,https://github.com/SagerNet/sing-box/blob/v1.13.21/option/ssh.go#L8
$.outbounds[] (Outbound){oneOf:12}.bind_address_no_port,"{""type"":""boolean""}",yes; conditional core requirements still apply,,https://github.com/SagerNet/sing-box/blob/v1.13.21/option/outbound.go#L72
$.outbounds[] (Outbound){oneOf:12}.bind_interface,"{""type"":""string""}",yes; conditional core requirements still apply,,https://github.com/SagerNet/sing-box/blob/v1.13.21/option/outbound.go#L69
$.outbounds[] (Outbound){oneOf:12}.connect_timeout,"{""$ref"":""#/$defs/badoption_Duration""}",yes; conditional core requirements still apply,,https://github.com/SagerNet/sing-box/blob/v1.13.21/option/outbound.go#L77
$.outbounds[] (Outbound){oneOf:12}.data_directory,"{""type"":""string""}",yes; conditional core requirements still apply,,https://github.com/SagerNet/sing-box/blob/v1.13.21/option/tor.go#L7
$.outbounds[] (Outbound){oneOf:12}.detour,"{""type"":""string""}",yes; conditional core requirements still apply,,https://github.com/SagerNet/sing-box/blob/v1.13.21/option/outbound.go#L68
$.outbounds[] (Outbound){oneOf:12}.disable_tcp_keep_alive,"{""type"":""boolean""}",yes; conditional core requirements still apply,,https://github.com/SagerNet/sing-box/blob/v1.13.21/option/outbound.go#L80
$.outbounds[] (Outbound){oneOf:12}.domain_resolver,"{""$ref"":""#/$defs/DomainResolveOptions""}",yes; conditional core requirements still apply,,https://github.com/SagerNet/sing-box/blob/v1.13.21/option/outbound.go#L85
$.outbounds[] (Outbound){oneOf:12}.domain_strategy,"{""$ref"":""#/$defs/DomainStrategy""}",yes; conditional core requirements still apply,Deprecated: migrated to domain resolver,https://github.com/SagerNet/sing-box/blob/v1.13.21/option/outbound.go#L92
$.outbounds[] (Outbound){oneOf:12}.executable_path,"{""type"":""string""}",yes; conditional core requirements still apply,,https://github.com/SagerNet/sing-box/blob/v1.13.21/option/tor.go#L5
$.outbounds[] (Outbound){oneOf:12}.extra_args,"{""items"":{""type"":""string""},""type"":""array""}",yes; conditional core requirements still apply,,https://github.com/SagerNet/sing-box/blob/v1.13.21/option/tor.go#L6
$.outbounds[] (Outbound){oneOf:12}.fallback_delay,"{""$ref"":""#/$defs/badoption_Duration""}",yes; conditional core requirements still apply,,https://github.com/SagerNet/sing-box/blob/v1.13.21/option/outbound.go#L89
$.outbounds[] (Outbound){oneOf:12}.fallback_network_type,"{""anyOf"":[{""$ref"":""#/$defs/InterfaceType""},{""items"":{""$ref"":""#/$defs/InterfaceType""},""type"":""array""}]}",yes; conditional core requirements still apply,,https://github.com/SagerNet/sing-box/blob/v1.13.21/option/outbound.go#L88
$.outbounds[] (Outbound){oneOf:12}.inet4_bind_address,"{""type"":""string""}",yes; conditional core requirements still apply,,https://github.com/SagerNet/sing-box/blob/v1.13.21/option/outbound.go#L70
$.outbounds[] (Outbound){oneOf:12}.inet6_bind_address,"{""type"":""string""}",yes; conditional core requirements still apply,,https://github.com/SagerNet/sing-box/blob/v1.13.21/option/outbound.go#L71
$.outbounds[] (Outbound){oneOf:12}.netns,"{""type"":""string""}",yes; conditional core requirements still apply,,https://github.com/SagerNet/sing-box/blob/v1.13.21/option/outbound.go#L76
$.outbounds[] (Outbound){oneOf:12}.network_strategy,"{""$ref"":""#/$defs/NetworkStrategy""}",yes; conditional core requirements still apply,,https://github.com/SagerNet/sing-box/blob/v1.13.21/option/outbound.go#L86
$.outbounds[] (Outbound){oneOf:12}.network_type,"{""anyOf"":[{""$ref"":""#/$defs/InterfaceType""},{""items"":{""$ref"":""#/$defs/InterfaceType""},""type"":""array""}]}",yes; conditional core requirements still apply,,https://github.com/SagerNet/sing-box/blob/v1.13.21/option/outbound.go#L87
$.outbounds[] (Outbound){oneOf:12}.protect_path,"{""type"":""string""}",yes; conditional core requirements still apply,,https://github.com/SagerNet/sing-box/blob/v1.13.21/option/outbound.go#L73
$.outbounds[] (Outbound){oneOf:12}.reuse_addr,"{""type"":""boolean""}",yes; conditional core requirements still apply,,https://github.com/SagerNet/sing-box/blob/v1.13.21/option/outbound.go#L75
$.outbounds[] (Outbound){oneOf:12}.routing_mark,"{""$ref"":""#/$defs/FwMark""}",yes; conditional core requirements still apply,,https://github.com/SagerNet/sing-box/blob/v1.13.21/option/outbound.go#L74
$.outbounds[] (Outbound){oneOf:12}.tag,"{""type"":""string""}",yes; conditional core requirements still apply,,https://github.com/SagerNet/sing-box/blob/v1.13.21/option/options.go#L21
$.outbounds[] (Outbound){oneOf:12}.tcp_fast_open,"{""type"":""boolean""}",yes; conditional core requirements still apply,,https://github.com/SagerNet/sing-box/blob/v1.13.21/option/outbound.go#L78
$.outbounds[] (Outbound){oneOf:12}.tcp_keep_alive,"{""$ref"":""#/$defs/badoption_Duration""}",yes; conditional core requirements still apply,,https://github.com/SagerNet/sing-box/blob/v1.13.21/option/outbound.go#L81
$.outbounds[] (Outbound){oneOf:12}.tcp_keep_alive_interval,"{""$ref"":""#/$defs/badoption_Duration""}",yes; conditional core requirements still apply,,https://github.com/SagerNet/sing-box/blob/v1.13.21/option/outbound.go#L82
$.outbounds[] (Outbound){oneOf:12}.tcp_multi_path,"{""type"":""boolean""}",yes; conditional core requirements still apply,,https://github.com/SagerNet/sing-box/blob/v1.13.21/option/outbound.go#L79
$.outbounds[] (Outbound){oneOf:12}.torrc,"{""additionalProperties"":{""type"":""string""},""type"":""object""}",yes; conditional core requirements still apply,,https://github.com/SagerNet/sing-box/blob/v1.13.21/option/tor.go#L8
$.outbounds[] (Outbound){oneOf:12}.type,"{""const"":""tor""}",no in this branch,,https://github.com/SagerNet/sing-box/blob/v1.13.21/option/options.go#L21
$.outbounds[] (Outbound){oneOf:12}.udp_fragment,"{""type"":""boolean""}",yes; conditional core requirements still apply,,https://github.com/SagerNet/sing-box/blob/v1.13.21/option/outbound.go#L83
$.outbounds[] (Outbound){oneOf:13}.bind_address_no_port,"{""type"":""boolean""}",yes; conditional core requirements still apply,,https://github.com/SagerNet/sing-box/blob/v1.13.21/option/outbound.go#L72
$.outbounds[] (Outbound){oneOf:13}.bind_interface,"{""type"":""string""}",yes; conditional core requirements still apply,,https://github.com/SagerNet/sing-box/blob/v1.13.21/option/outbound.go#L69
$.outbounds[] (Outbound){oneOf:13}.connect_timeout,"{""$ref"":""#/$defs/badoption_Duration""}",yes; conditional core requirements still apply,,https://github.com/SagerNet/sing-box/blob/v1.13.21/option/outbound.go#L77
$.outbounds[] (Outbound){oneOf:13}.detour,"{""type"":""string""}",yes; conditional core requirements still apply,,https://github.com/SagerNet/sing-box/blob/v1.13.21/option/outbound.go#L68
$.outbounds[] (Outbound){oneOf:13}.disable_tcp_keep_alive,"{""type"":""boolean""}",yes; conditional core requirements still apply,,https://github.com/SagerNet/sing-box/blob/v1.13.21/option/outbound.go#L80
$.outbounds[] (Outbound){oneOf:13}.domain_resolver,"{""$ref"":""#/$defs/DomainResolveOptions""}",yes; conditional core requirements still apply,,https://github.com/SagerNet/sing-box/blob/v1.13.21/option/outbound.go#L85
$.outbounds[] (Outbound){oneOf:13}.domain_strategy,"{""$ref"":""#/$defs/DomainStrategy""}",yes; conditional core requirements still apply,Deprecated: migrated to domain resolver,https://github.com/SagerNet/sing-box/blob/v1.13.21/option/outbound.go#L92
$.outbounds[] (Outbound){oneOf:13}.fallback_delay,"{""$ref"":""#/$defs/badoption_Duration""}",yes; conditional core requirements still apply,,https://github.com/SagerNet/sing-box/blob/v1.13.21/option/outbound.go#L89
$.outbounds[] (Outbound){oneOf:13}.fallback_network_type,"{""anyOf"":[{""$ref"":""#/$defs/InterfaceType""},{""items"":{""$ref"":""#/$defs/InterfaceType""},""type"":""array""}]}",yes; conditional core requirements still apply,,https://github.com/SagerNet/sing-box/blob/v1.13.21/option/outbound.go#L88
$.outbounds[] (Outbound){oneOf:13}.inet4_bind_address,"{""type"":""string""}",yes; conditional core requirements still apply,,https://github.com/SagerNet/sing-box/blob/v1.13.21/option/outbound.go#L70
$.outbounds[] (Outbound){oneOf:13}.inet6_bind_address,"{""type"":""string""}",yes; conditional core requirements still apply,,https://github.com/SagerNet/sing-box/blob/v1.13.21/option/outbound.go#L71
$.outbounds[] (Outbound){oneOf:13}.multiplex,"{""$ref"":""#/$defs/OutboundMultiplexOptions""}",yes; conditional core requirements still apply,,https://github.com/SagerNet/sing-box/blob/v1.13.21/option/trojan.go#L24
$.outbounds[] (Outbound){oneOf:13}.netns,"{""type"":""string""}",yes; conditional core requirements still apply,,https://github.com/SagerNet/sing-box/blob/v1.13.21/option/outbound.go#L76
$.outbounds[] (Outbound){oneOf:13}.network,"{""$ref"":""#/$defs/NetworkList""}",yes; conditional core requirements still apply,,https://github.com/SagerNet/sing-box/blob/v1.13.21/option/trojan.go#L22
$.outbounds[] (Outbound){oneOf:13}.network_strategy,"{""$ref"":""#/$defs/NetworkStrategy""}",yes; conditional core requirements still apply,,https://github.com/SagerNet/sing-box/blob/v1.13.21/option/outbound.go#L86
$.outbounds[] (Outbound){oneOf:13}.network_type,"{""anyOf"":[{""$ref"":""#/$defs/InterfaceType""},{""items"":{""$ref"":""#/$defs/InterfaceType""},""type"":""array""}]}",yes; conditional core requirements still apply,,https://github.com/SagerNet/sing-box/blob/v1.13.21/option/outbound.go#L87
$.outbounds[] (Outbound){oneOf:13}.password,"{""type"":""string""}",yes; conditional core requirements still apply,,https://github.com/SagerNet/sing-box/blob/v1.13.21/option/trojan.go#L21
$.outbounds[] (Outbound){oneOf:13}.protect_path,"{""type"":""string""}",yes; conditional core requirements still apply,,https://github.com/SagerNet/sing-box/blob/v1.13.21/option/outbound.go#L73
$.outbounds[] (Outbound){oneOf:13}.reuse_addr,"{""type"":""boolean""}",yes; conditional core requirements still apply,,https://github.com/SagerNet/sing-box/blob/v1.13.21/option/outbound.go#L75
$.outbounds[] (Outbound){oneOf:13}.routing_mark,"{""$ref"":""#/$defs/FwMark""}",yes; conditional core requirements still apply,,https://github.com/SagerNet/sing-box/blob/v1.13.21/option/outbound.go#L74
$.outbounds[] (Outbound){oneOf:13}.server,"{""type"":""string""}",yes; conditional core requirements still apply,,https://github.com/SagerNet/sing-box/blob/v1.13.21/option/outbound.go#L149
$.outbounds[] (Outbound){oneOf:13}.server_port,"{""maximum"":65535,""minimum"":0,""type"":""integer""}",yes; conditional core requirements still apply,,https://github.com/SagerNet/sing-box/blob/v1.13.21/option/outbound.go#L150
$.outbounds[] (Outbound){oneOf:13}.tag,"{""type"":""string""}",yes; conditional core requirements still apply,,https://github.com/SagerNet/sing-box/blob/v1.13.21/option/options.go#L21
$.outbounds[] (Outbound){oneOf:13}.tcp_fast_open,"{""type"":""boolean""}",yes; conditional core requirements still apply,,https://github.com/SagerNet/sing-box/blob/v1.13.21/option/outbound.go#L78
$.outbounds[] (Outbound){oneOf:13}.tcp_keep_alive,"{""$ref"":""#/$defs/badoption_Duration""}",yes; conditional core requirements still apply,,https://github.com/SagerNet/sing-box/blob/v1.13.21/option/outbound.go#L81
$.outbounds[] (Outbound){oneOf:13}.tcp_keep_alive_interval,"{""$ref"":""#/$defs/badoption_Duration""}",yes; conditional core requirements still apply,,https://github.com/SagerNet/sing-box/blob/v1.13.21/option/outbound.go#L82
$.outbounds[] (Outbound){oneOf:13}.tcp_multi_path,"{""type"":""boolean""}",yes; conditional core requirements still apply,,https://github.com/SagerNet/sing-box/blob/v1.13.21/option/outbound.go#L79
$.outbounds[] (Outbound){oneOf:13}.tls,"{""$ref"":""#/$defs/OutboundTLSOptions""}",yes; conditional core requirements still apply,,https://github.com/SagerNet/sing-box/blob/v1.13.21/option/tls.go#L125
$.outbounds[] (Outbound){oneOf:13}.transport,"{""$ref"":""#/$defs/V2RayTransportOptions""}",yes; conditional core requirements still apply,,https://github.com/SagerNet/sing-box/blob/v1.13.21/option/trojan.go#L25
$.outbounds[] (Outbound){oneOf:13}.type,"{""const"":""trojan""}",no in this branch,,https://github.com/SagerNet/sing-box/blob/v1.13.21/option/options.go#L21
$.outbounds[] (Outbound){oneOf:13}.udp_fragment,"{""type"":""boolean""}",yes; conditional core requirements still apply,,https://github.com/SagerNet/sing-box/blob/v1.13.21/option/outbound.go#L83
$.outbounds[] (Outbound){oneOf:14}.bind_address_no_port,"{""type"":""boolean""}",yes; conditional core requirements still apply,,https://github.com/SagerNet/sing-box/blob/v1.13.21/option/outbound.go#L72
$.outbounds[] (Outbound){oneOf:14}.bind_interface,"{""type"":""string""}",yes; conditional core requirements still apply,,https://github.com/SagerNet/sing-box/blob/v1.13.21/option/outbound.go#L69
$.outbounds[] (Outbound){oneOf:14}.congestion_control,"{""enum"":["""",""cubic"",""new_reno"",""bbr""],""type"":""string""}",yes; conditional core requirements still apply,,https://github.com/SagerNet/sing-box/blob/v1.13.21/option/tuic.go#L26
$.outbounds[] (Outbound){oneOf:14}.connect_timeout,"{""$ref"":""#/$defs/badoption_Duration""}",yes; conditional core requirements still apply,,https://github.com/SagerNet/sing-box/blob/v1.13.21/option/outbound.go#L77
$.outbounds[] (Outbound){oneOf:14}.detour,"{""type"":""string""}",yes; conditional core requirements still apply,,https://github.com/SagerNet/sing-box/blob/v1.13.21/option/outbound.go#L68
$.outbounds[] (Outbound){oneOf:14}.disable_tcp_keep_alive,"{""type"":""boolean""}",yes; conditional core requirements still apply,,https://github.com/SagerNet/sing-box/blob/v1.13.21/option/outbound.go#L80
$.outbounds[] (Outbound){oneOf:14}.domain_resolver,"{""$ref"":""#/$defs/DomainResolveOptions""}",yes; conditional core requirements still apply,,https://github.com/SagerNet/sing-box/blob/v1.13.21/option/outbound.go#L85
$.outbounds[] (Outbound){oneOf:14}.domain_strategy,"{""$ref"":""#/$defs/DomainStrategy""}",yes; conditional core requirements still apply,Deprecated: migrated to domain resolver,https://github.com/SagerNet/sing-box/blob/v1.13.21/option/outbound.go#L92
$.outbounds[] (Outbound){oneOf:14}.fallback_delay,"{""$ref"":""#/$defs/badoption_Duration""}",yes; conditional core requirements still apply,,https://github.com/SagerNet/sing-box/blob/v1.13.21/option/outbound.go#L89
$.outbounds[] (Outbound){oneOf:14}.fallback_network_type,"{""anyOf"":[{""$ref"":""#/$defs/InterfaceType""},{""items"":{""$ref"":""#/$defs/InterfaceType""},""type"":""array""}]}",yes; conditional core requirements still apply,,https://github.com/SagerNet/sing-box/blob/v1.13.21/option/outbound.go#L88
$.outbounds[] (Outbound){oneOf:14}.heartbeat,"{""$ref"":""#/$defs/badoption_Duration""}",yes; conditional core requirements still apply,,https://github.com/SagerNet/sing-box/blob/v1.13.21/option/tuic.go#L30
$.outbounds[] (Outbound){oneOf:14}.inet4_bind_address,"{""type"":""string""}",yes; conditional core requirements still apply,,https://github.com/SagerNet/sing-box/blob/v1.13.21/option/outbound.go#L70
$.outbounds[] (Outbound){oneOf:14}.inet6_bind_address,"{""type"":""string""}",yes; conditional core requirements still apply,,https://github.com/SagerNet/sing-box/blob/v1.13.21/option/outbound.go#L71
$.outbounds[] (Outbound){oneOf:14}.netns,"{""type"":""string""}",yes; conditional core requirements still apply,,https://github.com/SagerNet/sing-box/blob/v1.13.21/option/outbound.go#L76
$.outbounds[] (Outbound){oneOf:14}.network,"{""$ref"":""#/$defs/NetworkList""}",yes; conditional core requirements still apply,,https://github.com/SagerNet/sing-box/blob/v1.13.21/option/tuic.go#L31
$.outbounds[] (Outbound){oneOf:14}.network_strategy,"{""$ref"":""#/$defs/NetworkStrategy""}",yes; conditional core requirements still apply,,https://github.com/SagerNet/sing-box/blob/v1.13.21/option/outbound.go#L86
$.outbounds[] (Outbound){oneOf:14}.network_type,"{""anyOf"":[{""$ref"":""#/$defs/InterfaceType""},{""items"":{""$ref"":""#/$defs/InterfaceType""},""type"":""array""}]}",yes; conditional core requirements still apply,,https://github.com/SagerNet/sing-box/blob/v1.13.21/option/outbound.go#L87
$.outbounds[] (Outbound){oneOf:14}.password,"{""type"":""string""}",yes; conditional core requirements still apply,,https://github.com/SagerNet/sing-box/blob/v1.13.21/option/tuic.go#L25
$.outbounds[] (Outbound){oneOf:14}.protect_path,"{""type"":""string""}",yes; conditional core requirements still apply,,https://github.com/SagerNet/sing-box/blob/v1.13.21/option/outbound.go#L73
$.outbounds[] (Outbound){oneOf:14}.reuse_addr,"{""type"":""boolean""}",yes; conditional core requirements still apply,,https://github.com/SagerNet/sing-box/blob/v1.13.21/option/outbound.go#L75
$.outbounds[] (Outbound){oneOf:14}.routing_mark,"{""$ref"":""#/$defs/FwMark""}",yes; conditional core requirements still apply,,https://github.com/SagerNet/sing-box/blob/v1.13.21/option/outbound.go#L74
$.outbounds[] (Outbound){oneOf:14}.server,"{""type"":""string""}",yes; conditional core requirements still apply,,https://github.com/SagerNet/sing-box/blob/v1.13.21/option/outbound.go#L149
$.outbounds[] (Outbound){oneOf:14}.server_port,"{""maximum"":65535,""minimum"":0,""type"":""integer""}",yes; conditional core requirements still apply,,https://github.com/SagerNet/sing-box/blob/v1.13.21/option/outbound.go#L150
$.outbounds[] (Outbound){oneOf:14}.tag,"{""type"":""string""}",yes; conditional core requirements still apply,,https://github.com/SagerNet/sing-box/blob/v1.13.21/option/options.go#L21
$.outbounds[] (Outbound){oneOf:14}.tcp_fast_open,"{""type"":""boolean""}",yes; conditional core requirements still apply,,https://github.com/SagerNet/sing-box/blob/v1.13.21/option/outbound.go#L78
$.outbounds[] (Outbound){oneOf:14}.tcp_keep_alive,"{""$ref"":""#/$defs/badoption_Duration""}",yes; conditional core requirements still apply,,https://github.com/SagerNet/sing-box/blob/v1.13.21/option/outbound.go#L81
$.outbounds[] (Outbound){oneOf:14}.tcp_keep_alive_interval,"{""$ref"":""#/$defs/badoption_Duration""}",yes; conditional core requirements still apply,,https://github.com/SagerNet/sing-box/blob/v1.13.21/option/outbound.go#L82
$.outbounds[] (Outbound){oneOf:14}.tcp_multi_path,"{""type"":""boolean""}",yes; conditional core requirements still apply,,https://github.com/SagerNet/sing-box/blob/v1.13.21/option/outbound.go#L79
$.outbounds[] (Outbound){oneOf:14}.tls,"{""$ref"":""#/$defs/OutboundTLSOptions""}",yes; conditional core requirements still apply,,https://github.com/SagerNet/sing-box/blob/v1.13.21/option/tls.go#L125
$.outbounds[] (Outbound){oneOf:14}.type,"{""const"":""tuic""}",no in this branch,,https://github.com/SagerNet/sing-box/blob/v1.13.21/option/options.go#L21
$.outbounds[] (Outbound){oneOf:14}.udp_fragment,"{""type"":""boolean""}",yes; conditional core requirements still apply,,https://github.com/SagerNet/sing-box/blob/v1.13.21/option/outbound.go#L83
$.outbounds[] (Outbound){oneOf:14}.udp_over_stream,"{""type"":""boolean""}",yes; conditional core requirements still apply,,https://github.com/SagerNet/sing-box/blob/v1.13.21/option/tuic.go#L28
$.outbounds[] (Outbound){oneOf:14}.udp_relay_mode,"{""enum"":["""",""native"",""quic""],""type"":""string""}",yes; conditional core requirements still apply,,https://github.com/SagerNet/sing-box/blob/v1.13.21/option/tuic.go#L27
$.outbounds[] (Outbound){oneOf:14}.uuid,"{""type"":""string""}",yes; conditional core requirements still apply,,https://github.com/SagerNet/sing-box/blob/v1.13.21/option/tuic.go#L24
$.outbounds[] (Outbound){oneOf:14}.zero_rtt_handshake,"{""type"":""boolean""}",yes; conditional core requirements still apply,,https://github.com/SagerNet/sing-box/blob/v1.13.21/option/tuic.go#L29
$.outbounds[] (Outbound){oneOf:15}.idle_timeout,"{""$ref"":""#/$defs/badoption_Duration""}",yes; conditional core requirements still apply,,https://github.com/SagerNet/sing-box/blob/v1.13.21/option/group.go#L16
$.outbounds[] (Outbound){oneOf:15}.interrupt_exist_connections,"{""type"":""boolean""}",yes; conditional core requirements still apply,,https://github.com/SagerNet/sing-box/blob/v1.13.21/option/group.go#L17
$.outbounds[] (Outbound){oneOf:15}.interval,"{""$ref"":""#/$defs/badoption_Duration""}",yes; conditional core requirements still apply,,https://github.com/SagerNet/sing-box/blob/v1.13.21/option/group.go#L14
$.outbounds[] (Outbound){oneOf:15}.outbounds,"{""items"":{""type"":""string""},""type"":""array""}",yes; conditional core requirements still apply,,https://github.com/SagerNet/sing-box/blob/v1.13.21/option/group.go#L12
$.outbounds[] (Outbound){oneOf:15}.tag,"{""type"":""string""}",yes; conditional core requirements still apply,,https://github.com/SagerNet/sing-box/blob/v1.13.21/option/options.go#L21
$.outbounds[] (Outbound){oneOf:15}.tolerance,"{""maximum"":65535,""minimum"":0,""type"":""integer""}",yes; conditional core requirements still apply,,https://github.com/SagerNet/sing-box/blob/v1.13.21/option/group.go#L15
$.outbounds[] (Outbound){oneOf:15}.type,"{""const"":""urltest""}",no in this branch,,https://github.com/SagerNet/sing-box/blob/v1.13.21/option/options.go#L21
$.outbounds[] (Outbound){oneOf:15}.url,"{""type"":""string""}",yes; conditional core requirements still apply,,https://github.com/SagerNet/sing-box/blob/v1.13.21/option/group.go#L13
$.outbounds[] (Outbound){oneOf:16}.bind_address_no_port,"{""type"":""boolean""}",yes; conditional core requirements still apply,,https://github.com/SagerNet/sing-box/blob/v1.13.21/option/outbound.go#L72
$.outbounds[] (Outbound){oneOf:16}.bind_interface,"{""type"":""string""}",yes; conditional core requirements still apply,,https://github.com/SagerNet/sing-box/blob/v1.13.21/option/outbound.go#L69
$.outbounds[] (Outbound){oneOf:16}.connect_timeout,"{""$ref"":""#/$defs/badoption_Duration""}",yes; conditional core requirements still apply,,https://github.com/SagerNet/sing-box/blob/v1.13.21/option/outbound.go#L77
$.outbounds[] (Outbound){oneOf:16}.detour,"{""type"":""string""}",yes; conditional core requirements still apply,,https://github.com/SagerNet/sing-box/blob/v1.13.21/option/outbound.go#L68
$.outbounds[] (Outbound){oneOf:16}.disable_tcp_keep_alive,"{""type"":""boolean""}",yes; conditional core requirements still apply,,https://github.com/SagerNet/sing-box/blob/v1.13.21/option/outbound.go#L80
$.outbounds[] (Outbound){oneOf:16}.domain_resolver,"{""$ref"":""#/$defs/DomainResolveOptions""}",yes; conditional core requirements still apply,,https://github.com/SagerNet/sing-box/blob/v1.13.21/option/outbound.go#L85
$.outbounds[] (Outbound){oneOf:16}.domain_strategy,"{""$ref"":""#/$defs/DomainStrategy""}",yes; conditional core requirements still apply,Deprecated: migrated to domain resolver,https://github.com/SagerNet/sing-box/blob/v1.13.21/option/outbound.go#L92
$.outbounds[] (Outbound){oneOf:16}.fallback_delay,"{""$ref"":""#/$defs/badoption_Duration""}",yes; conditional core requirements still apply,,https://github.com/SagerNet/sing-box/blob/v1.13.21/option/outbound.go#L89
$.outbounds[] (Outbound){oneOf:16}.fallback_network_type,"{""anyOf"":[{""$ref"":""#/$defs/InterfaceType""},{""items"":{""$ref"":""#/$defs/InterfaceType""},""type"":""array""}]}",yes; conditional core requirements still apply,,https://github.com/SagerNet/sing-box/blob/v1.13.21/option/outbound.go#L88
$.outbounds[] (Outbound){oneOf:16}.flow,"{""enum"":["""",""xtls-rprx-vision""],""type"":""string""}",yes; conditional core requirements still apply,,https://github.com/SagerNet/sing-box/blob/v1.13.21/option/vless.go#L21
$.outbounds[] (Outbound){oneOf:16}.inet4_bind_address,"{""type"":""string""}",yes; conditional core requirements still apply,,https://github.com/SagerNet/sing-box/blob/v1.13.21/option/outbound.go#L70
$.outbounds[] (Outbound){oneOf:16}.inet6_bind_address,"{""type"":""string""}",yes; conditional core requirements still apply,,https://github.com/SagerNet/sing-box/blob/v1.13.21/option/outbound.go#L71
$.outbounds[] (Outbound){oneOf:16}.multiplex,"{""$ref"":""#/$defs/OutboundMultiplexOptions""}",yes; conditional core requirements still apply,,https://github.com/SagerNet/sing-box/blob/v1.13.21/option/vless.go#L24
$.outbounds[] (Outbound){oneOf:16}.netns,"{""type"":""string""}",yes; conditional core requirements still apply,,https://github.com/SagerNet/sing-box/blob/v1.13.21/option/outbound.go#L76
$.outbounds[] (Outbound){oneOf:16}.network,"{""$ref"":""#/$defs/NetworkList""}",yes; conditional core requirements still apply,,https://github.com/SagerNet/sing-box/blob/v1.13.21/option/vless.go#L22
$.outbounds[] (Outbound){oneOf:16}.network_strategy,"{""$ref"":""#/$defs/NetworkStrategy""}",yes; conditional core requirements still apply,,https://github.com/SagerNet/sing-box/blob/v1.13.21/option/outbound.go#L86
$.outbounds[] (Outbound){oneOf:16}.network_type,"{""anyOf"":[{""$ref"":""#/$defs/InterfaceType""},{""items"":{""$ref"":""#/$defs/InterfaceType""},""type"":""array""}]}",yes; conditional core requirements still apply,,https://github.com/SagerNet/sing-box/blob/v1.13.21/option/outbound.go#L87
$.outbounds[] (Outbound){oneOf:16}.packet_encoding,"{""type"":""string""}",yes; conditional core requirements still apply,,https://github.com/SagerNet/sing-box/blob/v1.13.21/option/vless.go#L26
$.outbounds[] (Outbound){oneOf:16}.protect_path,"{""type"":""string""}",yes; conditional core requirements still apply,,https://github.com/SagerNet/sing-box/blob/v1.13.21/option/outbound.go#L73
$.outbounds[] (Outbound){oneOf:16}.reuse_addr,"{""type"":""boolean""}",yes; conditional core requirements still apply,,https://github.com/SagerNet/sing-box/blob/v1.13.21/option/outbound.go#L75
$.outbounds[] (Outbound){oneOf:16}.routing_mark,"{""$ref"":""#/$defs/FwMark""}",yes; conditional core requirements still apply,,https://github.com/SagerNet/sing-box/blob/v1.13.21/option/outbound.go#L74
$.outbounds[] (Outbound){oneOf:16}.server,"{""type"":""string""}",yes; conditional core requirements still apply,,https://github.com/SagerNet/sing-box/blob/v1.13.21/option/outbound.go#L149
$.outbounds[] (Outbound){oneOf:16}.server_port,"{""maximum"":65535,""minimum"":0,""type"":""integer""}",yes; conditional core requirements still apply,,https://github.com/SagerNet/sing-box/blob/v1.13.21/option/outbound.go#L150
$.outbounds[] (Outbound){oneOf:16}.tag,"{""type"":""string""}",yes; conditional core requirements still apply,,https://github.com/SagerNet/sing-box/blob/v1.13.21/option/options.go#L21
$.outbounds[] (Outbound){oneOf:16}.tcp_fast_open,"{""type"":""boolean""}",yes; conditional core requirements still apply,,https://github.com/SagerNet/sing-box/blob/v1.13.21/option/outbound.go#L78
$.outbounds[] (Outbound){oneOf:16}.tcp_keep_alive,"{""$ref"":""#/$defs/badoption_Duration""}",yes; conditional core requirements still apply,,https://github.com/SagerNet/sing-box/blob/v1.13.21/option/outbound.go#L81
$.outbounds[] (Outbound){oneOf:16}.tcp_keep_alive_interval,"{""$ref"":""#/$defs/badoption_Duration""}",yes; conditional core requirements still apply,,https://github.com/SagerNet/sing-box/blob/v1.13.21/option/outbound.go#L82
$.outbounds[] (Outbound){oneOf:16}.tcp_multi_path,"{""type"":""boolean""}",yes; conditional core requirements still apply,,https://github.com/SagerNet/sing-box/blob/v1.13.21/option/outbound.go#L79
$.outbounds[] (Outbound){oneOf:16}.tls,"{""$ref"":""#/$defs/OutboundTLSOptions""}",yes; conditional core requirements still apply,,https://github.com/SagerNet/sing-box/blob/v1.13.21/option/tls.go#L125
$.outbounds[] (Outbound){oneOf:16}.transport,"{""$ref"":""#/$defs/V2RayTransportOptions""}",yes; conditional core requirements still apply,,https://github.com/SagerNet/sing-box/blob/v1.13.21/option/vless.go#L25
$.outbounds[] (Outbound){oneOf:16}.type,"{""const"":""vless""}",no in this branch,,https://github.com/SagerNet/sing-box/blob/v1.13.21/option/options.go#L21
$.outbounds[] (Outbound){oneOf:16}.udp_fragment,"{""type"":""boolean""}",yes; conditional core requirements still apply,,https://github.com/SagerNet/sing-box/blob/v1.13.21/option/outbound.go#L83
$.outbounds[] (Outbound){oneOf:16}.uuid,"{""type"":""string""}",yes; conditional core requirements still apply,,https://github.com/SagerNet/sing-box/blob/v1.13.21/option/vless.go#L20
$.outbounds[] (Outbound){oneOf:17}.alter_id,"{""type"":""integer""}",yes; conditional core requirements still apply,,https://github.com/SagerNet/sing-box/blob/v1.13.21/option/vmess.go#L22
$.outbounds[] (Outbound){oneOf:17}.authenticated_length,"{""type"":""boolean""}",yes; conditional core requirements still apply,,https://github.com/SagerNet/sing-box/blob/v1.13.21/option/vmess.go#L24
$.outbounds[] (Outbound){oneOf:17}.bind_address_no_port,"{""type"":""boolean""}",yes; conditional core requirements still apply,,https://github.com/SagerNet/sing-box/blob/v1.13.21/option/outbound.go#L72
$.outbounds[] (Outbound){oneOf:17}.bind_interface,"{""type"":""string""}",yes; conditional core requirements still apply,,https://github.com/SagerNet/sing-box/blob/v1.13.21/option/outbound.go#L69
$.outbounds[] (Outbound){oneOf:17}.connect_timeout,"{""$ref"":""#/$defs/badoption_Duration""}",yes; conditional core requirements still apply,,https://github.com/SagerNet/sing-box/blob/v1.13.21/option/outbound.go#L77
$.outbounds[] (Outbound){oneOf:17}.detour,"{""type"":""string""}",yes; conditional core requirements still apply,,https://github.com/SagerNet/sing-box/blob/v1.13.21/option/outbound.go#L68
$.outbounds[] (Outbound){oneOf:17}.disable_tcp_keep_alive,"{""type"":""boolean""}",yes; conditional core requirements still apply,,https://github.com/SagerNet/sing-box/blob/v1.13.21/option/outbound.go#L80
$.outbounds[] (Outbound){oneOf:17}.domain_resolver,"{""$ref"":""#/$defs/DomainResolveOptions""}",yes; conditional core requirements still apply,,https://github.com/SagerNet/sing-box/blob/v1.13.21/option/outbound.go#L85
$.outbounds[] (Outbound){oneOf:17}.domain_strategy,"{""$ref"":""#/$defs/DomainStrategy""}",yes; conditional core requirements still apply,Deprecated: migrated to domain resolver,https://github.com/SagerNet/sing-box/blob/v1.13.21/option/outbound.go#L92
$.outbounds[] (Outbound){oneOf:17}.fallback_delay,"{""$ref"":""#/$defs/badoption_Duration""}",yes; conditional core requirements still apply,,https://github.com/SagerNet/sing-box/blob/v1.13.21/option/outbound.go#L89
$.outbounds[] (Outbound){oneOf:17}.fallback_network_type,"{""anyOf"":[{""$ref"":""#/$defs/InterfaceType""},{""items"":{""$ref"":""#/$defs/InterfaceType""},""type"":""array""}]}",yes; conditional core requirements still apply,,https://github.com/SagerNet/sing-box/blob/v1.13.21/option/outbound.go#L88
$.outbounds[] (Outbound){oneOf:17}.global_padding,"{""type"":""boolean""}",yes; conditional core requirements still apply,,https://github.com/SagerNet/sing-box/blob/v1.13.21/option/vmess.go#L23
$.outbounds[] (Outbound){oneOf:17}.inet4_bind_address,"{""type"":""string""}",yes; conditional core requirements still apply,,https://github.com/SagerNet/sing-box/blob/v1.13.21/option/outbound.go#L70
$.outbounds[] (Outbound){oneOf:17}.inet6_bind_address,"{""type"":""string""}",yes; conditional core requirements still apply,,https://github.com/SagerNet/sing-box/blob/v1.13.21/option/outbound.go#L71
$.outbounds[] (Outbound){oneOf:17}.multiplex,"{""$ref"":""#/$defs/OutboundMultiplexOptions""}",yes; conditional core requirements still apply,,https://github.com/SagerNet/sing-box/blob/v1.13.21/option/vmess.go#L28
$.outbounds[] (Outbound){oneOf:17}.netns,"{""type"":""string""}",yes; conditional core requirements still apply,,https://github.com/SagerNet/sing-box/blob/v1.13.21/option/outbound.go#L76
$.outbounds[] (Outbound){oneOf:17}.network,"{""$ref"":""#/$defs/NetworkList""}",yes; conditional core requirements still apply,,https://github.com/SagerNet/sing-box/blob/v1.13.21/option/vmess.go#L25
$.outbounds[] (Outbound){oneOf:17}.network_strategy,"{""$ref"":""#/$defs/NetworkStrategy""}",yes; conditional core requirements still apply,,https://github.com/SagerNet/sing-box/blob/v1.13.21/option/outbound.go#L86
$.outbounds[] (Outbound){oneOf:17}.network_type,"{""anyOf"":[{""$ref"":""#/$defs/InterfaceType""},{""items"":{""$ref"":""#/$defs/InterfaceType""},""type"":""array""}]}",yes; conditional core requirements still apply,,https://github.com/SagerNet/sing-box/blob/v1.13.21/option/outbound.go#L87
$.outbounds[] (Outbound){oneOf:17}.packet_encoding,"{""type"":""string""}",yes; conditional core requirements still apply,,https://github.com/SagerNet/sing-box/blob/v1.13.21/option/vmess.go#L27
$.outbounds[] (Outbound){oneOf:17}.protect_path,"{""type"":""string""}",yes; conditional core requirements still apply,,https://github.com/SagerNet/sing-box/blob/v1.13.21/option/outbound.go#L73
$.outbounds[] (Outbound){oneOf:17}.reuse_addr,"{""type"":""boolean""}",yes; conditional core requirements still apply,,https://github.com/SagerNet/sing-box/blob/v1.13.21/option/outbound.go#L75
$.outbounds[] (Outbound){oneOf:17}.routing_mark,"{""$ref"":""#/$defs/FwMark""}",yes; conditional core requirements still apply,,https://github.com/SagerNet/sing-box/blob/v1.13.21/option/outbound.go#L74
$.outbounds[] (Outbound){oneOf:17}.security,"{""enum"":["""",""auto"",""none"",""zero"",""aes-128-gcm"",""chacha20-poly1305""],""type"":""string""}",yes; conditional core requirements still apply,,https://github.com/SagerNet/sing-box/blob/v1.13.21/option/vmess.go#L21
$.outbounds[] (Outbound){oneOf:17}.server,"{""type"":""string""}",yes; conditional core requirements still apply,,https://github.com/SagerNet/sing-box/blob/v1.13.21/option/outbound.go#L149
$.outbounds[] (Outbound){oneOf:17}.server_port,"{""maximum"":65535,""minimum"":0,""type"":""integer""}",yes; conditional core requirements still apply,,https://github.com/SagerNet/sing-box/blob/v1.13.21/option/outbound.go#L150
$.outbounds[] (Outbound){oneOf:17}.tag,"{""type"":""string""}",yes; conditional core requirements still apply,,https://github.com/SagerNet/sing-box/blob/v1.13.21/option/options.go#L21
$.outbounds[] (Outbound){oneOf:17}.tcp_fast_open,"{""type"":""boolean""}",yes; conditional core requirements still apply,,https://github.com/SagerNet/sing-box/blob/v1.13.21/option/outbound.go#L78
$.outbounds[] (Outbound){oneOf:17}.tcp_keep_alive,"{""$ref"":""#/$defs/badoption_Duration""}",yes; conditional core requirements still apply,,https://github.com/SagerNet/sing-box/blob/v1.13.21/option/outbound.go#L81
$.outbounds[] (Outbound){oneOf:17}.tcp_keep_alive_interval,"{""$ref"":""#/$defs/badoption_Duration""}",yes; conditional core requirements still apply,,https://github.com/SagerNet/sing-box/blob/v1.13.21/option/outbound.go#L82
$.outbounds[] (Outbound){oneOf:17}.tcp_multi_path,"{""type"":""boolean""}",yes; conditional core requirements still apply,,https://github.com/SagerNet/sing-box/blob/v1.13.21/option/outbound.go#L79
$.outbounds[] (Outbound){oneOf:17}.tls,"{""$ref"":""#/$defs/OutboundTLSOptions""}",yes; conditional core requirements still apply,,https://github.com/SagerNet/sing-box/blob/v1.13.21/option/tls.go#L125
$.outbounds[] (Outbound){oneOf:17}.transport,"{""$ref"":""#/$defs/V2RayTransportOptions""}",yes; conditional core requirements still apply,,https://github.com/SagerNet/sing-box/blob/v1.13.21/option/vmess.go#L29
$.outbounds[] (Outbound){oneOf:17}.type,"{""const"":""vmess""}",no in this branch,,https://github.com/SagerNet/sing-box/blob/v1.13.21/option/options.go#L21
$.outbounds[] (Outbound){oneOf:17}.udp_fragment,"{""type"":""boolean""}",yes; conditional core requirements still apply,,https://github.com/SagerNet/sing-box/blob/v1.13.21/option/outbound.go#L83
$.outbounds[] (Outbound){oneOf:17}.uuid,"{""type"":""string""}",yes; conditional core requirements still apply,,https://github.com/SagerNet/sing-box/blob/v1.13.21/option/vmess.go#L20
$.route,"{""$ref"":""#/$defs/RouteOptions""}",yes; conditional core requirements still apply,,https://github.com/SagerNet/sing-box/blob/v1.13.21/option/options.go#L22
$.route (RouteOptions).auto_detect_interface,"{""type"":""boolean""}",yes; conditional core requirements still apply,,https://github.com/SagerNet/sing-box/blob/v1.13.21/option/route.go#L12
$.route (RouteOptions).default_domain_resolver,"{""$ref"":""#/$defs/DomainResolveOptions""}",yes; conditional core requirements still apply,,https://github.com/SagerNet/sing-box/blob/v1.13.21/option/route.go#L16
$.route (RouteOptions).default_fallback_delay,"{""$ref"":""#/$defs/badoption_Duration""}",yes; conditional core requirements still apply,,https://github.com/SagerNet/sing-box/blob/v1.13.21/option/route.go#L20
$.route (RouteOptions).default_fallback_network_type,"{""anyOf"":[{""$ref"":""#/$defs/InterfaceType""},{""items"":{""$ref"":""#/$defs/InterfaceType""},""type"":""array""}]}",yes; conditional core requirements still apply,,https://github.com/SagerNet/sing-box/blob/v1.13.21/option/route.go#L19
$.route (RouteOptions).default_interface,"{""type"":""string""}",yes; conditional core requirements still apply,,https://github.com/SagerNet/sing-box/blob/v1.13.21/option/route.go#L14
$.route (RouteOptions).default_mark,"{""$ref"":""#/$defs/FwMark""}",yes; conditional core requirements still apply,,https://github.com/SagerNet/sing-box/blob/v1.13.21/option/route.go#L15
$.route (RouteOptions).default_network_strategy,"{""$ref"":""#/$defs/NetworkStrategy""}",yes; conditional core requirements still apply,,https://github.com/SagerNet/sing-box/blob/v1.13.21/option/route.go#L17
$.route (RouteOptions).default_network_type,"{""anyOf"":[{""$ref"":""#/$defs/InterfaceType""},{""items"":{""$ref"":""#/$defs/InterfaceType""},""type"":""array""}]}",yes; conditional core requirements still apply,,https://github.com/SagerNet/sing-box/blob/v1.13.21/option/route.go#L18
$.route (RouteOptions).final,"{""type"":""string""}",yes; conditional core requirements still apply,,https://github.com/SagerNet/sing-box/blob/v1.13.21/option/route.go#L10
$.route (RouteOptions).find_process,"{""type"":""boolean""}",yes; conditional core requirements still apply,,https://github.com/SagerNet/sing-box/blob/v1.13.21/option/route.go#L11
$.route (RouteOptions).override_android_vpn,"{""type"":""boolean""}",yes; conditional core requirements still apply,,https://github.com/SagerNet/sing-box/blob/v1.13.21/option/route.go#L13
$.route (RouteOptions).rule_set,"{""items"":{""$ref"":""#/$defs/RuleSet""},""type"":""array""}",yes; conditional core requirements still apply,,https://github.com/SagerNet/sing-box/blob/v1.13.21/option/route.go#L9
$.route (RouteOptions).rule_set[] (RuleSet){oneOf:0}.format,"{""enum"":["""",""source"",""binary""],""type"":""string""}",yes; conditional core requirements still apply,,https://github.com/SagerNet/sing-box/blob/v1.13.21/option/route.go#L9
$.route (RouteOptions).rule_set[] (RuleSet){oneOf:0}.rules,"{""items"":{""$ref"":""#/$defs/HeadlessRule""},""type"":""array""}",yes; conditional core requirements still apply,,https://github.com/SagerNet/sing-box/blob/v1.13.21/option/rule_set.go#L286
$.route (RouteOptions).rule_set[] (RuleSet){oneOf:0}.rules[] (HeadlessRule){oneOf:0}.default_interface_address,"{""anyOf"":[{""type"":""string""},{""items"":{""type"":""string""},""type"":""array""}]}",yes; conditional core requirements still apply,,https://github.com/SagerNet/sing-box/blob/v1.13.21/option/rule_set.go#L207
$.route (RouteOptions).rule_set[] (RuleSet){oneOf:0}.rules[] (HeadlessRule){oneOf:0}.domain,"{""anyOf"":[{""type"":""string""},{""items"":{""type"":""string""},""type"":""array""}]}",yes; conditional core requirements still apply,,https://github.com/SagerNet/sing-box/blob/v1.13.21/option/rule_set.go#L187
$.route (RouteOptions).rule_set[] (RuleSet){oneOf:0}.rules[] (HeadlessRule){oneOf:0}.domain_keyword,"{""anyOf"":[{""type"":""string""},{""items"":{""type"":""string""},""type"":""array""}]}",yes; conditional core requirements still apply,,https://github.com/SagerNet/sing-box/blob/v1.13.21/option/rule_set.go#L189
$.route (RouteOptions).rule_set[] (RuleSet){oneOf:0}.rules[] (HeadlessRule){oneOf:0}.domain_regex,"{""anyOf"":[{""type"":""string""},{""items"":{""type"":""string""},""type"":""array""}]}",yes; conditional core requirements still apply,,https://github.com/SagerNet/sing-box/blob/v1.13.21/option/rule_set.go#L190
$.route (RouteOptions).rule_set[] (RuleSet){oneOf:0}.rules[] (HeadlessRule){oneOf:0}.domain_suffix,"{""anyOf"":[{""type"":""string""},{""items"":{""type"":""string""},""type"":""array""}]}",yes; conditional core requirements still apply,,https://github.com/SagerNet/sing-box/blob/v1.13.21/option/rule_set.go#L188
$.route (RouteOptions).rule_set[] (RuleSet){oneOf:0}.rules[] (HeadlessRule){oneOf:0}.invert,"{""type"":""boolean""}",yes; conditional core requirements still apply,,https://github.com/SagerNet/sing-box/blob/v1.13.21/option/rule_set.go#L209
$.route (RouteOptions).rule_set[] (RuleSet){oneOf:0}.rules[] (HeadlessRule){oneOf:0}.ip_cidr,"{""anyOf"":[{""type"":""string""},{""items"":{""type"":""string""},""type"":""array""}]}",yes; conditional core requirements still apply,,https://github.com/SagerNet/sing-box/blob/v1.13.21/option/rule_set.go#L192
$.route (RouteOptions).rule_set[] (RuleSet){oneOf:0}.rules[] (HeadlessRule){oneOf:0}.network,"{""anyOf"":[{""enum"":[""tcp"",""udp""],""type"":""string""},{""items"":{""enum"":[""tcp"",""udp""],""type"":""string""},""type"":""array""}]}",yes; conditional core requirements still apply,,https://github.com/SagerNet/sing-box/blob/v1.13.21/option/rule_set.go#L186
$.route (RouteOptions).rule_set[] (RuleSet){oneOf:0}.rules[] (HeadlessRule){oneOf:0}.network_interface_address,"{""additionalProperties"":{""anyOf"":[{""type"":""string""},{""items"":{""type"":""string""},""type"":""array""}]},""propertyNames"":{""$ref"":""#/$defs/InterfaceType""},""type"":""object""}",yes; conditional core requirements still apply,,https://github.com/SagerNet/sing-box/blob/v1.13.21/option/rule_set.go#L206
$.route (RouteOptions).rule_set[] (RuleSet){oneOf:0}.rules[] (HeadlessRule){oneOf:0}.network_is_constrained,"{""type"":""boolean""}",yes; conditional core requirements still apply,,https://github.com/SagerNet/sing-box/blob/v1.13.21/option/rule_set.go#L203
$.route (RouteOptions).rule_set[] (RuleSet){oneOf:0}.rules[] (HeadlessRule){oneOf:0}.network_is_expensive,"{""type"":""boolean""}",yes; conditional core requirements still apply,,https://github.com/SagerNet/sing-box/blob/v1.13.21/option/rule_set.go#L202
$.route (RouteOptions).rule_set[] (RuleSet){oneOf:0}.rules[] (HeadlessRule){oneOf:0}.network_type,"{""anyOf"":[{""$ref"":""#/$defs/InterfaceType""},{""items"":{""$ref"":""#/$defs/InterfaceType""},""type"":""array""}]}",yes; conditional core requirements still apply,,https://github.com/SagerNet/sing-box/blob/v1.13.21/option/rule_set.go#L201
$.route (RouteOptions).rule_set[] (RuleSet){oneOf:0}.rules[] (HeadlessRule){oneOf:0}.package_name,"{""anyOf"":[{""type"":""string""},{""items"":{""type"":""string""},""type"":""array""}]}",yes; conditional core requirements still apply,,https://github.com/SagerNet/sing-box/blob/v1.13.21/option/rule_set.go#L200
$.route (RouteOptions).rule_set[] (RuleSet){oneOf:0}.rules[] (HeadlessRule){oneOf:0}.port,"{""anyOf"":[{""maximum"":65535,""minimum"":0,""type"":""integer""},{""items"":{""maximum"":65535,""minimum"":0,""type"":""integer""},""type"":""array""}]}",yes; conditional core requirements still apply,,https://github.com/SagerNet/sing-box/blob/v1.13.21/option/rule_set.go#L195
$.route (RouteOptions).rule_set[] (RuleSet){oneOf:0}.rules[] (HeadlessRule){oneOf:0}.port_range,"{""anyOf"":[{""type"":""string""},{""items"":{""type"":""string""},""type"":""array""}]}",yes; conditional core requirements still apply,,https://github.com/SagerNet/sing-box/blob/v1.13.21/option/rule_set.go#L196
$.route (RouteOptions).rule_set[] (RuleSet){oneOf:0}.rules[] (HeadlessRule){oneOf:0}.process_name,"{""anyOf"":[{""type"":""string""},{""items"":{""type"":""string""},""type"":""array""}]}",yes; conditional core requirements still apply,,https://github.com/SagerNet/sing-box/blob/v1.13.21/option/rule_set.go#L197
$.route (RouteOptions).rule_set[] (RuleSet){oneOf:0}.rules[] (HeadlessRule){oneOf:0}.process_path,"{""anyOf"":[{""type"":""string""},{""items"":{""type"":""string""},""type"":""array""}]}",yes; conditional core requirements still apply,,https://github.com/SagerNet/sing-box/blob/v1.13.21/option/rule_set.go#L198
$.route (RouteOptions).rule_set[] (RuleSet){oneOf:0}.rules[] (HeadlessRule){oneOf:0}.process_path_regex,"{""anyOf"":[{""type"":""string""},{""items"":{""type"":""string""},""type"":""array""}]}",yes; conditional core requirements still apply,,https://github.com/SagerNet/sing-box/blob/v1.13.21/option/rule_set.go#L199
$.route (RouteOptions).rule_set[] (RuleSet){oneOf:0}.rules[] (HeadlessRule){oneOf:0}.query_type,"{""anyOf"":[{""$ref"":""#/$defs/DNSQueryType""},{""items"":{""$ref"":""#/$defs/DNSQueryType""},""type"":""array""}]}",yes; conditional core requirements still apply,,https://github.com/SagerNet/sing-box/blob/v1.13.21/option/rule_set.go#L185
$.route (RouteOptions).rule_set[] (RuleSet){oneOf:0}.rules[] (HeadlessRule){oneOf:0}.source_ip_cidr,"{""anyOf"":[{""type"":""string""},{""items"":{""type"":""string""},""type"":""array""}]}",yes; conditional core requirements still apply,,https://github.com/SagerNet/sing-box/blob/v1.13.21/option/rule_set.go#L191
$.route (RouteOptions).rule_set[] (RuleSet){oneOf:0}.rules[] (HeadlessRule){oneOf:0}.source_port,"{""anyOf"":[{""maximum"":65535,""minimum"":0,""type"":""integer""},{""items"":{""maximum"":65535,""minimum"":0,""type"":""integer""},""type"":""array""}]}",yes; conditional core requirements still apply,,https://github.com/SagerNet/sing-box/blob/v1.13.21/option/rule_set.go#L193
$.route (RouteOptions).rule_set[] (RuleSet){oneOf:0}.rules[] (HeadlessRule){oneOf:0}.source_port_range,"{""anyOf"":[{""type"":""string""},{""items"":{""type"":""string""},""type"":""array""}]}",yes; conditional core requirements still apply,,https://github.com/SagerNet/sing-box/blob/v1.13.21/option/rule_set.go#L194
$.route (RouteOptions).rule_set[] (RuleSet){oneOf:0}.rules[] (HeadlessRule){oneOf:0}.type,"{""enum"":["""",""default""]}",yes; conditional core requirements still apply,,https://github.com/SagerNet/sing-box/blob/v1.13.21/option/rule_set.go#L286
$.route (RouteOptions).rule_set[] (RuleSet){oneOf:0}.rules[] (HeadlessRule){oneOf:0}.wifi_bssid,"{""anyOf"":[{""type"":""string""},{""items"":{""type"":""string""},""type"":""array""}]}",yes; conditional core requirements still apply,,https://github.com/SagerNet/sing-box/blob/v1.13.21/option/rule_set.go#L205
$.route (RouteOptions).rule_set[] (RuleSet){oneOf:0}.rules[] (HeadlessRule){oneOf:0}.wifi_ssid,"{""anyOf"":[{""type"":""string""},{""items"":{""type"":""string""},""type"":""array""}]}",yes; conditional core requirements still apply,,https://github.com/SagerNet/sing-box/blob/v1.13.21/option/rule_set.go#L204
$.route (RouteOptions).rule_set[] (RuleSet){oneOf:0}.rules[] (HeadlessRule){oneOf:1}.invert,"{""type"":""boolean""}",yes; conditional core requirements still apply,,https://github.com/SagerNet/sing-box/blob/v1.13.21/option/rule_set.go#L228
$.route (RouteOptions).rule_set[] (RuleSet){oneOf:0}.rules[] (HeadlessRule){oneOf:1}.mode,"{""enum"":[""and"",""or""],""type"":""string""}",no in this branch,,https://github.com/SagerNet/sing-box/blob/v1.13.21/option/rule_set.go#L286
$.route (RouteOptions).rule_set[] (RuleSet){oneOf:0}.rules[] (HeadlessRule){oneOf:1}.rules,"{""items"":{""$ref"":""#/$defs/HeadlessRule""},""minItems"":1,""type"":""array""}",no in this branch,,https://github.com/SagerNet/sing-box/blob/v1.13.21/option/rule_set.go#L227
$.route (RouteOptions).rule_set[] (RuleSet){oneOf:0}.rules[] (HeadlessRule){oneOf:1}.type,"{""const"":""logical""}",no in this branch,,https://github.com/SagerNet/sing-box/blob/v1.13.21/option/rule_set.go#L286
$.route (RouteOptions).rule_set[] (RuleSet){oneOf:0}.tag,"{""minLength"":1,""type"":""string""}",no in this branch,,https://github.com/SagerNet/sing-box/blob/v1.13.21/option/route.go#L9
$.route (RouteOptions).rule_set[] (RuleSet){oneOf:0}.type,"{""enum"":["""",""inline""]}",yes; conditional core requirements still apply,,https://github.com/SagerNet/sing-box/blob/v1.13.21/option/route.go#L9
$.route (RouteOptions).rule_set[] (RuleSet){oneOf:1}.format,"{""enum"":["""",""source"",""binary""],""type"":""string""}",yes; conditional core requirements still apply,,https://github.com/SagerNet/sing-box/blob/v1.13.21/option/route.go#L9
$.route (RouteOptions).rule_set[] (RuleSet){oneOf:1}.path,"{""type"":""string""}",yes; conditional core requirements still apply,,https://github.com/SagerNet/sing-box/blob/v1.13.21/option/rule_set.go#L120
$.route (RouteOptions).rule_set[] (RuleSet){oneOf:1}.tag,"{""minLength"":1,""type"":""string""}",no in this branch,,https://github.com/SagerNet/sing-box/blob/v1.13.21/option/route.go#L9
$.route (RouteOptions).rule_set[] (RuleSet){oneOf:1}.type,"{""const"":""local""}",no in this branch,,https://github.com/SagerNet/sing-box/blob/v1.13.21/option/route.go#L9
$.route (RouteOptions).rule_set[] (RuleSet){oneOf:2}.download_detour,"{""type"":""string""}",yes; conditional core requirements still apply,,https://github.com/SagerNet/sing-box/blob/v1.13.21/option/rule_set.go#L125
$.route (RouteOptions).rule_set[] (RuleSet){oneOf:2}.format,"{""enum"":["""",""source"",""binary""],""type"":""string""}",yes; conditional core requirements still apply,,https://github.com/SagerNet/sing-box/blob/v1.13.21/option/route.go#L9
$.route (RouteOptions).rule_set[] (RuleSet){oneOf:2}.tag,"{""minLength"":1,""type"":""string""}",no in this branch,,https://github.com/SagerNet/sing-box/blob/v1.13.21/option/route.go#L9
$.route (RouteOptions).rule_set[] (RuleSet){oneOf:2}.type,"{""const"":""remote""}",no in this branch,,https://github.com/SagerNet/sing-box/blob/v1.13.21/option/route.go#L9
$.route (RouteOptions).rule_set[] (RuleSet){oneOf:2}.update_interval,"{""$ref"":""#/$defs/badoption_Duration""}",yes; conditional core requirements still apply,,https://github.com/SagerNet/sing-box/blob/v1.13.21/option/rule_set.go#L126
$.route (RouteOptions).rule_set[] (RuleSet){oneOf:2}.url,"{""type"":""string""}",yes; conditional core requirements still apply,,https://github.com/SagerNet/sing-box/blob/v1.13.21/option/rule_set.go#L124
$.route (RouteOptions).rules,"{""items"":{""$ref"":""#/$defs/Rule""},""type"":""array""}",yes; conditional core requirements still apply,,https://github.com/SagerNet/sing-box/blob/v1.13.21/option/route.go#L8
$.route (RouteOptions).rules[] (Rule){oneOf:0}{allOf:0}.auth_user,"{""anyOf"":[{""type"":""string""},{""items"":{""type"":""string""},""type"":""array""}]}",yes; conditional core requirements still apply,,https://github.com/SagerNet/sing-box/blob/v1.13.21/option/rule.go#L73
$.route (RouteOptions).rules[] (Rule){oneOf:0}{allOf:0}.clash_mode,"{""type"":""string""}",yes; conditional core requirements still apply,,https://github.com/SagerNet/sing-box/blob/v1.13.21/option/rule.go#L97
$.route (RouteOptions).rules[] (Rule){oneOf:0}{allOf:0}.client,"{""anyOf"":[{""type"":""string""},{""items"":{""type"":""string""},""type"":""array""}]}",yes; conditional core requirements still apply,,https://github.com/SagerNet/sing-box/blob/v1.13.21/option/rule.go#L75
$.route (RouteOptions).rules[] (Rule){oneOf:0}{allOf:0}.default_interface_address,"{""anyOf"":[{""type"":""string""},{""items"":{""type"":""string""},""type"":""array""}]}",yes; conditional core requirements still apply,,https://github.com/SagerNet/sing-box/blob/v1.13.21/option/rule.go#L105
$.route (RouteOptions).rules[] (Rule){oneOf:0}{allOf:0}.domain,"{""anyOf"":[{""type"":""string""},{""items"":{""type"":""string""},""type"":""array""}]}",yes; conditional core requirements still apply,,https://github.com/SagerNet/sing-box/blob/v1.13.21/option/rule.go#L76
$.route (RouteOptions).rules[] (Rule){oneOf:0}{allOf:0}.domain_keyword,"{""anyOf"":[{""type"":""string""},{""items"":{""type"":""string""},""type"":""array""}]}",yes; conditional core requirements still apply,,https://github.com/SagerNet/sing-box/blob/v1.13.21/option/rule.go#L78
$.route (RouteOptions).rules[] (Rule){oneOf:0}{allOf:0}.domain_regex,"{""anyOf"":[{""type"":""string""},{""items"":{""type"":""string""},""type"":""array""}]}",yes; conditional core requirements still apply,,https://github.com/SagerNet/sing-box/blob/v1.13.21/option/rule.go#L79
$.route (RouteOptions).rules[] (Rule){oneOf:0}{allOf:0}.domain_suffix,"{""anyOf"":[{""type"":""string""},{""items"":{""type"":""string""},""type"":""array""}]}",yes; conditional core requirements still apply,,https://github.com/SagerNet/sing-box/blob/v1.13.21/option/rule.go#L77
$.route (RouteOptions).rules[] (Rule){oneOf:0}{allOf:0}.inbound,"{""anyOf"":[{""type"":""string""},{""items"":{""type"":""string""},""type"":""array""}]}",yes; conditional core requirements still apply,,https://github.com/SagerNet/sing-box/blob/v1.13.21/option/rule.go#L70
$.route (RouteOptions).rules[] (Rule){oneOf:0}{allOf:0}.interface_address,"{""additionalProperties"":{""anyOf"":[{""type"":""string""},{""items"":{""type"":""string""},""type"":""array""}]},""type"":""object""}",yes; conditional core requirements still apply,,https://github.com/SagerNet/sing-box/blob/v1.13.21/option/rule.go#L103
$.route (RouteOptions).rules[] (Rule){oneOf:0}{allOf:0}.invert,"{""type"":""boolean""}",yes; conditional core requirements still apply,,https://github.com/SagerNet/sing-box/blob/v1.13.21/option/rule.go#L109
$.route (RouteOptions).rules[] (Rule){oneOf:0}{allOf:0}.ip_cidr,"{""anyOf"":[{""type"":""string""},{""items"":{""type"":""string""},""type"":""array""}]}",yes; conditional core requirements still apply,,https://github.com/SagerNet/sing-box/blob/v1.13.21/option/rule.go#L85
$.route (RouteOptions).rules[] (Rule){oneOf:0}{allOf:0}.ip_is_private,"{""type"":""boolean""}",yes; conditional core requirements still apply,,https://github.com/SagerNet/sing-box/blob/v1.13.21/option/rule.go#L86
$.route (RouteOptions).rules[] (Rule){oneOf:0}{allOf:0}.ip_version,"{""enum"":[0,4,6],""type"":""integer""}",yes; conditional core requirements still apply,,https://github.com/SagerNet/sing-box/blob/v1.13.21/option/rule.go#L71
$.route (RouteOptions).rules[] (Rule){oneOf:0}{allOf:0}.network,"{""anyOf"":[{""enum"":[""tcp"",""udp""],""type"":""string""},{""items"":{""enum"":[""tcp"",""udp""],""type"":""string""},""type"":""array""}]}",yes; conditional core requirements still apply,,https://github.com/SagerNet/sing-box/blob/v1.13.21/option/rule.go#L72
$.route (RouteOptions).rules[] (Rule){oneOf:0}{allOf:0}.network_interface_address,"{""additionalProperties"":{""anyOf"":[{""type"":""string""},{""items"":{""type"":""string""},""type"":""array""}]},""propertyNames"":{""$ref"":""#/$defs/InterfaceType""},""type"":""object""}",yes; conditional core requirements still apply,,https://github.com/SagerNet/sing-box/blob/v1.13.21/option/rule.go#L104
$.route (RouteOptions).rules[] (Rule){oneOf:0}{allOf:0}.network_is_constrained,"{""type"":""boolean""}",yes; conditional core requirements still apply,,https://github.com/SagerNet/sing-box/blob/v1.13.21/option/rule.go#L100
$.route (RouteOptions).rules[] (Rule){oneOf:0}{allOf:0}.network_is_expensive,"{""type"":""boolean""}",yes; conditional core requirements still apply,,https://github.com/SagerNet/sing-box/blob/v1.13.21/option/rule.go#L99
$.route (RouteOptions).rules[] (Rule){oneOf:0}{allOf:0}.network_type,"{""anyOf"":[{""$ref"":""#/$defs/InterfaceType""},{""items"":{""$ref"":""#/$defs/InterfaceType""},""type"":""array""}]}",yes; conditional core requirements still apply,,https://github.com/SagerNet/sing-box/blob/v1.13.21/option/rule.go#L98
$.route (RouteOptions).rules[] (Rule){oneOf:0}{allOf:0}.package_name,"{""anyOf"":[{""type"":""string""},{""items"":{""type"":""string""},""type"":""array""}]}",yes; conditional core requirements still apply,,https://github.com/SagerNet/sing-box/blob/v1.13.21/option/rule.go#L94
$.route (RouteOptions).rules[] (Rule){oneOf:0}{allOf:0}.port,"{""anyOf"":[{""maximum"":65535,""minimum"":0,""type"":""integer""},{""items"":{""maximum"":65535,""minimum"":0,""type"":""integer""},""type"":""array""}]}",yes; conditional core requirements still apply,,https://github.com/SagerNet/sing-box/blob/v1.13.21/option/rule.go#L89
$.route (RouteOptions).rules[] (Rule){oneOf:0}{allOf:0}.port_range,"{""anyOf"":[{""type"":""string""},{""items"":{""type"":""string""},""type"":""array""}]}",yes; conditional core requirements still apply,,https://github.com/SagerNet/sing-box/blob/v1.13.21/option/rule.go#L90
$.route (RouteOptions).rules[] (Rule){oneOf:0}{allOf:0}.preferred_by,"{""anyOf"":[{""type"":""string""},{""items"":{""type"":""string""},""type"":""array""}]}",yes; conditional core requirements still apply,,https://github.com/SagerNet/sing-box/blob/v1.13.21/option/rule.go#L106
$.route (RouteOptions).rules[] (Rule){oneOf:0}{allOf:0}.process_name,"{""anyOf"":[{""type"":""string""},{""items"":{""type"":""string""},""type"":""array""}]}",yes; conditional core requirements still apply,,https://github.com/SagerNet/sing-box/blob/v1.13.21/option/rule.go#L91
$.route (RouteOptions).rules[] (Rule){oneOf:0}{allOf:0}.process_path,"{""anyOf"":[{""type"":""string""},{""items"":{""type"":""string""},""type"":""array""}]}",yes; conditional core requirements still apply,,https://github.com/SagerNet/sing-box/blob/v1.13.21/option/rule.go#L92
$.route (RouteOptions).rules[] (Rule){oneOf:0}{allOf:0}.process_path_regex,"{""anyOf"":[{""type"":""string""},{""items"":{""type"":""string""},""type"":""array""}]}",yes; conditional core requirements still apply,,https://github.com/SagerNet/sing-box/blob/v1.13.21/option/rule.go#L93
$.route (RouteOptions).rules[] (Rule){oneOf:0}{allOf:0}.protocol,"{""anyOf"":[{""type"":""string""},{""items"":{""type"":""string""},""type"":""array""}]}",yes; conditional core requirements still apply,,https://github.com/SagerNet/sing-box/blob/v1.13.21/option/rule.go#L74
$.route (RouteOptions).rules[] (Rule){oneOf:0}{allOf:0}.rule_set,"{""anyOf"":[{""type"":""string""},{""items"":{""type"":""string""},""type"":""array""}]}",yes; conditional core requirements still apply,,https://github.com/SagerNet/sing-box/blob/v1.13.21/option/rule.go#L107
$.route (RouteOptions).rules[] (Rule){oneOf:0}{allOf:0}.rule_set_ip_cidr_match_source,"{""type"":""boolean""}",yes; conditional core requirements still apply,,https://github.com/SagerNet/sing-box/blob/v1.13.21/option/rule.go#L108
$.route (RouteOptions).rules[] (Rule){oneOf:0}{allOf:0}.source_ip_cidr,"{""anyOf"":[{""type"":""string""},{""items"":{""type"":""string""},""type"":""array""}]}",yes; conditional core requirements still apply,,https://github.com/SagerNet/sing-box/blob/v1.13.21/option/rule.go#L83
$.route (RouteOptions).rules[] (Rule){oneOf:0}{allOf:0}.source_ip_is_private,"{""type"":""boolean""}",yes; conditional core requirements still apply,,https://github.com/SagerNet/sing-box/blob/v1.13.21/option/rule.go#L84
$.route (RouteOptions).rules[] (Rule){oneOf:0}{allOf:0}.source_port,"{""anyOf"":[{""maximum"":65535,""minimum"":0,""type"":""integer""},{""items"":{""maximum"":65535,""minimum"":0,""type"":""integer""},""type"":""array""}]}",yes; conditional core requirements still apply,,https://github.com/SagerNet/sing-box/blob/v1.13.21/option/rule.go#L87
$.route (RouteOptions).rules[] (Rule){oneOf:0}{allOf:0}.source_port_range,"{""anyOf"":[{""type"":""string""},{""items"":{""type"":""string""},""type"":""array""}]}",yes; conditional core requirements still apply,,https://github.com/SagerNet/sing-box/blob/v1.13.21/option/rule.go#L88
$.route (RouteOptions).rules[] (Rule){oneOf:0}{allOf:0}.type,"{""enum"":["""",""default""]}",yes; conditional core requirements still apply,,https://github.com/SagerNet/sing-box/blob/v1.13.21/option/route.go#L8
$.route (RouteOptions).rules[] (Rule){oneOf:0}{allOf:0}.user,"{""anyOf"":[{""type"":""string""},{""items"":{""type"":""string""},""type"":""array""}]}",yes; conditional core requirements still apply,,https://github.com/SagerNet/sing-box/blob/v1.13.21/option/rule.go#L95
$.route (RouteOptions).rules[] (Rule){oneOf:0}{allOf:0}.user_id,"{""anyOf"":[{""maximum"":2147483647,""minimum"":-2147483648,""type"":""integer""},{""items"":{""maximum"":2147483647,""minimum"":-2147483648,""type"":""integer""},""type"":""array""}]}",yes; conditional core requirements still apply,,https://github.com/SagerNet/sing-box/blob/v1.13.21/option/rule.go#L96
$.route (RouteOptions).rules[] (Rule){oneOf:0}{allOf:0}.wifi_bssid,"{""anyOf"":[{""type"":""string""},{""items"":{""type"":""string""},""type"":""array""}]}",yes; conditional core requirements still apply,,https://github.com/SagerNet/sing-box/blob/v1.13.21/option/rule.go#L102
$.route (RouteOptions).rules[] (Rule){oneOf:0}{allOf:0}.wifi_ssid,"{""anyOf"":[{""type"":""string""},{""items"":{""type"":""string""},""type"":""array""}]}",yes; conditional core requirements still apply,,https://github.com/SagerNet/sing-box/blob/v1.13.21/option/rule.go#L101
$.route (RouteOptions).rules[] (Rule){oneOf:0}{allOf:1} (RuleAction){oneOf:0}.action,"{""enum"":["""",""route""]}",yes; conditional core requirements still apply,,https://github.com/SagerNet/sing-box/blob/v1.13.21/option/route.go#L8
$.route (RouteOptions).rules[] (Rule){oneOf:0}{allOf:1} (RuleAction){oneOf:0}.fallback_delay,"{""maximum"":4294967295,""minimum"":0,""type"":""integer""}",yes; conditional core requirements still apply,,https://github.com/SagerNet/sing-box/blob/v1.13.21/option/rule_action.go#L162
$.route (RouteOptions).rules[] (Rule){oneOf:0}{allOf:1} (RuleAction){oneOf:0}.network_strategy,"{""$ref"":""#/$defs/NetworkStrategy""}",yes; conditional core requirements still apply,,https://github.com/SagerNet/sing-box/blob/v1.13.21/option/rule_action.go#L161
$.route (RouteOptions).rules[] (Rule){oneOf:0}{allOf:1} (RuleAction){oneOf:0}.outbound,"{""type"":""string""}",yes; conditional core requirements still apply,,https://github.com/SagerNet/sing-box/blob/v1.13.21/option/rule_action.go#L153
$.route (RouteOptions).rules[] (Rule){oneOf:0}{allOf:1} (RuleAction){oneOf:0}.override_address,"{""type"":""string""}",yes; conditional core requirements still apply,,https://github.com/SagerNet/sing-box/blob/v1.13.21/option/rule_action.go#L158
$.route (RouteOptions).rules[] (Rule){oneOf:0}{allOf:1} (RuleAction){oneOf:0}.override_port,"{""maximum"":65535,""minimum"":0,""type"":""integer""}",yes; conditional core requirements still apply,,https://github.com/SagerNet/sing-box/blob/v1.13.21/option/rule_action.go#L159
$.route (RouteOptions).rules[] (Rule){oneOf:0}{allOf:1} (RuleAction){oneOf:0}.tls_fragment,"{""type"":""boolean""}",yes; conditional core requirements still apply,,https://github.com/SagerNet/sing-box/blob/v1.13.21/option/rule_action.go#L168
$.route (RouteOptions).rules[] (Rule){oneOf:0}{allOf:1} (RuleAction){oneOf:0}.tls_fragment_fallback_delay,"{""$ref"":""#/$defs/badoption_Duration""}",yes; conditional core requirements still apply,,https://github.com/SagerNet/sing-box/blob/v1.13.21/option/rule_action.go#L169
$.route (RouteOptions).rules[] (Rule){oneOf:0}{allOf:1} (RuleAction){oneOf:0}.tls_record_fragment,"{""type"":""boolean""}",yes; conditional core requirements still apply,,https://github.com/SagerNet/sing-box/blob/v1.13.21/option/rule_action.go#L170
$.route (RouteOptions).rules[] (Rule){oneOf:0}{allOf:1} (RuleAction){oneOf:0}.udp_connect,"{""type"":""boolean""}",yes; conditional core requirements still apply,,https://github.com/SagerNet/sing-box/blob/v1.13.21/option/rule_action.go#L165
$.route (RouteOptions).rules[] (Rule){oneOf:0}{allOf:1} (RuleAction){oneOf:0}.udp_disable_domain_unmapping,"{""type"":""boolean""}",yes; conditional core requirements still apply,,https://github.com/SagerNet/sing-box/blob/v1.13.21/option/rule_action.go#L164
$.route (RouteOptions).rules[] (Rule){oneOf:0}{allOf:1} (RuleAction){oneOf:0}.udp_timeout,"{""$ref"":""#/$defs/badoption_Duration""}",yes; conditional core requirements still apply,,https://github.com/SagerNet/sing-box/blob/v1.13.21/option/rule_action.go#L166
$.route (RouteOptions).rules[] (Rule){oneOf:0}{allOf:1} (RuleAction){oneOf:1}.action,"{""const"":""route-options""}",no in this branch," Parent forbids: {""properties"":{""tls_fragment"":{""const"":true},""tls_record_fragment"":{""const"":true}},""required"":[""tls_fragment"",""tls_record_fragment""]}",https://github.com/SagerNet/sing-box/blob/v1.13.21/option/route.go#L8
$.route (RouteOptions).rules[] (Rule){oneOf:0}{allOf:1} (RuleAction){oneOf:1}.fallback_delay,"{""maximum"":4294967295,""minimum"":0,""type"":""integer""}",yes; conditional core requirements still apply," Parent forbids: {""properties"":{""tls_fragment"":{""const"":true},""tls_record_fragment"":{""const"":true}},""required"":[""tls_fragment"",""tls_record_fragment""]}",https://github.com/SagerNet/sing-box/blob/v1.13.21/option/rule_action.go#L162
$.route (RouteOptions).rules[] (Rule){oneOf:0}{allOf:1} (RuleAction){oneOf:1}.network_strategy,"{""$ref"":""#/$defs/NetworkStrategy""}",yes; conditional core requirements still apply," Parent forbids: {""properties"":{""tls_fragment"":{""const"":true},""tls_record_fragment"":{""const"":true}},""required"":[""tls_fragment"",""tls_record_fragment""]}",https://github.com/SagerNet/sing-box/blob/v1.13.21/option/rule_action.go#L161
$.route (RouteOptions).rules[] (Rule){oneOf:0}{allOf:1} (RuleAction){oneOf:1}.override_address,"{""type"":""string""}",yes; conditional core requirements still apply," Parent forbids: {""properties"":{""tls_fragment"":{""const"":true},""tls_record_fragment"":{""const"":true}},""required"":[""tls_fragment"",""tls_record_fragment""]}",https://github.com/SagerNet/sing-box/blob/v1.13.21/option/rule_action.go#L158
$.route (RouteOptions).rules[] (Rule){oneOf:0}{allOf:1} (RuleAction){oneOf:1}.override_port,"{""maximum"":65535,""minimum"":0,""type"":""integer""}",yes; conditional core requirements still apply," Parent forbids: {""properties"":{""tls_fragment"":{""const"":true},""tls_record_fragment"":{""const"":true}},""required"":[""tls_fragment"",""tls_record_fragment""]}",https://github.com/SagerNet/sing-box/blob/v1.13.21/option/rule_action.go#L159
$.route (RouteOptions).rules[] (Rule){oneOf:0}{allOf:1} (RuleAction){oneOf:1}.tls_fragment,"{""type"":""boolean""}",yes; conditional core requirements still apply," Parent forbids: {""properties"":{""tls_fragment"":{""const"":true},""tls_record_fragment"":{""const"":true}},""required"":[""tls_fragment"",""tls_record_fragment""]}",https://github.com/SagerNet/sing-box/blob/v1.13.21/option/rule_action.go#L168
$.route (RouteOptions).rules[] (Rule){oneOf:0}{allOf:1} (RuleAction){oneOf:1}.tls_fragment_fallback_delay,"{""$ref"":""#/$defs/badoption_Duration""}",yes; conditional core requirements still apply," Parent forbids: {""properties"":{""tls_fragment"":{""const"":true},""tls_record_fragment"":{""const"":true}},""required"":[""tls_fragment"",""tls_record_fragment""]}",https://github.com/SagerNet/sing-box/blob/v1.13.21/option/rule_action.go#L169
$.route (RouteOptions).rules[] (Rule){oneOf:0}{allOf:1} (RuleAction){oneOf:1}.tls_record_fragment,"{""type"":""boolean""}",yes; conditional core requirements still apply," Parent forbids: {""properties"":{""tls_fragment"":{""const"":true},""tls_record_fragment"":{""const"":true}},""required"":[""tls_fragment"",""tls_record_fragment""]}",https://github.com/SagerNet/sing-box/blob/v1.13.21/option/rule_action.go#L170
$.route (RouteOptions).rules[] (Rule){oneOf:0}{allOf:1} (RuleAction){oneOf:1}.udp_connect,"{""type"":""boolean""}",yes; conditional core requirements still apply," Parent forbids: {""properties"":{""tls_fragment"":{""const"":true},""tls_record_fragment"":{""const"":true}},""required"":[""tls_fragment"",""tls_record_fragment""]}",https://github.com/SagerNet/sing-box/blob/v1.13.21/option/rule_action.go#L165
$.route (RouteOptions).rules[] (Rule){oneOf:0}{allOf:1} (RuleAction){oneOf:1}.udp_disable_domain_unmapping,"{""type"":""boolean""}",yes; conditional core requirements still apply," Parent forbids: {""properties"":{""tls_fragment"":{""const"":true},""tls_record_fragment"":{""const"":true}},""required"":[""tls_fragment"",""tls_record_fragment""]}",https://github.com/SagerNet/sing-box/blob/v1.13.21/option/rule_action.go#L164
$.route (RouteOptions).rules[] (Rule){oneOf:0}{allOf:1} (RuleAction){oneOf:1}.udp_timeout,"{""$ref"":""#/$defs/badoption_Duration""}",yes; conditional core requirements still apply," Parent forbids: {""properties"":{""tls_fragment"":{""const"":true},""tls_record_fragment"":{""const"":true}},""required"":[""tls_fragment"",""tls_record_fragment""]}",https://github.com/SagerNet/sing-box/blob/v1.13.21/option/rule_action.go#L166
$.route (RouteOptions).rules[] (Rule){oneOf:0}{allOf:1} (RuleAction){oneOf:2}.action,"{""const"":""direct""}",no in this branch,,https://github.com/SagerNet/sing-box/blob/v1.13.21/option/route.go#L8
$.route (RouteOptions).rules[] (Rule){oneOf:0}{allOf:1} (RuleAction){oneOf:2}.bind_address_no_port,"{""type"":""boolean""}",yes; conditional core requirements still apply,,https://github.com/SagerNet/sing-box/blob/v1.13.21/option/outbound.go#L72
$.route (RouteOptions).rules[] (Rule){oneOf:0}{allOf:1} (RuleAction){oneOf:2}.bind_interface,"{""type"":""string""}",yes; conditional core requirements still apply,,https://github.com/SagerNet/sing-box/blob/v1.13.21/option/outbound.go#L69
$.route (RouteOptions).rules[] (Rule){oneOf:0}{allOf:1} (RuleAction){oneOf:2}.connect_timeout,"{""$ref"":""#/$defs/badoption_Duration""}",yes; conditional core requirements still apply,,https://github.com/SagerNet/sing-box/blob/v1.13.21/option/outbound.go#L77
$.route (RouteOptions).rules[] (Rule){oneOf:0}{allOf:1} (RuleAction){oneOf:2}.disable_tcp_keep_alive,"{""type"":""boolean""}",yes; conditional core requirements still apply,,https://github.com/SagerNet/sing-box/blob/v1.13.21/option/outbound.go#L80
$.route (RouteOptions).rules[] (Rule){oneOf:0}{allOf:1} (RuleAction){oneOf:2}.domain_resolver,"{""$ref"":""#/$defs/DomainResolveOptions""}",yes; conditional core requirements still apply,,https://github.com/SagerNet/sing-box/blob/v1.13.21/option/outbound.go#L85
$.route (RouteOptions).rules[] (Rule){oneOf:0}{allOf:1} (RuleAction){oneOf:2}.domain_strategy,"{""$ref"":""#/$defs/DomainStrategy""}",yes; conditional core requirements still apply,Deprecated: migrated to domain resolver,https://github.com/SagerNet/sing-box/blob/v1.13.21/option/outbound.go#L92
$.route (RouteOptions).rules[] (Rule){oneOf:0}{allOf:1} (RuleAction){oneOf:2}.fallback_delay,"{""$ref"":""#/$defs/badoption_Duration""}",yes; conditional core requirements still apply,,https://github.com/SagerNet/sing-box/blob/v1.13.21/option/outbound.go#L89
$.route (RouteOptions).rules[] (Rule){oneOf:0}{allOf:1} (RuleAction){oneOf:2}.fallback_network_type,"{""anyOf"":[{""$ref"":""#/$defs/InterfaceType""},{""items"":{""$ref"":""#/$defs/InterfaceType""},""type"":""array""}]}",yes; conditional core requirements still apply,,https://github.com/SagerNet/sing-box/blob/v1.13.21/option/outbound.go#L88
$.route (RouteOptions).rules[] (Rule){oneOf:0}{allOf:1} (RuleAction){oneOf:2}.inet4_bind_address,"{""type"":""string""}",yes; conditional core requirements still apply,,https://github.com/SagerNet/sing-box/blob/v1.13.21/option/outbound.go#L70
$.route (RouteOptions).rules[] (Rule){oneOf:0}{allOf:1} (RuleAction){oneOf:2}.inet6_bind_address,"{""type"":""string""}",yes; conditional core requirements still apply,,https://github.com/SagerNet/sing-box/blob/v1.13.21/option/outbound.go#L71
$.route (RouteOptions).rules[] (Rule){oneOf:0}{allOf:1} (RuleAction){oneOf:2}.netns,"{""type"":""string""}",yes; conditional core requirements still apply,,https://github.com/SagerNet/sing-box/blob/v1.13.21/option/outbound.go#L76
$.route (RouteOptions).rules[] (Rule){oneOf:0}{allOf:1} (RuleAction){oneOf:2}.network_strategy,"{""$ref"":""#/$defs/NetworkStrategy""}",yes; conditional core requirements still apply,,https://github.com/SagerNet/sing-box/blob/v1.13.21/option/outbound.go#L86
$.route (RouteOptions).rules[] (Rule){oneOf:0}{allOf:1} (RuleAction){oneOf:2}.network_type,"{""anyOf"":[{""$ref"":""#/$defs/InterfaceType""},{""items"":{""$ref"":""#/$defs/InterfaceType""},""type"":""array""}]}",yes; conditional core requirements still apply,,https://github.com/SagerNet/sing-box/blob/v1.13.21/option/outbound.go#L87
$.route (RouteOptions).rules[] (Rule){oneOf:0}{allOf:1} (RuleAction){oneOf:2}.protect_path,"{""type"":""string""}",yes; conditional core requirements still apply,,https://github.com/SagerNet/sing-box/blob/v1.13.21/option/outbound.go#L73
$.route (RouteOptions).rules[] (Rule){oneOf:0}{allOf:1} (RuleAction){oneOf:2}.reuse_addr,"{""type"":""boolean""}",yes; conditional core requirements still apply,,https://github.com/SagerNet/sing-box/blob/v1.13.21/option/outbound.go#L75
$.route (RouteOptions).rules[] (Rule){oneOf:0}{allOf:1} (RuleAction){oneOf:2}.routing_mark,"{""$ref"":""#/$defs/FwMark""}",yes; conditional core requirements still apply,,https://github.com/SagerNet/sing-box/blob/v1.13.21/option/outbound.go#L74
$.route (RouteOptions).rules[] (Rule){oneOf:0}{allOf:1} (RuleAction){oneOf:2}.tcp_fast_open,"{""type"":""boolean""}",yes; conditional core requirements still apply,,https://github.com/SagerNet/sing-box/blob/v1.13.21/option/outbound.go#L78
$.route (RouteOptions).rules[] (Rule){oneOf:0}{allOf:1} (RuleAction){oneOf:2}.tcp_keep_alive,"{""$ref"":""#/$defs/badoption_Duration""}",yes; conditional core requirements still apply,,https://github.com/SagerNet/sing-box/blob/v1.13.21/option/outbound.go#L81
$.route (RouteOptions).rules[] (Rule){oneOf:0}{allOf:1} (RuleAction){oneOf:2}.tcp_keep_alive_interval,"{""$ref"":""#/$defs/badoption_Duration""}",yes; conditional core requirements still apply,,https://github.com/SagerNet/sing-box/blob/v1.13.21/option/outbound.go#L82
$.route (RouteOptions).rules[] (Rule){oneOf:0}{allOf:1} (RuleAction){oneOf:2}.tcp_multi_path,"{""type"":""boolean""}",yes; conditional core requirements still apply,,https://github.com/SagerNet/sing-box/blob/v1.13.21/option/outbound.go#L79
$.route (RouteOptions).rules[] (Rule){oneOf:0}{allOf:1} (RuleAction){oneOf:2}.udp_fragment,"{""type"":""boolean""}",yes; conditional core requirements still apply,,https://github.com/SagerNet/sing-box/blob/v1.13.21/option/outbound.go#L83
$.route (RouteOptions).rules[] (Rule){oneOf:0}{allOf:1} (RuleAction){oneOf:3}.action,"{""const"":""bypass""}",no in this branch,,https://github.com/SagerNet/sing-box/blob/v1.13.21/option/route.go#L8
$.route (RouteOptions).rules[] (Rule){oneOf:0}{allOf:1} (RuleAction){oneOf:3}.fallback_delay,"{""maximum"":4294967295,""minimum"":0,""type"":""integer""}",yes; conditional core requirements still apply,,https://github.com/SagerNet/sing-box/blob/v1.13.21/option/rule_action.go#L162
$.route (RouteOptions).rules[] (Rule){oneOf:0}{allOf:1} (RuleAction){oneOf:3}.network_strategy,"{""$ref"":""#/$defs/NetworkStrategy""}",yes; conditional core requirements still apply,,https://github.com/SagerNet/sing-box/blob/v1.13.21/option/rule_action.go#L161
$.route (RouteOptions).rules[] (Rule){oneOf:0}{allOf:1} (RuleAction){oneOf:3}.outbound,"{""type"":""string""}",yes; conditional core requirements still apply,,https://github.com/SagerNet/sing-box/blob/v1.13.21/option/rule_action.go#L153
$.route (RouteOptions).rules[] (Rule){oneOf:0}{allOf:1} (RuleAction){oneOf:3}.override_address,"{""type"":""string""}",yes; conditional core requirements still apply,,https://github.com/SagerNet/sing-box/blob/v1.13.21/option/rule_action.go#L158
$.route (RouteOptions).rules[] (Rule){oneOf:0}{allOf:1} (RuleAction){oneOf:3}.override_port,"{""maximum"":65535,""minimum"":0,""type"":""integer""}",yes; conditional core requirements still apply,,https://github.com/SagerNet/sing-box/blob/v1.13.21/option/rule_action.go#L159
$.route (RouteOptions).rules[] (Rule){oneOf:0}{allOf:1} (RuleAction){oneOf:3}.tls_fragment,"{""type"":""boolean""}",yes; conditional core requirements still apply,,https://github.com/SagerNet/sing-box/blob/v1.13.21/option/rule_action.go#L168
$.route (RouteOptions).rules[] (Rule){oneOf:0}{allOf:1} (RuleAction){oneOf:3}.tls_fragment_fallback_delay,"{""$ref"":""#/$defs/badoption_Duration""}",yes; conditional core requirements still apply,,https://github.com/SagerNet/sing-box/blob/v1.13.21/option/rule_action.go#L169
$.route (RouteOptions).rules[] (Rule){oneOf:0}{allOf:1} (RuleAction){oneOf:3}.tls_record_fragment,"{""type"":""boolean""}",yes; conditional core requirements still apply,,https://github.com/SagerNet/sing-box/blob/v1.13.21/option/rule_action.go#L170
$.route (RouteOptions).rules[] (Rule){oneOf:0}{allOf:1} (RuleAction){oneOf:3}.udp_connect,"{""type"":""boolean""}",yes; conditional core requirements still apply,,https://github.com/SagerNet/sing-box/blob/v1.13.21/option/rule_action.go#L165
$.route (RouteOptions).rules[] (Rule){oneOf:0}{allOf:1} (RuleAction){oneOf:3}.udp_disable_domain_unmapping,"{""type"":""boolean""}",yes; conditional core requirements still apply,,https://github.com/SagerNet/sing-box/blob/v1.13.21/option/rule_action.go#L164
$.route (RouteOptions).rules[] (Rule){oneOf:0}{allOf:1} (RuleAction){oneOf:3}.udp_timeout,"{""$ref"":""#/$defs/badoption_Duration""}",yes; conditional core requirements still apply,,https://github.com/SagerNet/sing-box/blob/v1.13.21/option/rule_action.go#L166
$.route (RouteOptions).rules[] (Rule){oneOf:0}{allOf:1} (RuleAction){oneOf:4}.action,"{""const"":""reject""}",no in this branch," Parent forbids: {""properties"":{""method"":{""const"":""drop""},""no_drop"":{""const"":true}},""required"":[""method"",""no_drop""]}",https://github.com/SagerNet/sing-box/blob/v1.13.21/option/route.go#L8
$.route (RouteOptions).rules[] (Rule){oneOf:0}{allOf:1} (RuleAction){oneOf:4}.method,"{""enum"":["""",""default"",""drop"",""reply""],""type"":""string""}",yes; conditional core requirements still apply," Parent forbids: {""properties"":{""method"":{""const"":""drop""},""no_drop"":{""const"":true}},""required"":[""method"",""no_drop""]}",https://github.com/SagerNet/sing-box/blob/v1.13.21/option/rule_action.go#L271
$.route (RouteOptions).rules[] (Rule){oneOf:0}{allOf:1} (RuleAction){oneOf:4}.no_drop,"{""type"":""boolean""}",yes; conditional core requirements still apply," Parent forbids: {""properties"":{""method"":{""const"":""drop""},""no_drop"":{""const"":true}},""required"":[""method"",""no_drop""]}",https://github.com/SagerNet/sing-box/blob/v1.13.21/option/rule_action.go#L272
$.route (RouteOptions).rules[] (Rule){oneOf:0}{allOf:1} (RuleAction){oneOf:5}.action,"{""const"":""hijack-dns""}",no in this branch,,https://github.com/SagerNet/sing-box/blob/v1.13.21/option/route.go#L8
$.route (RouteOptions).rules[] (Rule){oneOf:0}{allOf:1} (RuleAction){oneOf:6}.action,"{""const"":""sniff""}",no in this branch,,https://github.com/SagerNet/sing-box/blob/v1.13.21/option/route.go#L8
$.route (RouteOptions).rules[] (Rule){oneOf:0}{allOf:1} (RuleAction){oneOf:6}.sniffer,"{""anyOf"":[{""type"":""string""},{""items"":{""type"":""string""},""type"":""array""}]}",yes; conditional core requirements still apply,,https://github.com/SagerNet/sing-box/blob/v1.13.21/option/rule_action.go#L305
$.route (RouteOptions).rules[] (Rule){oneOf:0}{allOf:1} (RuleAction){oneOf:6}.timeout,"{""$ref"":""#/$defs/badoption_Duration""}",yes; conditional core requirements still apply,,https://github.com/SagerNet/sing-box/blob/v1.13.21/option/rule_action.go#L306
$.route (RouteOptions).rules[] (Rule){oneOf:0}{allOf:1} (RuleAction){oneOf:7}.action,"{""const"":""resolve""}",no in this branch,,https://github.com/SagerNet/sing-box/blob/v1.13.21/option/route.go#L8
$.route (RouteOptions).rules[] (Rule){oneOf:0}{allOf:1} (RuleAction){oneOf:7}.client_subnet,"{""type"":""string""}",yes; conditional core requirements still apply,,https://github.com/SagerNet/sing-box/blob/v1.13.21/option/rule_action.go#L314
$.route (RouteOptions).rules[] (Rule){oneOf:0}{allOf:1} (RuleAction){oneOf:7}.disable_cache,"{""type"":""boolean""}",yes; conditional core requirements still apply,,https://github.com/SagerNet/sing-box/blob/v1.13.21/option/rule_action.go#L312
$.route (RouteOptions).rules[] (Rule){oneOf:0}{allOf:1} (RuleAction){oneOf:7}.rewrite_ttl,"{""maximum"":4294967295,""minimum"":0,""type"":""integer""}",yes; conditional core requirements still apply,,https://github.com/SagerNet/sing-box/blob/v1.13.21/option/rule_action.go#L313
$.route (RouteOptions).rules[] (Rule){oneOf:0}{allOf:1} (RuleAction){oneOf:7}.server,"{""type"":""string""}",yes; conditional core requirements still apply,,https://github.com/SagerNet/sing-box/blob/v1.13.21/option/rule_action.go#L310
$.route (RouteOptions).rules[] (Rule){oneOf:0}{allOf:1} (RuleAction){oneOf:7}.strategy,"{""$ref"":""#/$defs/DomainStrategy""}",yes; conditional core requirements still apply,,https://github.com/SagerNet/sing-box/blob/v1.13.21/option/rule_action.go#L311
$.route (RouteOptions).rules[] (Rule){oneOf:1}{allOf:0}.invert,"{""type"":""boolean""}",yes; conditional core requirements still apply,,https://github.com/SagerNet/sing-box/blob/v1.13.21/option/rule.go#L141
$.route (RouteOptions).rules[] (Rule){oneOf:1}{allOf:0}.mode,"{""enum"":[""and"",""or""],""type"":""string""}",no in this branch,,https://github.com/SagerNet/sing-box/blob/v1.13.21/option/route.go#L8
$.route (RouteOptions).rules[] (Rule){oneOf:1}{allOf:0}.rules,"{""items"":{""$ref"":""#/$defs/Rule""},""minItems"":1,""type"":""array""}",no in this branch,,https://github.com/SagerNet/sing-box/blob/v1.13.21/option/rule.go#L140
$.route (RouteOptions).rules[] (Rule){oneOf:1}{allOf:0}.type,"{""const"":""logical""}",no in this branch,,https://github.com/SagerNet/sing-box/blob/v1.13.21/option/route.go#L8
$.services,"{""items"":{""$ref"":""#/$defs/Service""},""type"":[""array"",""null""]}",yes; conditional core requirements still apply,,https://github.com/SagerNet/sing-box/blob/v1.13.21/option/options.go#L23
$.services[] (Service){oneOf:0}.bind_interface,"{""type"":""string""}",yes; conditional core requirements still apply,,https://github.com/SagerNet/sing-box/blob/v1.13.21/option/inbound.go#L69
$.services[] (Service){oneOf:0}.credential_path,"{""type"":""string""}",yes; conditional core requirements still apply,,https://github.com/SagerNet/sing-box/blob/v1.13.21/option/ccm.go#L10
$.services[] (Service){oneOf:0}.detour,"{""type"":""string""}",yes; conditional core requirements still apply,,https://github.com/SagerNet/sing-box/blob/v1.13.21/option/ccm.go#L13
$.services[] (Service){oneOf:0}.disable_tcp_keep_alive,"{""type"":""boolean""}",yes; conditional core requirements still apply,,https://github.com/SagerNet/sing-box/blob/v1.13.21/option/inbound.go#L73
$.services[] (Service){oneOf:0}.headers,"{""additionalProperties"":{""anyOf"":[{""type"":""string""},{""items"":{""type"":""string""},""type"":""array""}]},""type"":""object""}",yes; conditional core requirements still apply,,https://github.com/SagerNet/sing-box/blob/v1.13.21/option/ccm.go#L12
$.services[] (Service){oneOf:0}.listen,"{""type"":""string""}",yes; conditional core requirements still apply,,https://github.com/SagerNet/sing-box/blob/v1.13.21/option/inbound.go#L67
$.services[] (Service){oneOf:0}.listen_port,"{""maximum"":65535,""minimum"":0,""type"":""integer""}",yes; conditional core requirements still apply,,https://github.com/SagerNet/sing-box/blob/v1.13.21/option/inbound.go#L68
$.services[] (Service){oneOf:0}.netns,"{""type"":""string""}",yes; conditional core requirements still apply,,https://github.com/SagerNet/sing-box/blob/v1.13.21/option/inbound.go#L72
$.services[] (Service){oneOf:0}.reuse_addr,"{""type"":""boolean""}",yes; conditional core requirements still apply,,https://github.com/SagerNet/sing-box/blob/v1.13.21/option/inbound.go#L71
$.services[] (Service){oneOf:0}.routing_mark,"{""$ref"":""#/$defs/FwMark""}",yes; conditional core requirements still apply,,https://github.com/SagerNet/sing-box/blob/v1.13.21/option/inbound.go#L70
$.services[] (Service){oneOf:0}.tag,"{""type"":""string""}",yes; conditional core requirements still apply,,https://github.com/SagerNet/sing-box/blob/v1.13.21/option/options.go#L23
$.services[] (Service){oneOf:0}.tcp_fast_open,"{""type"":""boolean""}",yes; conditional core requirements still apply,,https://github.com/SagerNet/sing-box/blob/v1.13.21/option/inbound.go#L76
$.services[] (Service){oneOf:0}.tcp_keep_alive,"{""$ref"":""#/$defs/badoption_Duration""}",yes; conditional core requirements still apply,,https://github.com/SagerNet/sing-box/blob/v1.13.21/option/inbound.go#L74
$.services[] (Service){oneOf:0}.tcp_keep_alive_interval,"{""$ref"":""#/$defs/badoption_Duration""}",yes; conditional core requirements still apply,,https://github.com/SagerNet/sing-box/blob/v1.13.21/option/inbound.go#L75
$.services[] (Service){oneOf:0}.tcp_multi_path,"{""type"":""boolean""}",yes; conditional core requirements still apply,,https://github.com/SagerNet/sing-box/blob/v1.13.21/option/inbound.go#L77
$.services[] (Service){oneOf:0}.tls,"{""$ref"":""#/$defs/InboundTLSOptions""}",yes; conditional core requirements still apply,,https://github.com/SagerNet/sing-box/blob/v1.13.21/option/tls.go#L81
$.services[] (Service){oneOf:0}.type,"{""const"":""ccm""}",no in this branch,,https://github.com/SagerNet/sing-box/blob/v1.13.21/option/options.go#L23
$.services[] (Service){oneOf:0}.udp_fragment,"{""type"":""boolean""}",yes; conditional core requirements still apply,,https://github.com/SagerNet/sing-box/blob/v1.13.21/option/inbound.go#L78
$.services[] (Service){oneOf:0}.udp_timeout,"{""$ref"":""#/$defs/UDPTimeoutCompat""}",yes; conditional core requirements still apply,,https://github.com/SagerNet/sing-box/blob/v1.13.21/option/inbound.go#L80
$.services[] (Service){oneOf:0}.usages_path,"{""type"":""string""}",yes; conditional core requirements still apply,,https://github.com/SagerNet/sing-box/blob/v1.13.21/option/ccm.go#L14
$.services[] (Service){oneOf:0}.users,"{""items"":{""$ref"":""#/$defs/CCMUser""},""type"":""array""}",yes; conditional core requirements still apply,,https://github.com/SagerNet/sing-box/blob/v1.13.21/option/ccm.go#L11
$.services[] (Service){oneOf:0}.users[] (CCMUser).name,"{""type"":""string""}",yes; conditional core requirements still apply,,https://github.com/SagerNet/sing-box/blob/v1.13.21/option/ccm.go#L18
$.services[] (Service){oneOf:0}.users[] (CCMUser).token,"{""type"":""string""}",yes; conditional core requirements still apply,,https://github.com/SagerNet/sing-box/blob/v1.13.21/option/ccm.go#L19
$.services[] (Service){oneOf:1}.bind_interface,"{""type"":""string""}",yes; conditional core requirements still apply,,https://github.com/SagerNet/sing-box/blob/v1.13.21/option/inbound.go#L69
$.services[] (Service){oneOf:1}.config_path,"{""type"":""string""}",yes; conditional core requirements still apply,,https://github.com/SagerNet/sing-box/blob/v1.13.21/option/tailscale.go#L42
$.services[] (Service){oneOf:1}.detour,"{""type"":""string""}",yes; conditional core requirements still apply,,https://github.com/SagerNet/sing-box/blob/v1.13.21/option/inbound.go#L81
$.services[] (Service){oneOf:1}.disable_tcp_keep_alive,"{""type"":""boolean""}",yes; conditional core requirements still apply,,https://github.com/SagerNet/sing-box/blob/v1.13.21/option/inbound.go#L73
$.services[] (Service){oneOf:1}.home,"{""type"":""string""}",yes; conditional core requirements still apply,,https://github.com/SagerNet/sing-box/blob/v1.13.21/option/tailscale.go#L45
$.services[] (Service){oneOf:1}.listen,"{""type"":""string""}",yes; conditional core requirements still apply,,https://github.com/SagerNet/sing-box/blob/v1.13.21/option/inbound.go#L67
$.services[] (Service){oneOf:1}.listen_port,"{""maximum"":65535,""minimum"":0,""type"":""integer""}",yes; conditional core requirements still apply,,https://github.com/SagerNet/sing-box/blob/v1.13.21/option/inbound.go#L68
$.services[] (Service){oneOf:1}.mesh_psk,"{""type"":""string""}",yes; conditional core requirements still apply,,https://github.com/SagerNet/sing-box/blob/v1.13.21/option/tailscale.go#L47
$.services[] (Service){oneOf:1}.mesh_psk_file,"{""type"":""string""}",yes; conditional core requirements still apply,,https://github.com/SagerNet/sing-box/blob/v1.13.21/option/tailscale.go#L48
$.services[] (Service){oneOf:1}.mesh_with,"{""anyOf"":[{""$ref"":""#/$defs/DERPMeshOptions""},{""items"":{""$ref"":""#/$defs/DERPMeshOptions""},""type"":""array""}]}",yes; conditional core requirements still apply,,https://github.com/SagerNet/sing-box/blob/v1.13.21/option/tailscale.go#L46
$.services[] (Service){oneOf:1}.mesh_with{anyOf:0} (DERPMeshOptions).bind_address_no_port,"{""type"":""boolean""}",yes; conditional core requirements still apply,,https://github.com/SagerNet/sing-box/blob/v1.13.21/option/outbound.go#L72
$.services[] (Service){oneOf:1}.mesh_with{anyOf:0} (DERPMeshOptions).bind_interface,"{""type"":""string""}",yes; conditional core requirements still apply,,https://github.com/SagerNet/sing-box/blob/v1.13.21/option/outbound.go#L69
$.services[] (Service){oneOf:1}.mesh_with{anyOf:0} (DERPMeshOptions).connect_timeout,"{""$ref"":""#/$defs/badoption_Duration""}",yes; conditional core requirements still apply,,https://github.com/SagerNet/sing-box/blob/v1.13.21/option/outbound.go#L77
$.services[] (Service){oneOf:1}.mesh_with{anyOf:0} (DERPMeshOptions).detour,"{""type"":""string""}",yes; conditional core requirements still apply,,https://github.com/SagerNet/sing-box/blob/v1.13.21/option/outbound.go#L68
$.services[] (Service){oneOf:1}.mesh_with{anyOf:0} (DERPMeshOptions).disable_tcp_keep_alive,"{""type"":""boolean""}",yes; conditional core requirements still apply,,https://github.com/SagerNet/sing-box/blob/v1.13.21/option/outbound.go#L80
$.services[] (Service){oneOf:1}.mesh_with{anyOf:0} (DERPMeshOptions).domain_resolver,"{""$ref"":""#/$defs/DomainResolveOptions""}",yes; conditional core requirements still apply,,https://github.com/SagerNet/sing-box/blob/v1.13.21/option/outbound.go#L85
$.services[] (Service){oneOf:1}.mesh_with{anyOf:0} (DERPMeshOptions).domain_strategy,"{""$ref"":""#/$defs/DomainStrategy""}",yes; conditional core requirements still apply,Deprecated: migrated to domain resolver,https://github.com/SagerNet/sing-box/blob/v1.13.21/option/outbound.go#L92
$.services[] (Service){oneOf:1}.mesh_with{anyOf:0} (DERPMeshOptions).fallback_delay,"{""$ref"":""#/$defs/badoption_Duration""}",yes; conditional core requirements still apply,,https://github.com/SagerNet/sing-box/blob/v1.13.21/option/outbound.go#L89
$.services[] (Service){oneOf:1}.mesh_with{anyOf:0} (DERPMeshOptions).fallback_network_type,"{""anyOf"":[{""$ref"":""#/$defs/InterfaceType""},{""items"":{""$ref"":""#/$defs/InterfaceType""},""type"":""array""}]}",yes; conditional core requirements still apply,,https://github.com/SagerNet/sing-box/blob/v1.13.21/option/outbound.go#L88
$.services[] (Service){oneOf:1}.mesh_with{anyOf:0} (DERPMeshOptions).host,"{""type"":""string""}",yes; conditional core requirements still apply,,https://github.com/SagerNet/sing-box/blob/v1.13.21/option/tailscale.go#L87
$.services[] (Service){oneOf:1}.mesh_with{anyOf:0} (DERPMeshOptions).inet4_bind_address,"{""type"":""string""}",yes; conditional core requirements still apply,,https://github.com/SagerNet/sing-box/blob/v1.13.21/option/outbound.go#L70
$.services[] (Service){oneOf:1}.mesh_with{anyOf:0} (DERPMeshOptions).inet6_bind_address,"{""type"":""string""}",yes; conditional core requirements still apply,,https://github.com/SagerNet/sing-box/blob/v1.13.21/option/outbound.go#L71
$.services[] (Service){oneOf:1}.mesh_with{anyOf:0} (DERPMeshOptions).netns,"{""type"":""string""}",yes; conditional core requirements still apply,,https://github.com/SagerNet/sing-box/blob/v1.13.21/option/outbound.go#L76
$.services[] (Service){oneOf:1}.mesh_with{anyOf:0} (DERPMeshOptions).network_strategy,"{""$ref"":""#/$defs/NetworkStrategy""}",yes; conditional core requirements still apply,,https://github.com/SagerNet/sing-box/blob/v1.13.21/option/outbound.go#L86
$.services[] (Service){oneOf:1}.mesh_with{anyOf:0} (DERPMeshOptions).network_type,"{""anyOf"":[{""$ref"":""#/$defs/InterfaceType""},{""items"":{""$ref"":""#/$defs/InterfaceType""},""type"":""array""}]}",yes; conditional core requirements still apply,,https://github.com/SagerNet/sing-box/blob/v1.13.21/option/outbound.go#L87
$.services[] (Service){oneOf:1}.mesh_with{anyOf:0} (DERPMeshOptions).protect_path,"{""type"":""string""}",yes; conditional core requirements still apply,,https://github.com/SagerNet/sing-box/blob/v1.13.21/option/outbound.go#L73
$.services[] (Service){oneOf:1}.mesh_with{anyOf:0} (DERPMeshOptions).reuse_addr,"{""type"":""boolean""}",yes; conditional core requirements still apply,,https://github.com/SagerNet/sing-box/blob/v1.13.21/option/outbound.go#L75
$.services[] (Service){oneOf:1}.mesh_with{anyOf:0} (DERPMeshOptions).routing_mark,"{""$ref"":""#/$defs/FwMark""}",yes; conditional core requirements still apply,,https://github.com/SagerNet/sing-box/blob/v1.13.21/option/outbound.go#L74
$.services[] (Service){oneOf:1}.mesh_with{anyOf:0} (DERPMeshOptions).server,"{""type"":""string""}",yes; conditional core requirements still apply,,https://github.com/SagerNet/sing-box/blob/v1.13.21/option/outbound.go#L149
$.services[] (Service){oneOf:1}.mesh_with{anyOf:0} (DERPMeshOptions).server_port,"{""maximum"":65535,""minimum"":0,""type"":""integer""}",yes; conditional core requirements still apply,,https://github.com/SagerNet/sing-box/blob/v1.13.21/option/outbound.go#L150
$.services[] (Service){oneOf:1}.mesh_with{anyOf:0} (DERPMeshOptions).tcp_fast_open,"{""type"":""boolean""}",yes; conditional core requirements still apply,,https://github.com/SagerNet/sing-box/blob/v1.13.21/option/outbound.go#L78
$.services[] (Service){oneOf:1}.mesh_with{anyOf:0} (DERPMeshOptions).tcp_keep_alive,"{""$ref"":""#/$defs/badoption_Duration""}",yes; conditional core requirements still apply,,https://github.com/SagerNet/sing-box/blob/v1.13.21/option/outbound.go#L81
$.services[] (Service){oneOf:1}.mesh_with{anyOf:0} (DERPMeshOptions).tcp_keep_alive_interval,"{""$ref"":""#/$defs/badoption_Duration""}",yes; conditional core requirements still apply,,https://github.com/SagerNet/sing-box/blob/v1.13.21/option/outbound.go#L82
$.services[] (Service){oneOf:1}.mesh_with{anyOf:0} (DERPMeshOptions).tcp_multi_path,"{""type"":""boolean""}",yes; conditional core requirements still apply,,https://github.com/SagerNet/sing-box/blob/v1.13.21/option/outbound.go#L79
$.services[] (Service){oneOf:1}.mesh_with{anyOf:0} (DERPMeshOptions).tls,"{""$ref"":""#/$defs/OutboundTLSOptions""}",yes; conditional core requirements still apply,,https://github.com/SagerNet/sing-box/blob/v1.13.21/option/tls.go#L125
$.services[] (Service){oneOf:1}.mesh_with{anyOf:0} (DERPMeshOptions).udp_fragment,"{""type"":""boolean""}",yes; conditional core requirements still apply,,https://github.com/SagerNet/sing-box/blob/v1.13.21/option/outbound.go#L83
$.services[] (Service){oneOf:1}.netns,"{""type"":""string""}",yes; conditional core requirements still apply,,https://github.com/SagerNet/sing-box/blob/v1.13.21/option/inbound.go#L72
$.services[] (Service){oneOf:1}.reuse_addr,"{""type"":""boolean""}",yes; conditional core requirements still apply,,https://github.com/SagerNet/sing-box/blob/v1.13.21/option/inbound.go#L71
$.services[] (Service){oneOf:1}.routing_mark,"{""$ref"":""#/$defs/FwMark""}",yes; conditional core requirements still apply,,https://github.com/SagerNet/sing-box/blob/v1.13.21/option/inbound.go#L70
$.services[] (Service){oneOf:1}.stun,"{""$ref"":""#/$defs/DERPSTUNListenOptions""}",yes; conditional core requirements still apply,,https://github.com/SagerNet/sing-box/blob/v1.13.21/option/tailscale.go#L49
$.services[] (Service){oneOf:1}.stun (DERPSTUNListenOptions){anyOf:1}.bind_interface,"{""type"":""string""}",yes; conditional core requirements still apply,,https://github.com/SagerNet/sing-box/blob/v1.13.21/option/inbound.go#L69
$.services[] (Service){oneOf:1}.stun (DERPSTUNListenOptions){anyOf:1}.detour,"{""type"":""string""}",yes; conditional core requirements still apply,,https://github.com/SagerNet/sing-box/blob/v1.13.21/option/inbound.go#L81
$.services[] (Service){oneOf:1}.stun (DERPSTUNListenOptions){anyOf:1}.disable_tcp_keep_alive,"{""type"":""boolean""}",yes; conditional core requirements still apply,,https://github.com/SagerNet/sing-box/blob/v1.13.21/option/inbound.go#L73
$.services[] (Service){oneOf:1}.stun (DERPSTUNListenOptions){anyOf:1}.enabled,"{""type"":""boolean""}",yes; conditional core requirements still apply,,https://github.com/SagerNet/sing-box/blob/v1.13.21/option/tailscale.go#L93
$.services[] (Service){oneOf:1}.stun (DERPSTUNListenOptions){anyOf:1}.listen,"{""type"":""string""}",yes; conditional core requirements still apply,,https://github.com/SagerNet/sing-box/blob/v1.13.21/option/inbound.go#L67
$.services[] (Service){oneOf:1}.stun (DERPSTUNListenOptions){anyOf:1}.listen_port,"{""maximum"":65535,""minimum"":0,""type"":""integer""}",yes; conditional core requirements still apply,,https://github.com/SagerNet/sing-box/blob/v1.13.21/option/inbound.go#L68
$.services[] (Service){oneOf:1}.stun (DERPSTUNListenOptions){anyOf:1}.netns,"{""type"":""string""}",yes; conditional core requirements still apply,,https://github.com/SagerNet/sing-box/blob/v1.13.21/option/inbound.go#L72
$.services[] (Service){oneOf:1}.stun (DERPSTUNListenOptions){anyOf:1}.reuse_addr,"{""type"":""boolean""}",yes; conditional core requirements still apply,,https://github.com/SagerNet/sing-box/blob/v1.13.21/option/inbound.go#L71
$.services[] (Service){oneOf:1}.stun (DERPSTUNListenOptions){anyOf:1}.routing_mark,"{""$ref"":""#/$defs/FwMark""}",yes; conditional core requirements still apply,,https://github.com/SagerNet/sing-box/blob/v1.13.21/option/inbound.go#L70
$.services[] (Service){oneOf:1}.stun (DERPSTUNListenOptions){anyOf:1}.tcp_fast_open,"{""type"":""boolean""}",yes; conditional core requirements still apply,,https://github.com/SagerNet/sing-box/blob/v1.13.21/option/inbound.go#L76
$.services[] (Service){oneOf:1}.stun (DERPSTUNListenOptions){anyOf:1}.tcp_keep_alive,"{""$ref"":""#/$defs/badoption_Duration""}",yes; conditional core requirements still apply,,https://github.com/SagerNet/sing-box/blob/v1.13.21/option/inbound.go#L74
$.services[] (Service){oneOf:1}.stun (DERPSTUNListenOptions){anyOf:1}.tcp_keep_alive_interval,"{""$ref"":""#/$defs/badoption_Duration""}",yes; conditional core requirements still apply,,https://github.com/SagerNet/sing-box/blob/v1.13.21/option/inbound.go#L75
$.services[] (Service){oneOf:1}.stun (DERPSTUNListenOptions){anyOf:1}.tcp_multi_path,"{""type"":""boolean""}",yes; conditional core requirements still apply,,https://github.com/SagerNet/sing-box/blob/v1.13.21/option/inbound.go#L77
$.services[] (Service){oneOf:1}.stun (DERPSTUNListenOptions){anyOf:1}.udp_fragment,"{""type"":""boolean""}",yes; conditional core requirements still apply,,https://github.com/SagerNet/sing-box/blob/v1.13.21/option/inbound.go#L78
$.services[] (Service){oneOf:1}.stun (DERPSTUNListenOptions){anyOf:1}.udp_timeout,"{""$ref"":""#/$defs/UDPTimeoutCompat""}",yes; conditional core requirements still apply,,https://github.com/SagerNet/sing-box/blob/v1.13.21/option/inbound.go#L80
$.services[] (Service){oneOf:1}.tag,"{""type"":""string""}",yes; conditional core requirements still apply,,https://github.com/SagerNet/sing-box/blob/v1.13.21/option/options.go#L23
$.services[] (Service){oneOf:1}.tcp_fast_open,"{""type"":""boolean""}",yes; conditional core requirements still apply,,https://github.com/SagerNet/sing-box/blob/v1.13.21/option/inbound.go#L76
$.services[] (Service){oneOf:1}.tcp_keep_alive,"{""$ref"":""#/$defs/badoption_Duration""}",yes; conditional core requirements still apply,,https://github.com/SagerNet/sing-box/blob/v1.13.21/option/inbound.go#L74
$.services[] (Service){oneOf:1}.tcp_keep_alive_interval,"{""$ref"":""#/$defs/badoption_Duration""}",yes; conditional core requirements still apply,,https://github.com/SagerNet/sing-box/blob/v1.13.21/option/inbound.go#L75
$.services[] (Service){oneOf:1}.tcp_multi_path,"{""type"":""boolean""}",yes; conditional core requirements still apply,,https://github.com/SagerNet/sing-box/blob/v1.13.21/option/inbound.go#L77
$.services[] (Service){oneOf:1}.tls,"{""$ref"":""#/$defs/InboundTLSOptions""}",yes; conditional core requirements still apply,,https://github.com/SagerNet/sing-box/blob/v1.13.21/option/tls.go#L81
$.services[] (Service){oneOf:1}.type,"{""const"":""derp""}",no in this branch,,https://github.com/SagerNet/sing-box/blob/v1.13.21/option/options.go#L23
$.services[] (Service){oneOf:1}.udp_fragment,"{""type"":""boolean""}",yes; conditional core requirements still apply,,https://github.com/SagerNet/sing-box/blob/v1.13.21/option/inbound.go#L78
$.services[] (Service){oneOf:1}.udp_timeout,"{""$ref"":""#/$defs/UDPTimeoutCompat""}",yes; conditional core requirements still apply,,https://github.com/SagerNet/sing-box/blob/v1.13.21/option/inbound.go#L80
$.services[] (Service){oneOf:1}.verify_client_endpoint,"{""anyOf"":[{""type"":""string""},{""items"":{""type"":""string""},""type"":""array""}]}",yes; conditional core requirements still apply,,https://github.com/SagerNet/sing-box/blob/v1.13.21/option/tailscale.go#L43
$.services[] (Service){oneOf:1}.verify_client_url,"{""anyOf"":[{""$ref"":""#/$defs/DERPVerifyClientURLOptions""},{""items"":{""$ref"":""#/$defs/DERPVerifyClientURLOptions""},""type"":""array""}]}",yes; conditional core requirements still apply,,https://github.com/SagerNet/sing-box/blob/v1.13.21/option/tailscale.go#L44
$.services[] (Service){oneOf:1}.verify_client_url{anyOf:0} (DERPVerifyClientURLOptions){anyOf:1}.bind_address_no_port,"{""type"":""boolean""}",yes; conditional core requirements still apply,,https://github.com/SagerNet/sing-box/blob/v1.13.21/option/outbound.go#L72
$.services[] (Service){oneOf:1}.verify_client_url{anyOf:0} (DERPVerifyClientURLOptions){anyOf:1}.bind_interface,"{""type"":""string""}",yes; conditional core requirements still apply,,https://github.com/SagerNet/sing-box/blob/v1.13.21/option/outbound.go#L69
$.services[] (Service){oneOf:1}.verify_client_url{anyOf:0} (DERPVerifyClientURLOptions){anyOf:1}.connect_timeout,"{""$ref"":""#/$defs/badoption_Duration""}",yes; conditional core requirements still apply,,https://github.com/SagerNet/sing-box/blob/v1.13.21/option/outbound.go#L77
$.services[] (Service){oneOf:1}.verify_client_url{anyOf:0} (DERPVerifyClientURLOptions){anyOf:1}.detour,"{""type"":""string""}",yes; conditional core requirements still apply,,https://github.com/SagerNet/sing-box/blob/v1.13.21/option/outbound.go#L68
$.services[] (Service){oneOf:1}.verify_client_url{anyOf:0} (DERPVerifyClientURLOptions){anyOf:1}.disable_tcp_keep_alive,"{""type"":""boolean""}",yes; conditional core requirements still apply,,https://github.com/SagerNet/sing-box/blob/v1.13.21/option/outbound.go#L80
$.services[] (Service){oneOf:1}.verify_client_url{anyOf:0} (DERPVerifyClientURLOptions){anyOf:1}.domain_resolver,"{""$ref"":""#/$defs/DomainResolveOptions""}",yes; conditional core requirements still apply,,https://github.com/SagerNet/sing-box/blob/v1.13.21/option/outbound.go#L85
$.services[] (Service){oneOf:1}.verify_client_url{anyOf:0} (DERPVerifyClientURLOptions){anyOf:1}.domain_strategy,"{""$ref"":""#/$defs/DomainStrategy""}",yes; conditional core requirements still apply,Deprecated: migrated to domain resolver,https://github.com/SagerNet/sing-box/blob/v1.13.21/option/outbound.go#L92
$.services[] (Service){oneOf:1}.verify_client_url{anyOf:0} (DERPVerifyClientURLOptions){anyOf:1}.fallback_delay,"{""$ref"":""#/$defs/badoption_Duration""}",yes; conditional core requirements still apply,,https://github.com/SagerNet/sing-box/blob/v1.13.21/option/outbound.go#L89
$.services[] (Service){oneOf:1}.verify_client_url{anyOf:0} (DERPVerifyClientURLOptions){anyOf:1}.fallback_network_type,"{""anyOf"":[{""$ref"":""#/$defs/InterfaceType""},{""items"":{""$ref"":""#/$defs/InterfaceType""},""type"":""array""}]}",yes; conditional core requirements still apply,,https://github.com/SagerNet/sing-box/blob/v1.13.21/option/outbound.go#L88
$.services[] (Service){oneOf:1}.verify_client_url{anyOf:0} (DERPVerifyClientURLOptions){anyOf:1}.inet4_bind_address,"{""type"":""string""}",yes; conditional core requirements still apply,,https://github.com/SagerNet/sing-box/blob/v1.13.21/option/outbound.go#L70
$.services[] (Service){oneOf:1}.verify_client_url{anyOf:0} (DERPVerifyClientURLOptions){anyOf:1}.inet6_bind_address,"{""type"":""string""}",yes; conditional core requirements still apply,,https://github.com/SagerNet/sing-box/blob/v1.13.21/option/outbound.go#L71
$.services[] (Service){oneOf:1}.verify_client_url{anyOf:0} (DERPVerifyClientURLOptions){anyOf:1}.netns,"{""type"":""string""}",yes; conditional core requirements still apply,,https://github.com/SagerNet/sing-box/blob/v1.13.21/option/outbound.go#L76
$.services[] (Service){oneOf:1}.verify_client_url{anyOf:0} (DERPVerifyClientURLOptions){anyOf:1}.network_strategy,"{""$ref"":""#/$defs/NetworkStrategy""}",yes; conditional core requirements still apply,,https://github.com/SagerNet/sing-box/blob/v1.13.21/option/outbound.go#L86
$.services[] (Service){oneOf:1}.verify_client_url{anyOf:0} (DERPVerifyClientURLOptions){anyOf:1}.network_type,"{""anyOf"":[{""$ref"":""#/$defs/InterfaceType""},{""items"":{""$ref"":""#/$defs/InterfaceType""},""type"":""array""}]}",yes; conditional core requirements still apply,,https://github.com/SagerNet/sing-box/blob/v1.13.21/option/outbound.go#L87
$.services[] (Service){oneOf:1}.verify_client_url{anyOf:0} (DERPVerifyClientURLOptions){anyOf:1}.protect_path,"{""type"":""string""}",yes; conditional core requirements still apply,,https://github.com/SagerNet/sing-box/blob/v1.13.21/option/outbound.go#L73
$.services[] (Service){oneOf:1}.verify_client_url{anyOf:0} (DERPVerifyClientURLOptions){anyOf:1}.reuse_addr,"{""type"":""boolean""}",yes; conditional core requirements still apply,,https://github.com/SagerNet/sing-box/blob/v1.13.21/option/outbound.go#L75
$.services[] (Service){oneOf:1}.verify_client_url{anyOf:0} (DERPVerifyClientURLOptions){anyOf:1}.routing_mark,"{""$ref"":""#/$defs/FwMark""}",yes; conditional core requirements still apply,,https://github.com/SagerNet/sing-box/blob/v1.13.21/option/outbound.go#L74
$.services[] (Service){oneOf:1}.verify_client_url{anyOf:0} (DERPVerifyClientURLOptions){anyOf:1}.tcp_fast_open,"{""type"":""boolean""}",yes; conditional core requirements still apply,,https://github.com/SagerNet/sing-box/blob/v1.13.21/option/outbound.go#L78
$.services[] (Service){oneOf:1}.verify_client_url{anyOf:0} (DERPVerifyClientURLOptions){anyOf:1}.tcp_keep_alive,"{""$ref"":""#/$defs/badoption_Duration""}",yes; conditional core requirements still apply,,https://github.com/SagerNet/sing-box/blob/v1.13.21/option/outbound.go#L81
$.services[] (Service){oneOf:1}.verify_client_url{anyOf:0} (DERPVerifyClientURLOptions){anyOf:1}.tcp_keep_alive_interval,"{""$ref"":""#/$defs/badoption_Duration""}",yes; conditional core requirements still apply,,https://github.com/SagerNet/sing-box/blob/v1.13.21/option/outbound.go#L82
$.services[] (Service){oneOf:1}.verify_client_url{anyOf:0} (DERPVerifyClientURLOptions){anyOf:1}.tcp_multi_path,"{""type"":""boolean""}",yes; conditional core requirements still apply,,https://github.com/SagerNet/sing-box/blob/v1.13.21/option/outbound.go#L79
$.services[] (Service){oneOf:1}.verify_client_url{anyOf:0} (DERPVerifyClientURLOptions){anyOf:1}.udp_fragment,"{""type"":""boolean""}",yes; conditional core requirements still apply,,https://github.com/SagerNet/sing-box/blob/v1.13.21/option/outbound.go#L83
$.services[] (Service){oneOf:1}.verify_client_url{anyOf:0} (DERPVerifyClientURLOptions){anyOf:1}.url,"{""type"":""string""}",yes; conditional core requirements still apply,,https://github.com/SagerNet/sing-box/blob/v1.13.21/option/tailscale.go#L53
$.services[] (Service){oneOf:2}.bind_interface,"{""type"":""string""}",yes; conditional core requirements still apply,,https://github.com/SagerNet/sing-box/blob/v1.13.21/option/inbound.go#L69
$.services[] (Service){oneOf:2}.credential_path,"{""type"":""string""}",yes; conditional core requirements still apply,,https://github.com/SagerNet/sing-box/blob/v1.13.21/option/ocm.go#L10
$.services[] (Service){oneOf:2}.detour,"{""type"":""string""}",yes; conditional core requirements still apply,,https://github.com/SagerNet/sing-box/blob/v1.13.21/option/ocm.go#L13
$.services[] (Service){oneOf:2}.disable_tcp_keep_alive,"{""type"":""boolean""}",yes; conditional core requirements still apply,,https://github.com/SagerNet/sing-box/blob/v1.13.21/option/inbound.go#L73
$.services[] (Service){oneOf:2}.headers,"{""additionalProperties"":{""anyOf"":[{""type"":""string""},{""items"":{""type"":""string""},""type"":""array""}]},""type"":""object""}",yes; conditional core requirements still apply,,https://github.com/SagerNet/sing-box/blob/v1.13.21/option/ocm.go#L12
$.services[] (Service){oneOf:2}.listen,"{""type"":""string""}",yes; conditional core requirements still apply,,https://github.com/SagerNet/sing-box/blob/v1.13.21/option/inbound.go#L67
$.services[] (Service){oneOf:2}.listen_port,"{""maximum"":65535,""minimum"":0,""type"":""integer""}",yes; conditional core requirements still apply,,https://github.com/SagerNet/sing-box/blob/v1.13.21/option/inbound.go#L68
$.services[] (Service){oneOf:2}.netns,"{""type"":""string""}",yes; conditional core requirements still apply,,https://github.com/SagerNet/sing-box/blob/v1.13.21/option/inbound.go#L72
$.services[] (Service){oneOf:2}.reuse_addr,"{""type"":""boolean""}",yes; conditional core requirements still apply,,https://github.com/SagerNet/sing-box/blob/v1.13.21/option/inbound.go#L71
$.services[] (Service){oneOf:2}.routing_mark,"{""$ref"":""#/$defs/FwMark""}",yes; conditional core requirements still apply,,https://github.com/SagerNet/sing-box/blob/v1.13.21/option/inbound.go#L70
$.services[] (Service){oneOf:2}.tag,"{""type"":""string""}",yes; conditional core requirements still apply,,https://github.com/SagerNet/sing-box/blob/v1.13.21/option/options.go#L23
$.services[] (Service){oneOf:2}.tcp_fast_open,"{""type"":""boolean""}",yes; conditional core requirements still apply,,https://github.com/SagerNet/sing-box/blob/v1.13.21/option/inbound.go#L76
$.services[] (Service){oneOf:2}.tcp_keep_alive,"{""$ref"":""#/$defs/badoption_Duration""}",yes; conditional core requirements still apply,,https://github.com/SagerNet/sing-box/blob/v1.13.21/option/inbound.go#L74
$.services[] (Service){oneOf:2}.tcp_keep_alive_interval,"{""$ref"":""#/$defs/badoption_Duration""}",yes; conditional core requirements still apply,,https://github.com/SagerNet/sing-box/blob/v1.13.21/option/inbound.go#L75
$.services[] (Service){oneOf:2}.tcp_multi_path,"{""type"":""boolean""}",yes; conditional core requirements still apply,,https://github.com/SagerNet/sing-box/blob/v1.13.21/option/inbound.go#L77
$.services[] (Service){oneOf:2}.tls,"{""$ref"":""#/$defs/InboundTLSOptions""}",yes; conditional core requirements still apply,,https://github.com/SagerNet/sing-box/blob/v1.13.21/option/tls.go#L81
$.services[] (Service){oneOf:2}.type,"{""const"":""ocm""}",no in this branch,,https://github.com/SagerNet/sing-box/blob/v1.13.21/option/options.go#L23
$.services[] (Service){oneOf:2}.udp_fragment,"{""type"":""boolean""}",yes; conditional core requirements still apply,,https://github.com/SagerNet/sing-box/blob/v1.13.21/option/inbound.go#L78
$.services[] (Service){oneOf:2}.udp_timeout,"{""$ref"":""#/$defs/UDPTimeoutCompat""}",yes; conditional core requirements still apply,,https://github.com/SagerNet/sing-box/blob/v1.13.21/option/inbound.go#L80
$.services[] (Service){oneOf:2}.usages_path,"{""type"":""string""}",yes; conditional core requirements still apply,,https://github.com/SagerNet/sing-box/blob/v1.13.21/option/ocm.go#L14
$.services[] (Service){oneOf:2}.users,"{""items"":{""$ref"":""#/$defs/OCMUser""},""type"":""array""}",yes; conditional core requirements still apply,,https://github.com/SagerNet/sing-box/blob/v1.13.21/option/ocm.go#L11
$.services[] (Service){oneOf:2}.users[] (OCMUser).name,"{""type"":""string""}",yes; conditional core requirements still apply,,https://github.com/SagerNet/sing-box/blob/v1.13.21/option/ocm.go#L18
$.services[] (Service){oneOf:2}.users[] (OCMUser).token,"{""type"":""string""}",yes; conditional core requirements still apply,,https://github.com/SagerNet/sing-box/blob/v1.13.21/option/ocm.go#L19
$.services[] (Service){oneOf:3}.checks_before_limit,"{""type"":""integer""}",yes; conditional core requirements still apply,,https://github.com/SagerNet/sing-box/blob/v1.13.21/option/oom_killer.go#L13
$.services[] (Service){oneOf:3}.max_interval,"{""$ref"":""#/$defs/badoption_Duration""}",yes; conditional core requirements still apply,,https://github.com/SagerNet/sing-box/blob/v1.13.21/option/oom_killer.go#L12
$.services[] (Service){oneOf:3}.memory_limit,"{""$ref"":""#/$defs/byteformats_MemoryBytes""}",yes; conditional core requirements still apply,,https://github.com/SagerNet/sing-box/blob/v1.13.21/option/oom_killer.go#L9
$.services[] (Service){oneOf:3}.min_interval,"{""$ref"":""#/$defs/badoption_Duration""}",yes; conditional core requirements still apply,,https://github.com/SagerNet/sing-box/blob/v1.13.21/option/oom_killer.go#L11
$.services[] (Service){oneOf:3}.safety_margin,"{""$ref"":""#/$defs/byteformats_MemoryBytes""}",yes; conditional core requirements still apply,,https://github.com/SagerNet/sing-box/blob/v1.13.21/option/oom_killer.go#L10
$.services[] (Service){oneOf:3}.tag,"{""type"":""string""}",yes; conditional core requirements still apply,,https://github.com/SagerNet/sing-box/blob/v1.13.21/option/options.go#L23
$.services[] (Service){oneOf:3}.type,"{""const"":""oom-killer""}",no in this branch,,https://github.com/SagerNet/sing-box/blob/v1.13.21/option/options.go#L23
$.services[] (Service){oneOf:4}.bind_interface,"{""type"":""string""}",yes; conditional core requirements still apply,,https://github.com/SagerNet/sing-box/blob/v1.13.21/option/inbound.go#L69
$.services[] (Service){oneOf:4}.detour,"{""type"":""string""}",yes; conditional core requirements still apply,,https://github.com/SagerNet/sing-box/blob/v1.13.21/option/inbound.go#L81
$.services[] (Service){oneOf:4}.disable_tcp_keep_alive,"{""type"":""boolean""}",yes; conditional core requirements still apply,,https://github.com/SagerNet/sing-box/blob/v1.13.21/option/inbound.go#L73
$.services[] (Service){oneOf:4}.listen,"{""type"":""string""}",yes; conditional core requirements still apply,,https://github.com/SagerNet/sing-box/blob/v1.13.21/option/inbound.go#L67
$.services[] (Service){oneOf:4}.listen_port,"{""maximum"":65535,""minimum"":0,""type"":""integer""}",yes; conditional core requirements still apply,,https://github.com/SagerNet/sing-box/blob/v1.13.21/option/inbound.go#L68
$.services[] (Service){oneOf:4}.netns,"{""type"":""string""}",yes; conditional core requirements still apply,,https://github.com/SagerNet/sing-box/blob/v1.13.21/option/inbound.go#L72
$.services[] (Service){oneOf:4}.reuse_addr,"{""type"":""boolean""}",yes; conditional core requirements still apply,,https://github.com/SagerNet/sing-box/blob/v1.13.21/option/inbound.go#L71
$.services[] (Service){oneOf:4}.routing_mark,"{""$ref"":""#/$defs/FwMark""}",yes; conditional core requirements still apply,,https://github.com/SagerNet/sing-box/blob/v1.13.21/option/inbound.go#L70
$.services[] (Service){oneOf:4}.tag,"{""type"":""string""}",yes; conditional core requirements still apply,,https://github.com/SagerNet/sing-box/blob/v1.13.21/option/options.go#L23
$.services[] (Service){oneOf:4}.tcp_fast_open,"{""type"":""boolean""}",yes; conditional core requirements still apply,,https://github.com/SagerNet/sing-box/blob/v1.13.21/option/inbound.go#L76
$.services[] (Service){oneOf:4}.tcp_keep_alive,"{""$ref"":""#/$defs/badoption_Duration""}",yes; conditional core requirements still apply,,https://github.com/SagerNet/sing-box/blob/v1.13.21/option/inbound.go#L74
$.services[] (Service){oneOf:4}.tcp_keep_alive_interval,"{""$ref"":""#/$defs/badoption_Duration""}",yes; conditional core requirements still apply,,https://github.com/SagerNet/sing-box/blob/v1.13.21/option/inbound.go#L75
$.services[] (Service){oneOf:4}.tcp_multi_path,"{""type"":""boolean""}",yes; conditional core requirements still apply,,https://github.com/SagerNet/sing-box/blob/v1.13.21/option/inbound.go#L77
$.services[] (Service){oneOf:4}.type,"{""const"":""resolved""}",no in this branch,,https://github.com/SagerNet/sing-box/blob/v1.13.21/option/options.go#L23
$.services[] (Service){oneOf:4}.udp_fragment,"{""type"":""boolean""}",yes; conditional core requirements still apply,,https://github.com/SagerNet/sing-box/blob/v1.13.21/option/inbound.go#L78
$.services[] (Service){oneOf:4}.udp_timeout,"{""$ref"":""#/$defs/UDPTimeoutCompat""}",yes; conditional core requirements still apply,,https://github.com/SagerNet/sing-box/blob/v1.13.21/option/inbound.go#L80
$.services[] (Service){oneOf:5}.bind_interface,"{""type"":""string""}",yes; conditional core requirements still apply,,https://github.com/SagerNet/sing-box/blob/v1.13.21/option/inbound.go#L69
$.services[] (Service){oneOf:5}.cache_path,"{""type"":""string""}",yes; conditional core requirements still apply,,https://github.com/SagerNet/sing-box/blob/v1.13.21/option/ssmapi.go#L10
$.services[] (Service){oneOf:5}.detour,"{""type"":""string""}",yes; conditional core requirements still apply,,https://github.com/SagerNet/sing-box/blob/v1.13.21/option/inbound.go#L81
$.services[] (Service){oneOf:5}.disable_tcp_keep_alive,"{""type"":""boolean""}",yes; conditional core requirements still apply,,https://github.com/SagerNet/sing-box/blob/v1.13.21/option/inbound.go#L73
$.services[] (Service){oneOf:5}.listen,"{""type"":""string""}",yes; conditional core requirements still apply,,https://github.com/SagerNet/sing-box/blob/v1.13.21/option/inbound.go#L67
$.services[] (Service){oneOf:5}.listen_port,"{""maximum"":65535,""minimum"":0,""type"":""integer""}",yes; conditional core requirements still apply,,https://github.com/SagerNet/sing-box/blob/v1.13.21/option/inbound.go#L68
$.services[] (Service){oneOf:5}.netns,"{""type"":""string""}",yes; conditional core requirements still apply,,https://github.com/SagerNet/sing-box/blob/v1.13.21/option/inbound.go#L72
$.services[] (Service){oneOf:5}.reuse_addr,"{""type"":""boolean""}",yes; conditional core requirements still apply,,https://github.com/SagerNet/sing-box/blob/v1.13.21/option/inbound.go#L71
$.services[] (Service){oneOf:5}.routing_mark,"{""$ref"":""#/$defs/FwMark""}",yes; conditional core requirements still apply,,https://github.com/SagerNet/sing-box/blob/v1.13.21/option/inbound.go#L70
$.services[] (Service){oneOf:5}.servers,"{""additionalProperties"":{""type"":""string""},""type"":""object""}",yes; conditional core requirements still apply,,https://github.com/SagerNet/sing-box/blob/v1.13.21/option/ssmapi.go#L9
$.services[] (Service){oneOf:5}.tag,"{""type"":""string""}",yes; conditional core requirements still apply,,https://github.com/SagerNet/sing-box/blob/v1.13.21/option/options.go#L23
$.services[] (Service){oneOf:5}.tcp_fast_open,"{""type"":""boolean""}",yes; conditional core requirements still apply,,https://github.com/SagerNet/sing-box/blob/v1.13.21/option/inbound.go#L76
$.services[] (Service){oneOf:5}.tcp_keep_alive,"{""$ref"":""#/$defs/badoption_Duration""}",yes; conditional core requirements still apply,,https://github.com/SagerNet/sing-box/blob/v1.13.21/option/inbound.go#L74
$.services[] (Service){oneOf:5}.tcp_keep_alive_interval,"{""$ref"":""#/$defs/badoption_Duration""}",yes; conditional core requirements still apply,,https://github.com/SagerNet/sing-box/blob/v1.13.21/option/inbound.go#L75
$.services[] (Service){oneOf:5}.tcp_multi_path,"{""type"":""boolean""}",yes; conditional core requirements still apply,,https://github.com/SagerNet/sing-box/blob/v1.13.21/option/inbound.go#L77
$.services[] (Service){oneOf:5}.tls,"{""$ref"":""#/$defs/InboundTLSOptions""}",yes; conditional core requirements still apply,,https://github.com/SagerNet/sing-box/blob/v1.13.21/option/tls.go#L81
$.services[] (Service){oneOf:5}.type,"{""const"":""ssm-api""}",no in this branch,,https://github.com/SagerNet/sing-box/blob/v1.13.21/option/options.go#L23
$.services[] (Service){oneOf:5}.udp_fragment,"{""type"":""boolean""}",yes; conditional core requirements still apply,,https://github.com/SagerNet/sing-box/blob/v1.13.21/option/inbound.go#L78
$.services[] (Service){oneOf:5}.udp_timeout,"{""$ref"":""#/$defs/UDPTimeoutCompat""}",yes; conditional core requirements still apply,,https://github.com/SagerNet/sing-box/blob/v1.13.21/option/inbound.go#L80
